class,embedding
Daniela,"[-0.02231352 -0.04415258  0.00156009  0.01268686  0.08607077  0.034309
  0.05864073  0.0099131   0.00957198 -0.0079209   0.02731413  0.01553594
  0.11973096  0.01668237 -0.07074326  0.03279346  0.0755653   0.08502424
  0.06396983  0.0029523   0.02275352 -0.05481471  0.05317953 -0.02399532
  0.01895659 -0.02604556  0.05355576 -0.04137047 -0.01489635  0.03625296
  0.01432134 -0.01737993 -0.05238651 -0.02014123  0.01339814 -0.08314066
  0.01188011 -0.05022302 -0.0446384  -0.04334179 -0.0513453   0.03155126
 -0.04127029  0.02515559 -0.00236182  0.01853418  0.01126132 -0.02362735
 -0.00282828 -0.04550564 -0.11643302 -0.04629628  0.02262677  0.0544856
 -0.07591583 -0.07995423  0.00618628  0.00906305 -0.05302384 -0.01854237
  0.03447956 -0.0125559   0.00479388  0.07115089 -0.01432449 -0.03438678
 -0.01392377 -0.05826471  0.03247486  0.01363521 -0.04561692 -0.07007066
  0.05483514  0.01989382 -0.01952752  0.07027835  0.04814    -0.00401362
  0.02462385 -0.05870229 -0.00175591  0.00936105  0.01813024 -0.01852748
  0.01596932  0.0605456   0.0294563   0.04267396  0.03443321 -0.04375438
 -0.05967741 -0.00187692 -0.03547753  0.08826821  0.07232308 -0.01964923
 -0.03772651 -0.0346783  -0.04467329  0.03233354 -0.02301069 -0.00073132
 -0.02107157  0.01885784 -0.01199518 -0.03684334 -0.03720314 -0.0094763
  0.03129731 -0.02163748 -0.02666336  0.03787973 -0.09396127 -0.07090961
 -0.05130683 -0.0040738  -0.06684873  0.0867297   0.06470696  0.06994505
  0.08551516 -0.07408015  0.01695321 -0.04548267 -0.00209028  0.02205065
  0.00106476  0.05151268 -0.01536845 -0.04143852  0.033385   -0.00432587
 -0.03882025  0.0482382   0.05831508  0.05140236 -0.01127696 -0.05226737
 -0.04846804 -0.0488668  -0.07868553  0.08522256 -0.05876555  0.04403845
 -0.02535356 -0.01383621  0.03910992  0.01269162  0.08515416  0.01891306
 -0.00518512 -0.00887498  0.06587718  0.08237651  0.01514178  0.02006033
 -0.05005876  0.01131923  0.05743821 -0.01585355 -0.06306688  0.07421485
 -0.04084046  0.06592902  0.03112467  0.02425588 -0.02137977  0.02323452
  0.04701016  0.00673209  0.0550282  -0.03091281 -0.03453812  0.017423
 -0.05237572  0.02881522 -0.08053931  0.02531711  0.01850085  0.03707848
  0.01839302  0.04191392  0.0118782   0.05197827  0.04514062 -0.01628428
  0.01752514 -0.02174166 -0.01440707 -0.11776908 -0.02477132 -0.01059581
 -0.05369649 -0.05780974  0.0510474  -0.05023119 -0.043384   -0.01927161
  0.07526556  0.08930387  0.111639   -0.02588449 -0.02411207  0.02816832
 -0.02819168  0.11321944 -0.06150409 -0.03999097  0.04395669 -0.09172321
  0.00239725 -0.02438578 -0.00791731  0.01681391 -0.00975977 -0.00624156
  0.04093642  0.05802196  0.08619255  0.01904457  0.02765735  0.02182329
  0.03515711 -0.00669008  0.0587524   0.01598245 -0.0207712  -0.00161417
 -0.01719006 -0.06352434 -0.02831022  0.05736485  0.06191427  0.04397267
  0.02143587  0.05393018  0.05887713 -0.09076598  0.00311457  0.06077749
  0.01780151  0.0117211  -0.01853316  0.05709    -0.00703882 -0.03768451
 -0.05298435 -0.06183736 -0.01856539  0.05426141  0.02976275 -0.04704013
  0.04039547  0.03576041 -0.03493971 -0.03546045  0.01316394 -0.00359752
 -0.0262364  -0.08587955 -0.06826285  0.0228817   0.01215845  0.04479596
 -0.05632206  0.01555405  0.05389856 -0.09930625  0.00513078 -0.0162266
  0.03622298 -0.00816247  0.05290247 -0.01669093 -0.03100042  0.01671155
 -0.02682303 -0.00870515 -0.01403668 -0.0616882   0.03312112  0.00687047
  0.0229392   0.08670163  0.00577592 -0.01249317  0.0414048  -0.06430353
  0.01165823 -0.02873019 -0.01683907 -0.04878299 -0.04317963  0.00381263
  0.04924527 -0.02967435  0.02039986  0.03401122  0.00821854  0.00196273
  0.08716002  0.04618424  0.00419855  0.08337855 -0.02700977  0.06094163
 -0.10724076 -0.00374404 -0.06655539 -0.00791833  0.00160734  0.00734077
  0.01355049 -0.03966004 -0.01231723  0.03455109  0.07942338  0.06230544
  0.05920834 -0.07131635  0.00377521 -0.00759764  0.02813832 -0.0620444
 -0.04174573  0.04854716  0.08492948  0.00271909  0.05674227 -0.10897841
  0.0108311   0.00693533  0.04232896 -0.01207578  0.02441123  0.03180356
  0.07749242 -0.02705988 -0.00957414 -0.04191813  0.03096634  0.04584767
 -0.01227466 -0.01558104 -0.0455347   0.06521384 -0.00817932  0.00166635
 -0.0564539  -0.03882312  0.04726814  0.00619448  0.03633837  0.01080624
  0.02201135  0.0054727   0.06655968  0.00462841  0.0070641   0.0207984
  0.00711971 -0.01340157  0.04059008  0.07672126  0.06716567  0.00300444
  0.02239482 -0.04314379  0.03134289  0.09751404 -0.03194686  0.07929543
  0.03773282  0.02035806  0.00469217 -0.02496542  0.0307842  -0.00901679
  0.00159358 -0.00327914  0.04694647 -0.0006971   0.03952046 -0.01658697
  0.00191046  0.08586307 -0.0364638   0.03018829  0.04891734  0.02235716
 -0.05225985  0.04105991 -0.02223615 -0.00311972  0.03447425  0.07844893
  0.01324906 -0.00828103 -0.01741531 -0.0707112  -0.01419509 -0.04171496
  0.01835414  0.01452045  0.06956369  0.00107877 -0.0195118   0.09678163
  0.00294812 -0.05804653  0.07564054 -0.01456407 -0.0309337   0.01506482
 -0.02236193  0.00197301  0.00198896 -0.03079635  0.02128129  0.08828522
 -0.00858768 -0.04396451  0.02191921  0.05165361 -0.01869305  0.05511736
 -0.03999671 -0.00196137 -0.04549726  0.02505201  0.00409542  0.0200333
 -0.02776238  0.14833303  0.04045269 -0.01546158 -0.01584286 -0.02390212
  0.058879   -0.05246106 -0.0143264  -0.06652719  0.04238745  0.04652291
  0.06424578 -0.04040488 -0.04080674  0.02193684  0.03994635  0.06214246
 -0.00780064  0.00498319  0.00496249 -0.04911188  0.04921286  0.03177664
 -0.09946404  0.03476177 -0.04891354  0.03745937  0.06624113  0.05983857
 -0.01797487 -0.00594977  0.00379173  0.03679562 -0.01423282  0.02270133
  0.03718698 -0.03225647 -0.00524961 -0.05368872 -0.04620782  0.02782116
  0.02800167  0.03051327 -0.05525966  0.0127904  -0.06582949 -0.05638387
  0.00765193 -0.03398149  0.01368995 -0.05663669 -0.04726084  0.04762609
 -0.00374066  0.00259198  0.0186789   0.0118939   0.04978346 -0.00984644
 -0.0533164   0.04940693  0.04945076 -0.05950161 -0.02264273  0.02540287
  0.03604392  0.05462723  0.01909005 -0.04449397  0.01719054 -0.02512632
  0.00249786  0.02424381  0.03032688 -0.00522452 -0.03284746 -0.0187823
 -0.05589015  0.04524809]"
Daniela,"[-3.17973346e-02 -2.10824925e-02 -1.44672049e-02 -4.65495419e-03
  3.87264900e-02  7.28769451e-02  1.64627023e-02 -1.79406423e-02
  2.99573746e-02 -2.76480243e-02  2.94295289e-02  5.35954311e-02
  1.03685491e-01  4.66609327e-03 -7.27157444e-02  3.37464325e-02
  8.50525200e-02  4.02007811e-02  8.22727159e-02 -2.50745919e-02
  1.40858507e-02 -3.26012298e-02  5.92889301e-02 -6.73452392e-02
  8.88266973e-03 -2.24842243e-02  3.26319896e-02 -4.87828180e-02
 -5.55346943e-02  3.67602855e-02  5.82260638e-03 -4.46059741e-02
 -6.87292591e-02  3.73938940e-02 -1.47623476e-03 -2.76125632e-02
  5.37965372e-02 -4.26163040e-02 -4.09658402e-02  2.72033643e-03
 -6.54276740e-03 -1.18926645e-03  5.78000210e-03  1.93329807e-02
 -4.40971442e-02 -1.05416039e-02 -2.46614101e-03 -2.49821283e-02
 -3.86502221e-02 -6.68025762e-02 -9.55315307e-02 -9.16604139e-03
 -2.41068844e-03  2.29022838e-02 -4.97926474e-02 -8.39782730e-02
  6.35384535e-03 -4.01984993e-03 -2.27514971e-02 -3.43262292e-02
  5.62709309e-02  3.60607840e-02 -9.57933837e-04  7.55581409e-02
 -2.20931810e-03  2.49667768e-03  2.13792883e-02 -6.94702268e-02
  1.52041772e-02  9.52687860e-03 -4.93532829e-02 -7.90535808e-02
  5.72438277e-02  1.57760140e-02 -7.53068365e-03  2.74030846e-02
 -6.89220568e-03 -1.82301756e-02  2.38457974e-02 -9.14950669e-02
 -1.62264761e-02 -2.34390292e-02 -8.39285832e-03 -4.93472442e-02
 -7.25074718e-03  7.37054795e-02 -2.34636068e-02  1.15463464e-02
 -1.88564900e-02 -5.97293898e-02 -3.98110552e-03 -1.25543156e-04
 -5.97242825e-02  3.36090848e-02  5.29201254e-02  1.97213087e-02
  3.10892556e-02 -1.58228166e-02 -1.66452602e-02  1.42895160e-02
 -5.38206846e-03 -3.39366496e-02 -3.21731642e-02 -1.03551208e-03
 -4.78432477e-02 -3.54797840e-02 -9.26275179e-03 -3.60583179e-02
 -1.64206550e-02 -4.64980549e-04 -1.62336063e-02  1.65009890e-02
 -4.74572219e-02 -3.09298411e-02 -2.10239217e-02 -2.42996737e-02
 -5.72986975e-02  7.34988824e-02  7.06001744e-02  6.90643564e-02
  1.24053098e-02 -4.13921997e-02  9.32526682e-03 -4.02418822e-02
 -5.45391021e-03 -7.61791691e-03  7.21134106e-03  9.07736123e-02
 -4.37579006e-02 -3.62332352e-02 -1.09406710e-02  6.24769926e-03
 -1.10914167e-02  2.15894766e-02  1.42376190e-02  5.83363995e-02
 -3.47123034e-02 -5.79140298e-02 -6.58565247e-03 -2.19444502e-02
 -6.24045432e-02  5.34670912e-02 -1.25119125e-03  7.11694509e-02
 -4.86087650e-02 -7.78104365e-02  3.11147161e-02  4.20458429e-02
  6.95674941e-02  5.33807836e-02  1.36168795e-02 -3.74948373e-03
  4.51620109e-02  6.30815774e-02  7.06823394e-02  3.76364850e-02
 -3.31037771e-03 -2.34987354e-04  7.13735819e-02  4.00259625e-03
 -8.35932326e-03  7.41876587e-02 -1.43231116e-02  8.46564546e-02
  2.62690596e-02  7.50911906e-02 -2.62547955e-02 -2.90572140e-02
  4.43847962e-02  2.16522031e-02  3.64059880e-02  1.34236719e-02
  1.75027866e-02  4.77033444e-02 -3.64962667e-02 -1.19906822e-02
 -5.98233826e-02  1.91646572e-02  8.45596567e-03  3.34267206e-02
 -1.45160304e-02  1.77922531e-03 -1.69298903e-03  5.01691252e-02
 -4.53494936e-02  2.13569701e-02  2.50102319e-02  6.37557507e-02
  4.48146909e-02 -7.49404728e-02 -1.00313304e-02 -6.12362986e-03
 -5.14635220e-02 -4.02566865e-02 -8.19695089e-03 -4.90462072e-02
  3.87106054e-02  3.30070704e-02  5.11850677e-02  4.85854894e-02
  7.23494589e-02 -6.90375715e-02 -1.51164643e-02  1.94828417e-02
  1.37265597e-03  1.08537517e-01 -4.40674126e-02 -3.56166363e-02
  3.27550285e-02 -8.90557393e-02 -1.42814117e-02  1.04291290e-02
  5.08369282e-02  1.57849453e-02  1.15560610e-02 -6.82083219e-02
  4.41967249e-02  4.27439390e-03  5.21644168e-02  3.07259262e-02
  1.01319375e-03 -4.99885380e-02  4.91742864e-02 -3.93343493e-02
  9.59826633e-02  2.11120564e-02 -1.63277611e-02 -8.79339650e-02
 -1.09923799e-02 -7.35624209e-02  3.61925624e-02  1.40141070e-01
  4.73290272e-02  4.93462496e-02  3.56644988e-02  2.42651198e-02
  9.99899656e-02 -9.91650820e-02 -1.63615458e-02  2.87188441e-02
  2.77103912e-02  2.33318470e-02 -1.42477313e-02  5.92968948e-02
 -7.48453587e-02 -6.91922987e-03  1.90160275e-02 -2.79024821e-02
 -5.29531650e-02  3.92441489e-02 -2.93478426e-02 -7.48397633e-02
  6.98695928e-02  1.77838393e-02 -1.59232803e-02 -4.68542054e-02
 -6.23219600e-03 -6.92163110e-02 -1.16545670e-02 -5.60253039e-02
 -4.14362065e-02  4.34131585e-02  7.61746662e-03  3.29995016e-03
 -7.82097280e-02  7.32947737e-02  2.20561419e-02 -9.93963629e-02
 -4.02412340e-02 -6.29191101e-02  7.89783970e-02  5.29181473e-02
  3.20793204e-02 -2.25913562e-02 -2.61602476e-02  2.74252649e-02
 -1.96464453e-03 -3.36306468e-02  4.05612066e-02 -5.85030578e-02
  5.22118211e-02 -1.09689301e-02  5.33337072e-02  6.87607378e-02
 -3.21676284e-02 -4.09840755e-02 -6.85331039e-03 -4.97837998e-02
  5.09194769e-02  5.95014878e-02  1.40942223e-02 -3.64480987e-02
 -3.59108523e-02  3.63584496e-02  3.24885175e-02 -3.91565971e-02
 -1.46092502e-02  4.34610322e-02  3.40165608e-02  5.43127535e-03
  5.86910285e-02  5.19706309e-02 -2.74710692e-02  8.26699957e-02
 -6.87488681e-03  5.04250005e-02 -9.48890522e-02  1.37402695e-02
 -2.15743687e-02  6.72926567e-03  1.58169474e-02  4.60009044e-03
  2.74335593e-02 -7.20811561e-02  1.49457557e-02  1.23799909e-02
  7.52902776e-02  4.67731282e-02  3.71714793e-02 -3.65573354e-02
  4.40929644e-02 -3.27643030e-03 -2.41679568e-02 -4.18199487e-02
 -6.50199875e-02  7.88642913e-02  9.42664668e-02 -8.63069727e-04
  5.27297333e-02 -1.44492853e-02  1.87620036e-02 -5.91683108e-03
 -2.08725166e-02 -1.83290951e-02 -7.89470691e-03  3.81184742e-02
  4.94414084e-02 -3.28990854e-02  4.49322201e-02 -5.34378504e-03
  2.89396495e-02 -2.70078853e-02  3.26380180e-03 -1.33521790e-02
 -8.11687708e-02  3.93349379e-02  4.48820554e-03 -7.40526170e-02
 -7.01751113e-02 -5.32236807e-02 -4.78492714e-02  1.04086939e-02
  7.06372336e-02  3.43218632e-03  2.27586310e-02 -2.47569792e-02
  1.09322987e-01  8.37689382e-04 -1.90231763e-02  7.00964686e-03
  2.09063273e-02 -1.89785901e-02 -1.12688635e-02  2.04228014e-02
  8.18716884e-02  2.56698448e-02  9.18028317e-03 -1.54804885e-02
 -4.60833218e-03  8.29161480e-02 -3.86012867e-02  6.96890727e-02
  1.94675662e-02  6.34472519e-02 -8.70824698e-03 -3.41919214e-02
  4.55269739e-02 -4.40923264e-03  3.97625426e-03  6.74515497e-03
  3.36156338e-02 -4.00056178e-03  7.13679865e-02 -5.35326153e-02
  4.19223830e-02  6.25466332e-02 -1.12376008e-02  2.82121580e-02
  6.57786280e-02  3.92293446e-02 -2.23974939e-02  7.44208768e-02
  2.47265901e-02  6.79457262e-02 -2.02075578e-02  7.90304840e-02
 -1.78537332e-02  3.57089788e-02 -4.28170152e-02 -4.57444489e-02
  1.68068185e-02 -5.33073023e-02  1.57350209e-02  4.26264815e-02
  6.44631609e-02 -1.49077573e-03 -1.46768466e-02  1.11422323e-01
  7.73282535e-03 -4.46787439e-02  3.86173092e-02 -3.49830016e-02
  9.24379565e-03  5.21285757e-02 -2.18226351e-02 -6.51625358e-03
  2.05716752e-02 -4.67342995e-02  2.44788136e-02  3.70277949e-02
 -3.00083142e-02 -1.62105504e-02  5.16863354e-02  3.59136201e-02
 -1.01125464e-02  6.38318807e-02 -2.16061324e-02  1.83298085e-02
 -6.81989454e-03  3.37247476e-02 -8.00768845e-03  3.27561349e-02
  1.24006942e-02  1.04130238e-01  9.06664804e-02  6.73046848e-03
  2.01273500e-03 -2.67196465e-02  1.50124114e-02 -2.23744232e-02
  8.23131483e-03 -2.42090877e-02  9.15831104e-02  9.11688581e-02
  7.62347206e-02 -3.31329815e-02 -4.28190678e-02 -5.29375218e-04
  4.87254485e-02  5.21640293e-02 -6.53399900e-02  5.57239540e-03
 -1.41130360e-02 -7.38918036e-02 -8.35862104e-03  2.46759523e-02
 -7.27236867e-02  2.74753328e-02 -3.15059833e-02  8.96172132e-03
  7.68853948e-02  7.28323460e-02  1.48308119e-02 -2.72254203e-03
 -4.32286933e-02 -2.54400615e-02 -3.61141656e-03  5.71898855e-02
  2.72824820e-02 -6.46716740e-04  3.27752531e-02 -4.65798751e-02
 -8.99654813e-03  5.99198081e-02  2.96672489e-02  7.76621187e-03
 -4.45245206e-02 -1.02394456e-02 -4.57477383e-02 -4.65554185e-02
 -2.13043392e-02 -3.99624333e-02  5.27816936e-02 -2.07105149e-02
 -3.69842462e-02  8.11888948e-02 -3.35878320e-03  2.65893005e-02
 -3.11922058e-02  1.23668974e-02  7.28164166e-02 -4.63483995e-03
 -3.75209004e-02  7.00474083e-02  5.24116494e-02 -1.99331669e-03
  2.13881768e-02  2.37363875e-02  8.39792490e-02  6.96308091e-02
  3.08244526e-02  9.33839381e-03  1.72075932e-03  9.38449055e-03
 -3.38098593e-02  3.75988185e-02  3.05024330e-02 -4.85084467e-02
 -4.95710075e-02  6.70603989e-03 -5.86278439e-02  1.04707181e-01]"
Daniela,"[ 0.01156015 -0.06750032 -0.01881956 -0.01399261  0.03536186  0.05005339
  0.03104615 -0.01363604 -0.01147453 -0.00498701  0.04485923  0.02787881
  0.10929511 -0.04039699 -0.06521351  0.04163418  0.09688053  0.05954084
  0.07236841  0.02149806  0.03891794 -0.00930293  0.07341422 -0.04697191
 -0.00578149 -0.02439288  0.0510915  -0.04951968 -0.06897451  0.02828205
 -0.00439199 -0.01742149 -0.073559    0.0278376  -0.01631017 -0.04110263
  0.04047228 -0.01494382 -0.02255146 -0.04595073 -0.01316583  0.02942705
  0.01621631  0.02076161 -0.04553968  0.01267212  0.01661926 -0.01900924
 -0.07423551 -0.03905225 -0.09101918  0.00271748  0.04974259  0.08826122
 -0.04385546 -0.08815105  0.03825504  0.03571164 -0.03652152 -0.00711762
  0.0674699   0.0127575  -0.01518499  0.05525974  0.01291823 -0.01277721
  0.0410388  -0.07346393  0.04883807  0.03845856 -0.04719501 -0.09670353
  0.07080867  0.01852785 -0.0415315   0.04722329 -0.01847208 -0.00784293
  0.01538549 -0.08591083 -0.02291019  0.01612745 -0.01532488 -0.05412306
 -0.022716    0.06627869 -0.01842966  0.01307777 -0.0322496  -0.05169983
 -0.04925895  0.00246435 -0.07987221  0.06718949  0.02804221 -0.00976178
  0.01360589 -0.02410412 -0.04501995  0.00561678 -0.07563893 -0.02352645
 -0.06260438 -0.00474735 -0.00523333 -0.04521695 -0.00757627 -0.02501823
 -0.02634078 -0.00026613 -0.03580117  0.00193477 -0.06964237 -0.07623888
 -0.00034673  0.01305551 -0.04056556  0.06635728  0.05704685  0.04576182
  0.01710564 -0.06112039  0.0305616  -0.03283907  0.00724696  0.04383004
 -0.00067382  0.0565937  -0.03493205 -0.05093142 -0.00879888  0.01831525
 -0.04825321  0.01732672  0.00119336  0.04222545 -0.04996808 -0.02936677
 -0.01378475 -0.06363306 -0.07051073  0.00809678 -0.00336114  0.05585992
 -0.09080536 -0.05462984  0.05712671 -0.00643438  0.06391618  0.05792752
  0.00339336 -0.03189593  0.00981788  0.0560585   0.04914279  0.02951673
 -0.03372341  0.02105     0.05896534  0.02291763 -0.02001668  0.06232468
 -0.01039927  0.04932956  0.01976708  0.05702965 -0.0662733  -0.02694754
  0.07559185  0.0006638   0.0314572  -0.01801822 -0.00752665  0.02574731
 -0.02618266  0.02291196 -0.04372127  0.04928071  0.02957894  0.02501379
 -0.02932648  0.03482268  0.02719723  0.01230336  0.0043537   0.01349785
  0.04243397  0.0498831   0.02623146 -0.09376791 -0.00484218 -0.03812897
 -0.05769835 -0.02490016  0.01454617 -0.02994744  0.0080201   0.01802738
  0.03122238  0.07117066  0.11470319 -0.02823265 -0.02825478  0.01631648
 -0.03647443  0.1269318  -0.05887432 -0.03043489  0.00594264 -0.08413643
  0.01188821  0.03979705  0.00485387  0.01706685 -0.03431564 -0.03401511
  0.08960114  0.01118991  0.04548156  0.03023695 -0.00518066 -0.04060332
  0.05656129 -0.02651116  0.08849462  0.00319844 -0.02679353 -0.01041634
  0.01130635 -0.07644773  0.02065367  0.10185967  0.08837964  0.03919198
  0.0291603   0.01841439  0.05377272 -0.10863873  0.00735994  0.02040027
  0.04158534 -0.00163215 -0.03446623  0.06063386 -0.0237498  -0.01110725
 -0.02856187 -0.04797902 -0.03921603  0.0197188  -0.00278808 -0.04157669
  0.05535451  0.00317146  0.00313032 -0.05212258  0.00074739 -0.05793931
 -0.04154121 -0.06486581 -0.03655492 -0.02063354 -0.02582143  0.03586025
 -0.11402581  0.04688674  0.03654382 -0.10276985 -0.00870695 -0.00624094
  0.05242554  0.05182404  0.03534308 -0.04975805 -0.04187167  0.07001741
 -0.01537245 -0.02556095  0.01926342 -0.06610964  0.03628337  0.00752719
  0.04070809  0.0501651  -0.01325049 -0.0059727   0.02989778 -0.07488932
  0.01387886  0.02985669  0.00465102 -0.01695047 -0.02201678  0.05393445
  0.04470109 -0.0268831   0.00800391  0.0620405  -0.00193314 -0.0221203
  0.0908016   0.04878506 -0.02182467  0.08727626 -0.00459448  0.04606013
 -0.11036033 -0.00603998 -0.04087481 -0.01641585  0.05139839 -0.01743305
  0.00359325 -0.03625241 -0.01036752  0.03127876  0.05050147  0.04814327
  0.06759942 -0.03464431  0.0226298  -0.00476155  0.00412096 -0.00710111
 -0.04488117  0.08051851  0.0671249  -0.01762385  0.0378241  -0.05272107
  0.00863386 -0.01243766  0.01639996 -0.03152337  0.04787366  0.0378161
  0.09357274 -0.06610389  0.0317106  -0.00225813  0.02917386 -0.01331402
 -0.02448625 -0.02458513 -0.06943092  0.01356751  0.01092149 -0.04083127
 -0.05005096 -0.02799793  0.00392826  0.05586724  0.04480999 -0.0059116
  0.01175354  0.02016397  0.07967113 -0.01350396 -0.02869616  0.05561035
  0.06247754 -0.03239131  0.00935869  0.01936867  0.05113675  0.041813
  0.00611851 -0.029957    0.03518397  0.04643037 -0.06339009  0.08665088
  0.00855113  0.01803169  0.0211832  -0.00051297  0.0124172  -0.03251883
  0.02470975 -0.00600422  0.06594632  0.01234589  0.07663739 -0.05128029
  0.034752    0.05970206  0.01794999  0.02489954  0.06941567  0.02826157
 -0.01837     0.04506872 -0.01769175  0.05507093 -0.01879891  0.07778119
 -0.02359121  0.02073727 -0.01436328 -0.05164005 -0.00856346 -0.03032807
  0.04656721 -0.00686064  0.05990236 -0.02344359 -0.01263133  0.1028841
  0.00276198 -0.05574148  0.09121353 -0.02524099 -0.01669802  0.0380188
 -0.05982768 -0.00464072 -0.00477908 -0.04479503  0.05755221  0.03198715
 -0.0304611  -0.03160136  0.01200547  0.05974016 -0.01831357  0.02786619
 -0.00898099 -0.00135921 -0.00326897  0.04140642 -0.0111015   0.04016067
  0.02241275  0.0878351   0.06320404 -0.00535124  0.01041115 -0.02470157
  0.03924952 -0.03926447 -0.01701911 -0.03387167  0.06588235  0.06650652
  0.06587499 -0.04691396 -0.03046733  0.03368203  0.03517265  0.0398547
 -0.05059301  0.00873976 -0.02536728 -0.08040463 -0.00064096  0.01239038
 -0.04967405  0.03922301 -0.05712231  0.02252039  0.05215039  0.04532143
  0.01089131  0.03935826 -0.03561785  0.01636891 -0.01482935  0.05244949
  0.01723532  0.00347488  0.06074375 -0.03462249 -0.03040205  0.06287282
 -0.01834267 -0.00705114 -0.03075324  0.03125845 -0.11099477 -0.07641297
 -0.02217546 -0.07919038  0.07787254 -0.07021441 -0.03781068  0.06311774
  0.02470935  0.02684971 -0.00562128 -0.00154567  0.06299382 -0.03362529
 -0.04076276  0.07921039  0.02603609 -0.01470718  0.04071581  0.02848278
  0.04992899  0.07568896  0.01586043 -0.01936088 -0.01437273  0.04728416
 -0.00893413  0.00554867  0.0536553  -0.03051929 -0.05830254  0.03430703
 -0.07308702  0.04720699]"
Daniela,"[-0.04747344 -0.00822561  0.00520194 -0.01817853  0.02050258  0.05513027
  0.05402292 -0.01382997 -0.01474561  0.0102735   0.05753553  0.02075843
  0.07306041 -0.00898786 -0.09024969  0.02607511  0.04849369  0.01381379
  0.08531743 -0.05969979 -0.01067519 -0.05103261  0.0347312  -0.08003385
  0.00646279 -0.04189116  0.03646422 -0.07834049 -0.02892868 -0.04156302
 -0.00637661 -0.03729257 -0.04914106  0.06255472 -0.01072665 -0.03789166
  0.05901374 -0.07238093 -0.02200483 -0.03184229 -0.00373292 -0.01258835
  0.04387221  0.05174293 -0.00494648  0.01467258 -0.02196096 -0.02275109
  0.00474566 -0.05548949 -0.05913657  0.02267236 -0.0065207   0.01396535
 -0.02316635 -0.08426668  0.00021203 -0.01784958 -0.07430579 -0.0076055
  0.03448402  0.02998227  0.01594248  0.07801319 -0.00064656 -0.03450896
 -0.00065013 -0.02849036  0.0078323  -0.00851464 -0.01683521 -0.07853788
  0.07257362  0.03835265 -0.0157355   0.05334131  0.03767618 -0.01569912
 -0.01046736 -0.0852958  -0.03175237  0.02283118 -0.04739533 -0.01774384
 -0.00355158  0.10391007  0.01986195 -0.01762491  0.04572698 -0.02465664
 -0.03339361 -0.00441768 -0.09490027  0.04420135  0.02015458  0.04369314
 -0.02407258  0.00296051 -0.03824595  0.00200349  0.01084028 -0.05146733
 -0.02549335 -0.02652226 -0.10747598 -0.04726147  0.01074444 -0.02352764
 -0.03855677 -0.04178248 -0.00294719 -0.00863692 -0.02990349  0.01151495
 -0.03509193  0.00913666 -0.06936467  0.07073138  0.08926813  0.08520187
  0.03149076 -0.069101    0.04967329 -0.0139975  -0.03103129 -0.00825662
  0.01015765  0.11003084  0.00117681 -0.01728202 -0.01475735 -0.01854271
 -0.03150136  0.05240503  0.02331769  0.04989634 -0.03532168 -0.06232414
 -0.05890196 -0.00874503 -0.06853034  0.05652615  0.01278244  0.01788265
 -0.08323307 -0.0515485   0.05704659  0.07422841  0.08915737  0.03873204
  0.03801646  0.02968829  0.02010921  0.03503344  0.04420815  0.06083343
 -0.02679568 -0.00845377  0.08864915  0.01223208  0.00509761  0.05298603
 -0.03387511  0.05397079  0.02611232  0.03091173 -0.01868906  0.02053753
  0.02644022  0.04837179  0.04416975  0.02007076 -0.01608367 -0.00024152
 -0.06512434 -0.00770344 -0.05029701  0.03736036  0.0170143   0.02995037
  0.00490228  0.03339287  0.03341501  0.0413397  -0.05628486 -0.02727355
  0.01909456  0.00663111  0.01328294 -0.06235109 -0.00466434  0.02754127
 -0.05367299 -0.04972074 -0.00880993 -0.08650655  0.01565554 -0.00849343
  0.02913407  0.04906957  0.05586235 -0.0667045  -0.01067694  0.02615364
 -0.0259941   0.082974   -0.0491982  -0.03757017  0.00160394 -0.068502
  0.00902525 -0.00162379  0.04116471 -0.00150691 -0.02160795 -0.07562176
  0.03163351  0.01381864  0.07832029  0.05547196  0.05603578 -0.02637317
  0.09362711 -0.02910503  0.07509699  0.02898764 -0.0025901  -0.07179408
 -0.01622698 -0.06156757  0.03586387  0.12130283  0.03218109  0.09322434
  0.010546    0.02391527  0.09740897 -0.11101744  0.00118759  0.06663461
  0.0085746   0.00476577 -0.04792533  0.06353777 -0.05956208 -0.05065113
 -0.0163404  -0.03952532 -0.00610988  0.02228109 -0.03404699 -0.0703273
  0.06227753  0.04054035 -0.05878061 -0.03552731 -0.01074373 -0.04358165
 -0.0046192  -0.0430435  -0.0332728   0.06414035 -0.00279842  0.00920791
 -0.07844733  0.08103362  0.02947757 -0.14045304 -0.00353001 -0.03626174
  0.07352543  0.04804013  0.02149636 -0.02528862  0.00579647  0.01903522
 -0.04384833 -0.02095953  0.04544328 -0.00978596  0.01198773 -0.0032982
  0.0437423   0.02119205 -0.02683079 -0.02229282 -0.00295162 -0.01405717
  0.06677093  0.0373304   0.05050748 -0.00536789 -0.0492788   0.03195382
  0.03968506 -0.003421   -0.01319242  0.05271408  0.02270596  0.00993538
  0.00696323  0.05638906 -0.01060712  0.05979945  0.03695882  0.01369635
 -0.07792439  0.03599772 -0.0301987  -0.01166843  0.00692165 -0.00878861
  0.00782752 -0.06549639  0.05333857 -0.01331447  0.11464044  0.00038261
  0.05843443 -0.03192791  0.06346564  0.01783236 -0.00447788 -0.070282
 -0.00049937  0.04165949  0.1159307   0.00436937  0.04178788 -0.04060274
 -0.00809559  0.01035766 -0.03571042  0.05287784  0.02676159  0.05508152
  0.0521083  -0.01546162  0.00476922 -0.01498985  0.02426665  0.00410584
  0.05123146 -0.02704624 -0.08493039  0.0458645   0.00952184 -0.08141162
 -0.03652849  0.00077992 -0.035545   -0.01560867  0.05570981  0.06518314
  0.03504857 -0.02920272  0.09289068  0.0165477  -0.01833031 -0.01418806
  0.03966163 -0.06046528  0.01604383  0.03512703  0.05104864  0.00252777
  0.02114364 -0.00688893 -0.01636583  0.06717266  0.01296766  0.06611578
  0.01059955  0.04335613 -0.03999865 -0.00536958  0.04477896 -0.0092577
  0.00857436  0.01129961  0.03672028  0.04349708  0.05369484 -0.03380936
  0.03423405  0.05359229 -0.03914015  0.04801337  0.04296523  0.00654619
 -0.03483931  0.04326909  0.01136616  0.02920402  0.00644465  0.02856924
 -0.04004876  0.01144013 -0.05163092 -0.01473196  0.01583531 -0.09097834
  0.00098255  0.03959528  0.03101569  0.01522962  0.04070163  0.12424143
  0.04522545 -0.04994214  0.03266341  0.00531199 -0.01783683  0.06118772
 -0.00435974 -0.03855563 -0.02634119  0.00037332 -0.00453313  0.0901003
 -0.0408847   0.00666865  0.04547593  0.01119338  0.00494845  0.07081707
 -0.01043927  0.03068509  0.02924298  0.00302601  0.01160458  0.04409241
  0.0261158   0.09628322  0.03791739 -0.01723628 -0.00716103 -0.0591326
  0.00503117 -0.02558222 -0.00544809 -0.0178695   0.06907684  0.04406814
  0.04320437 -0.03846347 -0.01094717  0.03611109  0.03823936  0.0093164
 -0.04670438  0.02189577  0.01534354 -0.09272975 -0.05421235  0.01672817
 -0.07308258  0.05262275 -0.04519144  0.01787786  0.06355952  0.07222679
  0.03718812  0.02024368 -0.05548807 -0.01997382  0.02652537  0.07361263
  0.01164723 -0.02880937  0.05329752 -0.02534147  0.00158783  0.04582284
  0.02539445  0.01666993 -0.03262192  0.04156348 -0.05390349 -0.07431105
 -0.0329539  -0.04256989  0.05185402  0.00373924 -0.07946643  0.06268727
 -0.01566862  0.03321942 -0.04736266  0.00292562  0.03120855  0.00309628
 -0.02424266  0.01072075  0.04550002 -0.04541891 -0.0031742   0.01278642
  0.07239786  0.04838497  0.01230002  0.00105393 -0.02164283  0.03231623
 -0.02731202  0.03720877 -0.01068595 -0.03453072 -0.06636181 -0.06437918
 -0.06788542  0.09309693]"
Daniela,"[ 0.00949555 -0.0426599  -0.03898685 -0.0220097   0.02482021  0.02652763
  0.05276644 -0.00064011 -0.00640369 -0.03076771  0.0730252  -0.01168258
  0.05748111 -0.01745593 -0.08320823 -0.03074684  0.06491479  0.03939121
  0.04586751 -0.00949451  0.01246984 -0.0659054   0.0727653  -0.10945587
 -0.02632338 -0.08538338  0.05160858 -0.06321833 -0.01524679 -0.02837507
  0.05068614 -0.02926789 -0.10048282  0.09160198 -0.02102934 -0.0359498
  0.00857728 -0.04966905 -0.06675586 -0.01115192 -0.0023528   0.00177952
  0.0116433   0.06762481  0.02163501 -0.00913265 -0.00277856  0.01385556
 -0.04497856 -0.09164882 -0.0682306   0.01037644  0.0866148   0.08051673
 -0.01461178 -0.05939705 -0.02452249  0.02537105 -0.02513432 -0.00014
  0.04428    -0.01603447  0.02806251  0.08873157  0.06513403 -0.05243633
  0.01604602 -0.02785263 -0.0142328  -0.01340769 -0.08607952 -0.08036476
  0.05546402 -0.01606859  0.0323071  -0.03217425  0.02258136 -0.04189953
  0.01544137 -0.05853574 -0.05519713  0.06783933 -0.0396362   0.0130442
 -0.02853074  0.11812128  0.01478794 -0.02008392  0.0473543  -0.01674064
 -0.00185833  0.00115301 -0.09050231 -0.0028012  -0.02512208  0.04327429
  0.02137268  0.0705783  -0.01199924 -0.02840043  0.00800279 -0.04419409
 -0.04457111 -0.01960671 -0.06254952 -0.00538655  0.00177573  0.00572428
 -0.04231731 -0.01482499  0.0422151   0.04587311 -0.01863931 -0.03237627
  0.01400977  0.04701276 -0.06775299  0.02747835  0.04139552  0.07554064
  0.00590188 -0.03332745  0.03462359  0.02595076 -0.03279791  0.00258626
  0.01647473  0.0418371   0.0026857  -0.01170204 -0.04307632  0.01408101
 -0.0140249   0.05470152  0.05954371  0.0375057  -0.04398488 -0.06215501
 -0.03936448 -0.02572737 -0.08319546  0.05105127 -0.00709495  0.05216562
 -0.0598111  -0.03802359  0.0487909   0.08776195  0.05465518  0.04810423
  0.01508498  0.03739123 -0.01315607  0.02826943  0.02659941  0.0223209
 -0.03328824 -0.05425284  0.05634044 -0.01693061  0.03537159  0.06192526
  0.02031848 -0.00276437  0.00107275  0.07080173 -0.072467    0.04094071
 -0.00088935  0.02617564  0.05463275 -0.03003806  0.0326865   0.00671876
 -0.06209418  0.05038505 -0.08699323  0.054098    0.00393509  0.01676575
  0.03921322  0.05097279  0.02410256  0.00106326  0.021099    0.03856806
  0.00270656 -0.00707906  0.03454537 -0.07089142 -0.0314684  -0.04993965
 -0.0727433  -0.05657653  0.0077351  -0.06436133 -0.00861619 -0.00188889
  0.03310379  0.00973807  0.06214308 -0.08464472 -0.01571999 -0.00694688
 -0.01717987  0.03467822 -0.02381813 -0.03808318  0.07022665 -0.01493585
 -0.00380616  0.05395712  0.01175696 -0.01489006 -0.07419445  0.00936423
  0.05470996  0.03805686  0.06329814  0.00832058  0.02987572 -0.02933121
  0.06833452 -0.00406071  0.08822678  0.04561084 -0.00320793 -0.01433316
 -0.01008151 -0.11171633  0.00332372  0.08259775  0.07459499  0.07092801
  0.02516648  0.006952    0.01859864 -0.0929682   0.04032355  0.02677043
  0.03021699 -0.0368203  -0.0630711   0.00228847 -0.01623673 -0.04298464
 -0.03762513 -0.08063705 -0.02048938  0.00206919  0.00661452 -0.01540188
  0.05511202 -0.00790882  0.00081879 -0.05587946  0.00490543 -0.04637542
  0.00676462 -0.06466891 -0.02613531  0.00504901 -0.01687855  0.01163605
 -0.06301815  0.04377208  0.05524724 -0.0944813  -0.00919154 -0.06446449
  0.05430813  0.0851745   0.00321654 -0.06109267 -0.01166508  0.03727307
  0.00588171 -0.00293273  0.05579307 -0.00843396  0.03151036  0.00792375
  0.07317103  0.03779464  0.00755252  0.02072348  0.02092524  0.00303054
  0.0424976   0.0462282   0.05980706  0.00811422 -0.02151014  0.03667352
  0.0385511   0.06414289 -0.00723858  0.05959912  0.02181928 -0.02853776
  0.05599362  0.10434821 -0.0528258   0.05399916  0.04169807  0.01505672
 -0.02225533 -0.00555853 -0.03362184  0.03361406 -0.03828583 -0.03886074
  0.036584   -0.0312427   0.0477102  -0.01307554  0.07930851 -0.01103654
  0.09769224  0.00345155  0.00944219 -0.00621834  0.04997261 -0.03864537
  0.02164231 -0.04674731  0.09414294  0.00468352  0.03665416 -0.01849564
 -0.01075733  0.04712595  0.00056608  0.02992261  0.04082609  0.02503098
  0.06154004 -0.00607276  0.03016071 -0.02576272  0.04580767 -0.04358132
  0.00311833 -0.00275904 -0.06910661  0.0432447  -0.01067955 -0.06327973
 -0.00624734 -0.00184616  0.02601496 -0.05449701  0.08561253  0.01501931
  0.04447469 -0.0033393   0.03664396  0.00611535 -0.03321136  0.03044579
  0.04520753 -0.08922978 -0.02237739  0.03823189  0.04874568 -0.00051027
  0.01340099 -0.0248519   0.02859971 -0.0033629   0.00161805  0.05005434
 -0.00542798  0.04129348 -0.04946991  0.01356092  0.02145756  0.00053245
  0.01813828  0.00236939  0.02606099  0.02035462  0.0163899  -0.05520003
 -0.02316247  0.05850367  0.00174239  0.05808021  0.07139264  0.02741178
 -0.03906887  0.0440965  -0.01530946  0.08018995 -0.01710254  0.04802399
 -0.04897428  0.0441475   0.03008924 -0.08015181  0.0228489  -0.0341634
  0.0503794  -0.00861571  0.07726147  0.03797745 -0.03411287  0.08206048
  0.0213561  -0.04398702  0.09509733  0.06383972 -0.06384788  0.02581092
 -0.0315565  -0.07137088 -0.00721307  0.01059981  0.00289996  0.06051275
 -0.03579836  0.01865278  0.03531763  0.05034862 -0.00508983  0.05272408
 -0.02032178 -0.00692565  0.00673787 -0.02563556 -0.04132283  0.04283855
  0.06165959  0.05580247  0.00640697 -0.04903785 -0.02106586 -0.04338484
 -0.00420891  0.01961342  0.00062776 -0.02807462  0.05869338  0.06858175
  0.05423445 -0.01787152 -0.03658702  0.00743475  0.05999326  0.00448534
 -0.01854945 -0.00593665 -0.03044739 -0.04891068 -0.0541282   0.02976613
 -0.09634344  0.02482664  0.00901503 -0.00962645  0.06845284  0.07366296
  0.04002855  0.0267718  -0.06885578 -0.01246352  0.05447418  0.05916048
 -0.01397692  0.06033973  0.04945622 -0.02411116 -0.01246103  0.05088286
  0.02229214  0.02891372 -0.02828497  0.01789633 -0.02322371 -0.09739981
 -0.02806971 -0.04193537  0.02209373 -0.01890287 -0.08409921  0.00636251
  0.00862006  0.05905856  0.00757769 -0.05358642  0.01107735 -0.0245733
 -0.03007349  0.06986146 -0.00036674  0.00663892  0.00216265  0.03043092
  0.10554446  0.08790911 -0.02742596 -0.02416364 -0.05053909  0.01529679
 -0.0345193   0.02801129  0.03600276 -0.06558783 -0.07193619 -0.08279932
 -0.02047763  0.0778062 ]"
Daniela,"[ 6.56219013e-03 -3.51098664e-02 -8.28123167e-02 -2.34387387e-02
 -3.81854624e-02  4.27780068e-03  5.46128750e-02  1.38651356e-02
 -2.29210630e-02 -8.54589697e-03  5.38696945e-02 -1.60453506e-02
  6.97071254e-02 -1.34765981e-02 -8.42247084e-02 -4.09987122e-02
  7.57409856e-02  4.16161455e-02  9.50139463e-02 -2.32953075e-02
  3.82587165e-02 -8.68935287e-02  6.85491934e-02 -6.61980435e-02
  4.54596505e-02 -8.69082212e-02  2.97280848e-02 -4.45649251e-02
  2.22903825e-02 -1.51200946e-02  3.32195871e-02 -2.87424475e-02
 -8.46110359e-02  6.67641088e-02 -2.71866862e-02 -4.82459068e-02
 -1.72234308e-02 -2.75168475e-02 -1.66890007e-02 -4.12658900e-02
 -4.73513454e-02 -8.89280345e-04 -1.01800188e-02  5.19774109e-02
 -1.48551743e-02 -1.49685031e-04 -4.60535698e-02 -2.87095327e-02
 -4.12759185e-03 -6.18529394e-02 -8.06136504e-02 -2.48935483e-02
  7.95663148e-02  8.02098736e-02 -3.02288029e-02 -6.64751232e-02
 -2.51818076e-02  6.57764450e-02 -4.09949273e-02  8.27853289e-03
  1.39885023e-02  7.07300985e-03 -1.99297201e-02  1.13118127e-01
  6.88075349e-02 -5.94468638e-02  3.53968181e-02 -3.92202549e-02
 -2.35599391e-02 -1.27338339e-02 -9.99900922e-02 -8.47185031e-02
  6.60849959e-02  3.09936740e-02  5.54590533e-03 -2.25282665e-02
  1.39139481e-02 -1.30490689e-02  2.97685917e-02 -2.60168817e-02
 -5.44968024e-02  3.13083902e-02 -1.57901086e-02  1.54330945e-02
  7.34879915e-03  1.17165565e-01 -1.24959443e-02  8.12640321e-03
  1.29256183e-02 -1.83698963e-02 -5.81270922e-03 -1.04267253e-02
 -9.58442166e-02  2.49019898e-02 -3.95149924e-03  4.75922413e-02
  4.22424264e-02  2.21960098e-02 -1.01754703e-02  3.51261199e-02
 -4.05953042e-02 -4.48376387e-02 -2.09389552e-02 -2.94445865e-02
 -4.63303030e-02 -3.18602510e-02 -3.21993902e-02  1.99726988e-02
 -1.42882196e-02 -2.77131237e-02  4.66083661e-02  2.80839838e-02
  1.68280536e-03 -7.40794241e-02 -3.02782971e-02  3.97470593e-02
 -6.34889230e-02  3.23871225e-02  1.78273004e-02  1.02989465e-01
  2.62210332e-02 -1.85777042e-02  2.31017694e-02  4.66206409e-02
 -2.44151130e-02  1.35382833e-02  3.47396657e-02  4.62875962e-02
 -1.72633417e-02 -2.00235769e-02 -5.33571765e-02  4.11473289e-02
 -8.57848115e-03  7.33677447e-02  7.46779814e-02  5.57513312e-02
  6.74043875e-03 -3.73050645e-02 -3.90650965e-02 -4.13233824e-02
 -1.19414568e-01  2.28016246e-02  1.58709567e-02  1.69836041e-02
 -7.80720562e-02 -1.70914233e-02  2.55702157e-03  8.26735049e-02
  7.11852908e-02  7.87760317e-03  1.35026081e-02  6.03253655e-02
  2.42703483e-02  3.40741314e-02  4.81442697e-02  3.74841839e-02
 -3.23830135e-02 -1.08861923e-02  4.58073914e-02 -1.54763024e-04
  3.47460583e-02  7.93373883e-02  5.31650819e-02  2.40539596e-03
  2.34334692e-02  6.96939901e-02 -5.12713008e-02  2.43500583e-02
 -1.38459187e-02  7.09719136e-02  2.49208286e-02 -3.81525233e-02
  3.73853967e-02 -2.53402088e-02 -9.44765508e-02  7.43264100e-03
 -6.85534328e-02  5.15421964e-02 -8.53948644e-04 -5.55697642e-03
  6.84204772e-02  2.60973889e-02  3.66304144e-02  4.33839522e-02
  4.38606180e-03  2.31533069e-02  1.68208145e-02 -3.60310338e-02
 -1.27258687e-03 -5.91455959e-02 -5.10849096e-02 -3.54167186e-02
 -7.03054219e-02 -6.96072131e-02 -6.31363550e-03 -1.48529150e-02
 -3.21065933e-02  1.09186182e-02  4.77831587e-02  3.87835987e-02
  7.98955709e-02 -2.12098602e-02 -1.66678876e-02  5.66452683e-04
 -3.43246991e-03  3.99668403e-02 -5.85173629e-02 -5.26300333e-02
  5.84231243e-02 -2.34850626e-02  1.65771041e-02  6.70383424e-02
 -1.18292496e-02  5.05130971e-04 -6.22961186e-02  1.69689059e-02
  8.50267634e-02  1.87610220e-02  6.06401861e-02 -3.97279486e-03
  6.32627979e-02  4.80699167e-03  7.92697892e-02 -2.80554313e-02
  4.10230421e-02  1.42202694e-02  4.67449334e-03  1.09014353e-02
 -2.17506122e-02 -1.19965404e-01 -6.63746195e-03  8.68889019e-02
  5.18690832e-02  6.51244447e-02  4.90315119e-03  2.83951256e-02
  4.77585047e-02 -1.03871785e-01  2.48779021e-02  6.53323904e-03
  3.16300662e-03 -1.68351363e-02 -9.33507830e-02  2.67065130e-02
 -9.08886269e-03 -1.26514686e-02 -5.72861955e-02 -5.69023304e-02
 -2.26358213e-02  5.93007263e-03 -6.63165469e-03 -1.35680605e-02
  7.81257525e-02  1.59461778e-02 -2.14622263e-02 -4.94211428e-02
  2.27213763e-02 -7.31692836e-02  1.60742905e-02 -7.16223866e-02
 -3.51522304e-02  6.95638824e-03 -3.62097397e-02  2.85134893e-02
 -4.93434593e-02  1.62184928e-02  3.24301310e-02 -9.26433876e-02
 -1.80226546e-02 -3.80845591e-02  3.30058970e-02  6.81944638e-02
  1.14330102e-03  1.79339037e-03 -2.51771994e-02  5.85044138e-02
 -1.48211429e-02 -8.97467136e-03  3.27414051e-02 -1.16270501e-02
  1.54298842e-02  8.90251808e-03  2.48479899e-02  5.13237827e-02
  4.62830476e-02  1.51314838e-02  4.09981869e-02 -5.64716151e-03
  1.42499562e-02  2.47339047e-02  6.79709315e-02 -2.19978634e-02
 -7.14073237e-03  4.06773873e-02  1.36807356e-02  3.37574370e-02
  6.36465289e-03  8.51418674e-02  8.70366395e-03  1.75587069e-02
  4.73351106e-02  7.11437464e-02 -3.96266021e-02  5.68626039e-02
  2.66002994e-02  1.88677385e-02 -3.81292887e-02 -8.46433640e-03
  9.97187337e-04 -3.85820307e-02 -8.13528597e-02 -2.55309697e-02
  3.75707932e-02 -6.11041822e-02  3.00039370e-02 -1.45090344e-05
  8.96994025e-02 -4.13422920e-02  9.75242555e-02 -8.33377615e-03
 -1.32483477e-02 -8.16790760e-03  2.97412220e-02 -5.91108836e-02
  6.60247286e-04 -1.70098729e-02  4.82977405e-02 -3.53975557e-02
  1.07113682e-02 -5.15085571e-02 -5.93905291e-03  6.27512708e-02
 -2.71005873e-02  3.89141850e-02  5.36261462e-02  2.13583019e-02
  1.91642605e-02 -7.48460554e-03 -2.67530722e-03 -2.14876924e-02
  7.90724978e-02 -1.29485391e-02  2.04746425e-03 -3.48973386e-02
 -4.96404544e-02  9.26517695e-03  6.91219699e-03 -6.22769892e-02
  1.13170166e-02  2.85074022e-02  3.64334248e-02 -3.71668339e-02
  5.12968525e-02  2.75279786e-02  5.35228476e-02 -4.64954274e-03
  2.92644314e-02  2.08680816e-02 -4.07014526e-02  2.23726928e-02
  4.67972122e-02 -8.96083564e-02 -1.53784538e-02  3.53859551e-02
  6.51862845e-02 -7.29869958e-03  5.09678386e-02 -5.35226390e-02
 -4.27997857e-03 -3.91219929e-03  6.64194440e-03  6.30704314e-02
  1.59479063e-02  5.39775342e-02 -1.27508566e-02 -2.33203061e-02
  4.07116208e-03  1.06044728e-02 -6.37866696e-03 -1.06077855e-02
  5.11008985e-02  4.72007617e-02  3.75622660e-02 -2.25234055e-03
 -6.08647382e-03  1.61266024e-03 -2.42213048e-02  7.79908374e-02
  6.35354742e-02  5.96339703e-02 -2.68308017e-02  3.92859355e-02
  1.94020253e-02  6.38824999e-02 -1.06123714e-02  3.10634393e-02
 -5.01084216e-02  2.60800589e-02  2.88156699e-02 -7.76736662e-02
  2.57279892e-02 -3.55325378e-02  4.74209785e-02 -1.81546472e-02
  6.41022250e-02  2.68409457e-02  7.71975145e-03  1.13399692e-01
  8.27996619e-03 -6.34271204e-02  8.29103068e-02  4.60961871e-02
 -9.07301232e-02  1.11775734e-02 -4.21649106e-02 -6.16697669e-02
  3.30078267e-02  1.45649742e-02 -2.15223320e-02  5.77136725e-02
 -8.28863494e-03  2.28333976e-02  2.92495992e-02  7.12712482e-02
 -6.60432561e-04  5.66066615e-02  6.39406324e-04 -1.39417471e-02
  2.68738363e-02 -1.05158016e-02 -5.09894872e-03  3.48761640e-02
  6.56968206e-02  6.76708519e-02  3.20706032e-02 -3.34151238e-02
 -1.98213477e-02 -8.23981166e-02  7.40861055e-03 -2.06195004e-02
  3.22921239e-02 -1.17424140e-02  7.31517375e-02  8.01886022e-02
  6.64591938e-02 -5.78683242e-03 -3.31838541e-02  6.30841181e-02
  5.90266250e-02  2.02022735e-02  9.11564007e-03 -6.97314180e-03
 -1.47728771e-02 -6.96460754e-02 -1.36263529e-02  2.57028453e-02
 -6.82536215e-02  4.98716757e-02  5.61537370e-02 -1.14942179e-03
  6.73357621e-02  9.34555680e-02  1.07514402e-02  1.05277915e-02
 -2.16195397e-02  1.43019473e-02  2.58014500e-02  4.10210043e-02
  2.50482280e-03  5.79808578e-02  4.60378602e-02 -4.72197086e-02
 -7.14122504e-03  3.45961489e-02  5.35410829e-02  1.02715632e-02
 -4.75270785e-02 -2.30404362e-03 -1.21306907e-02 -6.40392005e-02
 -1.29757347e-02 -7.14222267e-02  2.64643114e-02 -2.68599018e-03
 -9.57748964e-02 -2.50222683e-02  7.55270291e-03  9.31143016e-02
  1.24881798e-02 -3.17985788e-02  4.35460322e-02 -1.86439548e-02
 -3.26990858e-02  8.00810456e-02  3.34734954e-02  9.80060082e-03
  7.01536983e-03  4.19139303e-02  7.75467232e-02  2.78937723e-02
 -9.53868497e-03 -2.06525065e-02 -1.86268408e-02  4.36229035e-02
 -6.60693413e-03  1.30551839e-02  4.53214673e-03 -1.50299398e-02
 -7.26398304e-02 -6.72094896e-02 -2.89526936e-02  5.98465130e-02]"
Daniela,"[ 3.07183266e-02 -1.31442491e-02 -4.17773128e-02 -2.06689667e-02
  3.37270349e-02 -2.99305771e-03  2.77977791e-02  1.52534079e-02
  3.47161517e-02 -3.45271416e-02  6.46375539e-03  5.38592339e-02
  6.73516169e-02  1.61155015e-02 -1.00143880e-01  7.27598509e-03
  8.41102377e-02  1.81332920e-02  1.01638690e-01 -3.50141106e-03
  7.72703141e-02 -8.02024007e-02  8.22134018e-02 -5.25713377e-02
  4.99690585e-02 -8.11242983e-02  1.00999162e-01 -3.72366682e-02
 -1.24053350e-02 -2.90611014e-02  3.15585025e-02 -6.33857697e-02
 -8.02238286e-02  7.47118071e-02  2.19452288e-02 -2.80089919e-02
 -1.75894555e-02 -5.98499598e-03 -8.09960663e-02  1.28905820e-02
 -1.72938369e-02  8.15536547e-03 -1.15510290e-02  5.88048920e-02
 -8.85520428e-02 -9.84856021e-03 -6.86171884e-03  3.94745655e-02
 -6.82432279e-02 -4.30076420e-02 -1.00221612e-01 -1.12437960e-02
  8.04998428e-02  4.53719981e-02 -1.52476057e-02 -3.70265469e-02
  3.05572264e-02  4.46103737e-02 -9.81100276e-03 -4.05882038e-02
  1.00770500e-02  2.86670737e-02  2.04091463e-02  9.77064520e-02
  8.89509767e-02 -3.83329839e-02  3.69377397e-02 -5.59983775e-02
  2.61688381e-02 -5.27746826e-02 -6.10317960e-02 -1.00246288e-01
  4.20287251e-02  1.95877627e-02  1.12693153e-04  6.05732575e-03
  4.93318308e-04 -2.47466378e-02  1.74762607e-02 -3.30169722e-02
 -4.23384681e-02 -3.91252013e-03 -2.00702641e-02  2.16174219e-02
 -3.17997411e-02  9.50183272e-02  4.69631189e-03 -3.93131468e-03
 -2.59940494e-02 -2.72962842e-02 -1.81150194e-02  3.90246138e-02
 -9.47028697e-02 -3.40086482e-02  1.34694325e-02  7.52603915e-03
  6.19889563e-03  1.53715704e-02 -3.89188416e-02 -3.68869305e-03
 -7.91306328e-03 -1.89469438e-02 -6.82989210e-02  1.64460037e-02
 -4.22529690e-02  2.37538945e-03  1.84501950e-02  3.41161788e-02
  9.62239597e-03  1.37631148e-02  2.10645404e-02 -1.34521006e-02
 -1.76268332e-02 -4.64770459e-02 -3.81191894e-02 -2.34132111e-02
 -5.35418466e-02  8.95862579e-02  3.21109332e-02  5.55963814e-02
  1.27487729e-04 -2.77699977e-02  3.01837027e-02 -1.81694329e-02
 -6.59008101e-02  2.80639753e-02  4.51954864e-02  2.38338318e-02
 -5.45551665e-02 -2.56630573e-02 -7.48695359e-02  5.61533123e-02
 -8.21263902e-03 -1.40804090e-02  4.08996902e-02  7.10219890e-02
 -3.73514183e-02 -1.88603178e-02 -2.46962346e-02 -4.13329229e-02
 -5.38919345e-02  5.53169427e-03  9.23931506e-03  1.23846093e-02
 -4.84629944e-02 -3.44801657e-02  1.15996525e-02  7.23533258e-02
  8.67539346e-02 -3.70633998e-03  4.40512709e-02  3.38540971e-02
  1.04231769e-02  6.31942973e-02 -9.82410926e-03  4.90339063e-02
 -1.71969198e-02  7.00338790e-03  2.06231307e-02  2.18867902e-02
  1.70993302e-02  1.08128436e-01  4.56969030e-02  5.47997691e-02
 -2.60733487e-03  8.81370082e-02 -6.39719963e-02  5.21413982e-03
 -3.19856629e-02  2.41587330e-02  3.21924984e-02 -5.38756698e-02
  2.97513083e-02 -1.80561431e-02 -3.72790871e-03  6.40446367e-03
 -9.56645533e-02  1.39293363e-02 -9.17421468e-03  1.93246864e-02
  6.56378781e-03  4.93458100e-02 -1.24417283e-02  3.59443463e-02
 -1.12198116e-02  4.22941968e-02 -1.06951185e-02  3.89633998e-02
  1.08437575e-02 -6.15149327e-02 -2.08551213e-02 -1.71680097e-02
 -7.63550773e-02 -6.90594316e-02 -3.72558553e-03 -2.80751521e-03
 -2.67832093e-02  4.11036313e-02  2.34897248e-02  6.50302991e-02
  6.26965761e-02 -4.10091728e-02 -4.33131307e-02  1.13783050e-02
  3.96698862e-02  5.92211671e-02 -5.90638369e-02 -3.47796567e-02
  4.23493125e-02 -4.67651971e-02 -2.23862706e-03  5.35052679e-02
 -1.21098356e-02  8.62688478e-03 -7.66953230e-02 -1.11896396e-02
  5.27001359e-02  2.12459005e-02  5.12690097e-02  2.78473049e-02
 -2.01421175e-02 -4.07727957e-02  5.44120930e-02 -1.02276020e-02
  6.28019720e-02  7.82899261e-02 -2.30423752e-02 -4.35411930e-02
 -4.00060564e-02 -1.10217527e-01 -2.47417646e-03  6.77571744e-02
  9.98179540e-02 -2.05635000e-03  4.21279967e-02 -4.47726296e-03
  6.83738664e-02 -7.85487816e-02  2.04570163e-02  1.37105351e-02
  2.08756812e-02 -4.02633734e-02 -3.66826355e-02 -1.56260431e-02
 -3.23070139e-02  1.98089778e-02 -3.51215489e-02 -4.34171893e-02
 -3.44158001e-02  8.16561002e-03 -1.49340546e-02 -4.47072499e-02
  7.06702918e-02  4.94322404e-02 -1.42706912e-02 -1.71222016e-02
  1.66874509e-02 -4.38886229e-03 -1.35215083e-02 -2.78210212e-02
 -3.25387456e-02  2.74890717e-02 -2.23395973e-02  3.21229547e-03
 -8.69759694e-02  1.12294899e-02  3.13264243e-02 -7.65766501e-02
  1.57694686e-02  1.43698463e-02  4.69229296e-02  5.53851314e-02
  2.90493551e-03 -4.47127447e-02 -5.31319827e-02  5.88799790e-02
 -1.52137037e-02 -2.73433104e-02  4.07309718e-02 -2.98069417e-02
  3.65975387e-02 -2.64954232e-02  4.30990495e-02  5.40263504e-02
 -3.17345932e-03 -1.15616722e-02  2.47254013e-03 -4.66005541e-02
  5.76196462e-02  7.77786374e-02  4.53379303e-02 -5.12595810e-02
  1.09737497e-02  5.49197057e-03  2.86650006e-02 -3.54165584e-02
  1.31624314e-04  7.70447254e-02  3.74296866e-02 -2.37012897e-02
  3.08264606e-02  4.69678864e-02 -6.43807203e-02  6.84418976e-02
  1.55950002e-02  1.88725032e-02 -4.73048128e-02 -1.57196559e-02
 -1.24612330e-02 -1.79878026e-02 -4.99203429e-02 -1.79261174e-02
 -1.01943724e-02 -2.47915667e-02 -9.94225265e-04  4.47977632e-02
  8.61819834e-02  2.65232716e-02  1.07450239e-01 -2.68109087e-02
  1.89122465e-02 -3.31739932e-02  2.33330466e-02 -4.49431278e-02
 -1.88496448e-02  5.99304959e-02  7.82936364e-02  3.71974031e-03
  4.09432761e-02 -2.41498929e-02  4.75022662e-03  4.31052260e-02
 -2.72962470e-02 -8.78627319e-03  3.77120376e-02  3.01568341e-02
  5.63146807e-02 -3.05618923e-02 -6.55222731e-03  6.23977743e-03
  2.23073047e-02 -1.58104971e-02 -1.60275903e-02 -2.28969958e-02
 -8.31622556e-02  3.88620682e-02 -1.96412695e-03  1.31951664e-02
 -3.86567749e-02  1.57370884e-03 -1.49089759e-02  7.38773588e-03
  9.97663438e-02 -6.43339939e-03 -1.54272392e-02 -6.22416884e-02
  5.41872457e-02  4.46233489e-02 -6.40107831e-03  3.23139913e-02
  5.76147810e-02 -4.57414240e-02 -3.81672825e-03 -5.03914943e-03
  5.01210392e-02  4.41279560e-02  2.87490664e-03 -4.83090393e-02
  6.49273992e-02  1.38061438e-02 -7.36991242e-02  7.18817189e-02
  8.26030038e-03  5.39219305e-02  5.77112939e-03 -1.43353809e-02
 -1.86199788e-03  3.15170106e-03 -9.85055324e-03  3.91311124e-02
  2.54250970e-02  4.39485535e-02  2.55540907e-02 -3.87777761e-02
  2.69089150e-03  3.68408859e-02  2.75688861e-02  8.33385810e-02
  8.76806676e-02  1.51037555e-02 -6.05439171e-02  6.37380704e-02
 -5.56320883e-03  8.50036591e-02 -2.21978989e-03  2.53739599e-02
 -4.29904163e-02  5.21697029e-02  4.04920131e-02 -8.35934579e-02
  5.06582558e-02 -2.39751991e-02  3.51592302e-02 -4.89447564e-02
  8.02607313e-02  4.22511660e-02 -3.74396630e-02  7.38729164e-02
  1.88831259e-02 -3.35362665e-02  3.06481645e-02  3.81153971e-02
 -6.40369952e-02  5.73889986e-02 -4.16996926e-02 -8.72473568e-02
  5.19384108e-02 -3.45534310e-02 -2.43268944e-02  3.34879868e-02
 -1.48521701e-03  6.12524487e-02  2.66468022e-02  1.07493222e-01
  1.61276739e-02  9.21157375e-03 -1.51508348e-02 -9.95998550e-03
  3.63131724e-02 -5.66051854e-03 -4.43951190e-02  1.24924462e-02
  4.09159474e-02  6.44033924e-02  2.47647073e-02 -2.94849146e-02
 -3.33049074e-02 -4.28931899e-02  3.01256198e-02 -4.91905212e-02
  2.40644515e-02 -5.00337742e-02  9.82517600e-02  7.12423027e-02
  6.84402436e-02  1.40458848e-02 -3.18776332e-02  3.01307552e-02
 -3.57548427e-03  5.86407036e-02 -7.07563478e-03  2.35632434e-02
 -1.57799274e-02 -4.17914987e-02 -2.00907756e-02  1.08122854e-02
 -5.36980107e-02  4.20667045e-02  5.83568774e-02 -1.39919259e-02
  1.02736376e-01  9.36053544e-02 -2.27182433e-02  8.48873227e-04
 -3.08125466e-02 -4.12829127e-03 -7.95070827e-03  4.38152365e-02
  3.86393182e-02  6.13646358e-02  6.60149381e-02 -2.15319786e-02
  3.33451964e-02  2.85186581e-02  1.03961732e-02  2.82563958e-02
 -4.38361662e-03  5.27300946e-02 -5.50389923e-02 -9.78728086e-02
 -1.05761765e-02 -3.95111814e-02  4.70912308e-02 -1.97908506e-02
 -6.99971989e-02  3.03938128e-02  4.13430780e-02  7.86724910e-02
 -9.78596788e-03 -3.63961942e-02  5.58214821e-02 -5.52012138e-02
 -3.02826874e-02  7.99539089e-02  3.13780308e-02  1.23328092e-02
 -1.20059922e-02  3.39782685e-02  5.75580634e-02  3.47364359e-02
 -1.44546581e-02 -1.03892833e-02 -2.94858534e-02  4.28971946e-02
 -2.74216440e-02 -1.24209253e-02  3.20429243e-02 -1.38803553e-02
 -1.14230335e-01 -2.17022374e-02 -1.44247273e-02  4.66461442e-02]"
Daniela,"[-0.02487224 -0.02981542 -0.03465961 -0.00252545  0.02385195  0.01765761
  0.02630946 -0.04228385  0.01139168 -0.01151977  0.08274461  0.01943401
  0.06038641  0.00216181 -0.08731303 -0.02111388  0.07953823  0.06819338
  0.07536592  0.00779031  0.03117472 -0.00466285  0.06295838 -0.0829776
 -0.02704565 -0.08641779  0.0222626  -0.05012972 -0.03822552  0.01826311
  0.02357252  0.00885443 -0.04363002  0.08045689 -0.00152391 -0.04711353
  0.01249165 -0.04039387 -0.02307071  0.00786091 -0.03199995 -0.00696776
  0.01197364  0.04160774 -0.05647834 -0.01667181 -0.00291649  0.00982469
 -0.06371684 -0.03645327 -0.085078   -0.02941766  0.08462777  0.06565026
 -0.00607938 -0.09526525 -0.02171251  0.06319118 -0.02297533 -0.01289421
  0.03410642  0.05505174  0.0155266   0.071062    0.05167981 -0.03545357
  0.01254675 -0.01892629 -0.01456911  0.00864091 -0.04286963 -0.06516968
  0.04464843  0.03025327  0.00594008 -0.02185505  0.00341006  0.0046409
  0.01996963 -0.08895213 -0.02706236  0.03265161 -0.03275503 -0.0091488
  0.00462405  0.05549597  0.01254703 -0.02417216 -0.01726854 -0.06272988
  0.03323076  0.02775989 -0.07392657  0.00805527  0.04678496  0.03441501
  0.04825837  0.0363734  -0.04038801  0.02757817  0.00835919  0.01620495
 -0.03605742 -0.02588733 -0.03378011 -0.02549959  0.00416423  0.01983538
 -0.02469571  0.00077264  0.05948484  0.03432616 -0.02836594 -0.0599111
 -0.04378717  0.0372677  -0.0250228   0.10007968  0.06226658  0.09620498
 -0.01458063 -0.01125337  0.02453856 -0.00448264 -0.04732768  0.05575954
  0.03618217  0.04400398 -0.01654991 -0.03700763 -0.04145423  0.01790585
 -0.00438534  0.02514854  0.03293211  0.04835976 -0.06672843 -0.03695914
 -0.01677324 -0.01363625 -0.10232954  0.04975438 -0.01779316  0.03840201
 -0.07455618 -0.02277537 -0.0215071   0.0580561   0.07764642  0.02982601
  0.0580883   0.01592529 -0.02070376  0.03659584  0.07383409  0.05426164
 -0.05203608  0.00672139  0.03697962 -0.01650941 -0.01970132  0.08195538
  0.02127098  0.06596208  0.01471171  0.05058309 -0.04161619  0.01794538
 -0.01615614  0.04237781  0.01342647 -0.03404112  0.00910929  0.0072441
 -0.0527496   0.03720662 -0.06845504  0.06050538  0.01493095 -0.00895504
  0.01391275  0.01201085  0.02691603  0.04128519 -0.02508129  0.06018854
  0.0405014   0.04657622  0.00711851 -0.04599432  0.02127173 -0.06286696
 -0.02743524 -0.02117384  0.01772211 -0.04099536 -0.04534441  0.06836002
  0.02740156  0.05735697  0.07920089 -0.05891558 -0.00795076  0.00653019
  0.02222332  0.06501015 -0.04183547 -0.05392563  0.0496381  -0.06339913
  0.00576834  0.02242642  0.01133537  0.03688782 -0.05276702 -0.0173193
  0.10533167  0.0154278   0.06001102 -0.00335543  0.02192264 -0.02252951
  0.07227013 -0.03481988  0.1070754   0.02757548  0.01375678 -0.00823369
 -0.02696129 -0.0465877   0.0450219   0.11784936  0.03808374  0.05348094
  0.02706234  0.00740269  0.01970849 -0.09385455  0.02558683  0.01895184
  0.00192293 -0.01465098 -0.04509744  0.04557123 -0.00832171 -0.02363085
 -0.01576234 -0.03493543 -0.01076783  0.01623929 -0.03734418 -0.06504089
  0.04528916  0.001576   -0.0139836  -0.06324399  0.01192458 -0.08089255
  0.00501768 -0.055169   -0.08300896  0.00490725  0.01863648  0.01319734
 -0.09645403  0.01147473  0.03396854 -0.08172973  0.01561191 -0.05832583
  0.0742624   0.05890498  0.0225459   0.01783994 -0.04667107  0.04231288
 -0.00108141 -0.00121689  0.00888822 -0.06777988  0.05542424  0.03585448
  0.05935911  0.04123249  0.00066342 -0.0135826   0.02413311 -0.08520142
  0.01122029  0.03056352 -0.00245919 -0.01450932 -0.01448797  0.00977788
  0.02129545 -0.03795242  0.01883701  0.03541321  0.01713605 -0.00334967
  0.08077943  0.0907046  -0.05862108  0.10387053  0.02994271  0.0523271
 -0.09464068 -0.00445652 -0.01735214  0.01733389 -0.01549555  0.0213982
  0.05803833 -0.0334572   0.05312647 -0.0110547   0.0631047   0.01339798
  0.10451189 -0.01670007  0.02008041  0.01630678  0.00126138 -0.03013418
  0.01959391  0.03101756  0.09353011  0.01400295  0.06295016 -0.0252233
 -0.02122281  0.03226116 -0.03028511  0.02856345  0.00687256  0.01558947
  0.03175956 -0.06085513 -0.00262087 -0.00572171  0.07273922 -0.01811497
  0.01009318 -0.05886566 -0.02670093  0.04375186 -0.02750518 -0.06469479
 -0.00919128 -0.0361166  -0.01376282 -0.03167174  0.02690311  0.03452945
  0.031996   -0.02515272  0.08662777  0.00361119 -0.00554607  0.03230364
  0.03050156 -0.0626408  -0.05084945  0.02580147  0.06254381  0.00665695
 -0.02647851 -0.03418752 -0.03334153  0.00386282 -0.05395391  0.07187138
 -0.03000739  0.05599595  0.00269633  0.00317786 -0.00073493 -0.00305402
  0.00624875  0.0064365   0.04349172 -0.016457    0.03171861 -0.05194622
  0.00471115  0.04909188 -0.00652541  0.0649401   0.07677537  0.05629705
 -0.0343436   0.09939783  0.04065076  0.04161685  0.01141633  0.05857345
 -0.05224334  0.03828732  0.04822883 -0.05091355  0.03314682 -0.03600569
  0.05752238 -0.01490269  0.10449131 -0.02459594 -0.02886261  0.10641453
  0.03317429 -0.07630311  0.07090785  0.00725687 -0.03311028  0.03301711
 -0.06810619 -0.0590538   0.01514463 -0.0038774   0.00845138  0.0233896
 -0.02111928 -0.02979999  0.00919197  0.07436273 -0.00067282  0.0241697
  0.02504936  0.01154298 -0.03380067  0.03565894 -0.01698632  0.03071262
  0.02306035  0.06545715  0.08473361 -0.03622366 -0.01448383 -0.08049637
 -0.00476947 -0.05767811  0.0112248  -0.06158455  0.10481753  0.07976598
  0.06255236 -0.02035028 -0.0466006   0.06811956  0.05120266  0.02043144
 -0.02697761  0.0040646  -0.02950679 -0.05231801 -0.02880004  0.0403308
 -0.1124103   0.02285867  0.02528845  0.03317027  0.08216792  0.06448292
 -0.01858244 -0.01829789 -0.02999309 -0.00622817  0.0381287   0.02859524
 -0.0113596   0.04916445  0.05216199 -0.05729552 -0.01054971  0.0294878
 -0.01219226  0.01319721 -0.02672213  0.00058552 -0.0248591  -0.0626109
  0.00600876 -0.03599295  0.03226617 -0.00762783 -0.0898879  -0.00471697
  0.00757233  0.06015695 -0.01150972 -0.03333856  0.05646029 -0.00383368
 -0.04180546  0.07250051  0.04769703  0.00078833  0.02123868  0.06507073
  0.0938059   0.05164088 -0.03680039  0.01534748  0.02694249  0.03846936
  0.01588983  0.00351033  0.013709   -0.04732075 -0.07376975 -0.0133821
 -0.02902568  0.08135254]"
Daniela,"[-6.05157875e-02 -2.33100802e-02 -1.63305830e-02 -4.18755505e-03
  3.58874053e-02  4.66712788e-02  6.78182170e-02 -2.76529649e-03
  1.42434267e-02 -2.45415103e-02  4.08577994e-02 -1.06774685e-04
  6.75904304e-02 -4.47333511e-03 -7.38419741e-02  3.47484946e-02
  8.24269354e-02  3.12827975e-02  5.26010171e-02 -3.78656834e-02
  5.90046588e-03 -7.34904408e-02  6.88989684e-02 -6.14919327e-02
  1.35132009e-02 -4.75453362e-02  3.58807743e-02 -4.44661230e-02
 -4.71661836e-02  2.84351204e-02 -2.79338434e-02 -4.01122384e-02
 -9.94746685e-02  2.75913123e-02 -3.50310616e-02 -2.13207323e-02
  3.28391828e-02 -6.37374744e-02 -4.31019887e-02 -4.40293849e-02
  1.51714738e-02 -8.83139763e-03 -9.98539850e-03  3.14961895e-02
  1.51792783e-02  3.28762573e-03 -1.55181345e-02 -2.62958556e-02
  8.96718539e-03 -5.53689003e-02 -8.20920467e-02 -2.98980009e-02
  2.49981452e-02  5.48347607e-02 -4.60869633e-02 -9.58966017e-02
 -1.67445559e-02 -1.18999509e-02 -2.54723728e-02 -3.07288263e-02
  3.33687328e-02 -3.09200492e-02  1.71918366e-02  1.08645327e-01
  1.92853883e-02 -3.34011279e-02  3.52065056e-03 -5.77726029e-02
 -3.19537241e-03  9.28531587e-03 -8.72846767e-02 -7.83931687e-02
  8.83018300e-02 -6.44623442e-03 -1.17013715e-02  4.29637395e-02
  3.76726910e-02 -3.82995866e-02  2.75921728e-02 -4.26786989e-02
 -2.64850445e-02 -2.79588345e-03 -8.01890157e-03 -3.37002948e-02
  2.28352696e-02  1.09521486e-01 -1.66157372e-02 -2.35284567e-02
  4.63717878e-02 -5.63009791e-02 -2.41159070e-02  1.70106906e-02
 -7.65012577e-02  4.40889001e-02  2.16346569e-02  4.11263742e-02
  8.34955182e-03  5.81275672e-03  1.44479945e-02  1.75491069e-02
 -2.83962898e-02 -6.07747920e-02 -5.74587509e-02  1.18561499e-02
 -7.99167305e-02 -2.24409457e-02  3.90626019e-06  4.38983971e-03
 -1.24533670e-02 -1.62984226e-02 -1.93912275e-02  2.10356130e-03
 -2.00749096e-03 -3.55094634e-02 -5.25955819e-02 -2.28842758e-02
 -1.12951480e-01  4.02627736e-02  5.18307984e-02  6.27747700e-02
  6.15628399e-02 -6.70135692e-02  1.93920322e-02 -1.29859131e-02
  2.74269078e-02 -3.10134757e-02  2.41377410e-02  1.00806944e-01
 -4.21128348e-02 -4.16415818e-02 -1.82024520e-02 -2.86954641e-02
 -3.96908112e-02  8.40890110e-02  4.63193133e-02  8.14667419e-02
  2.15233769e-03 -5.72700500e-02 -6.19150959e-02 -2.43437104e-02
 -7.58804828e-02  6.43842816e-02 -1.73701271e-02  6.69702739e-02
 -5.82964644e-02 -2.40760017e-02  6.02480844e-02  5.55168167e-02
  3.27572748e-02  5.19783981e-02 -3.20043303e-02  3.79031934e-02
  3.03255469e-02  2.93498840e-02  4.45691533e-02  4.35300097e-02
 -3.26649770e-02 -2.18026321e-02  5.97481467e-02  3.63254100e-02
  1.51928915e-02  5.27927540e-02  1.30227376e-02  5.48137985e-02
 -2.61185989e-02  4.08331566e-02 -2.59326734e-02  6.20015245e-03
  3.22888792e-02 -9.13995598e-03  6.19383454e-02 -8.34504701e-03
  3.55904810e-02  4.43350896e-02 -6.19550496e-02  4.85759564e-02
 -6.74362853e-02  2.64776368e-02 -5.96729154e-03  3.24783400e-02
  3.14469375e-02  2.91391220e-02  1.20197376e-02  4.49360609e-02
 -3.08630746e-02 -3.55412848e-02  5.26504638e-03  1.00946445e-02
  4.18090411e-02 -8.77948999e-02 -4.51894365e-02 -1.44001096e-02
 -8.11673626e-02 -6.87627271e-02  1.11371162e-03 -4.59411666e-02
  8.09036568e-03 -1.27141215e-02  1.43980347e-02  2.05956027e-02
  6.22783192e-02 -5.03097475e-02 -5.83896693e-03  2.11238805e-02
 -1.33405719e-02  7.82917365e-02 -9.23647266e-03 -4.34665680e-02
  4.74372134e-02 -6.87695816e-02  4.22873273e-02  4.76495922e-02
  4.62455973e-02 -2.08925623e-02 -2.07985789e-02 -3.03325932e-02
  3.62916775e-02  1.24310330e-02  5.91396652e-02  2.36281417e-02
  6.06444851e-02 -2.94762687e-03  6.31924272e-02 -1.72339045e-02
  7.50747174e-02  4.09755968e-02 -1.68701224e-02 -4.68488634e-02
 -2.11907029e-02 -9.64131281e-02 -1.99392103e-02  1.02278315e-01
  2.92622577e-02  9.89195555e-02 -1.97521504e-03  3.59406732e-02
  8.81101564e-02 -9.55476537e-02 -4.04437482e-02  6.83023185e-02
  1.80525910e-02  2.91807624e-03 -8.16473886e-02  3.83867659e-02
 -3.32307853e-02 -2.44955346e-02 -2.24201418e-02 -7.10834116e-02
  7.65420031e-03  1.34171406e-02 -1.66378692e-02 -4.01219353e-02
  4.19274122e-02 -7.04220776e-03 -9.93710011e-03 -3.71125638e-02
 -2.23084930e-02 -7.14813545e-02 -4.41978201e-02 -6.96248487e-02
 -1.47451255e-02  6.71909973e-02  1.88581762e-03  2.16515344e-02
 -4.84789833e-02  7.74764046e-02  1.85613905e-03 -1.28152028e-01
 -3.86101343e-02 -8.28746408e-02  4.47466895e-02  4.62990664e-02
  2.19573528e-02 -3.94498594e-02 -5.42935450e-03  3.62597369e-02
 -8.70646909e-03 -2.68053561e-02  6.86437786e-02 -1.94446128e-02
  3.87511179e-02 -1.14090426e-03  4.97331731e-02  7.32130185e-02
 -8.59610271e-03 -2.00553943e-04  1.74924470e-02  3.12223062e-02
  4.82902415e-02  3.30213942e-02  2.31697988e-02 -2.43149679e-02
 -1.53990965e-02  3.15556414e-02  3.70059200e-02 -1.13873242e-03
 -1.36676962e-02  5.00662439e-02  6.50823442e-03 -5.44910692e-03
  2.78584268e-02  6.72900677e-02 -2.40756571e-02  6.00863174e-02
  1.19410809e-02  7.22037405e-02 -5.59527688e-02 -1.64345675e-03
 -2.54513379e-02 -8.37244652e-03 -9.25915688e-03 -2.00492865e-03
  2.11507417e-02 -9.31438655e-02  1.35908257e-02  2.44080853e-02
  8.90375823e-02  4.98789437e-02  4.34748381e-02 -3.42501439e-02
  3.06440294e-02  1.71004944e-02  4.10861410e-02 -7.23475590e-02
  2.40085181e-03 -6.14463119e-04  7.57058561e-02 -9.62832570e-03
  2.79641822e-02 -6.30769730e-02  3.33970748e-02  2.68228017e-02
  2.24415231e-02  1.64787434e-02  1.12498440e-02  5.56710362e-02
  5.26384041e-02  1.07439468e-02  2.96007581e-02 -6.62995949e-02
  2.46678218e-02  7.77976261e-03  6.26313221e-03  2.10093521e-03
 -6.40430003e-02  3.87551971e-02  1.01013277e-02 -4.70740236e-02
 -7.48094246e-02 -5.72768822e-02 -9.92615707e-03 -2.88091544e-02
  5.63977174e-02 -1.56869199e-02  3.98446210e-02  1.41022475e-02
  4.49156053e-02 -2.03849887e-03 -6.89847022e-03  1.43808443e-02
  3.60890925e-02 -2.54783947e-02  2.73624808e-02  6.89649805e-02
  8.22638646e-02 -1.98988318e-02  1.03493426e-02 -4.45521846e-02
  1.76206194e-02  5.09217456e-02  2.78472546e-02  6.60385862e-02
  4.43255976e-02  5.08714616e-02 -5.41167259e-02 -1.16852475e-02
  3.69343385e-02  9.69765056e-03 -2.57427897e-02 -1.13316979e-02
  4.55457196e-02  3.19471061e-02  7.63131231e-02 -3.45950499e-02
  1.53193092e-02  6.11392148e-02 -2.79684979e-02  7.58644193e-02
  5.81992418e-02  4.26128618e-02 -1.21997613e-02  9.01972689e-03
  1.09434677e-02  4.98660952e-02 -3.06714233e-02  2.02464461e-02
 -2.81709600e-02 -2.04780772e-02 -3.24605554e-02 -6.73304498e-02
  4.02698526e-03 -5.51601052e-02 -1.82341598e-02  1.58937909e-02
  7.04589784e-02  3.07756737e-02  2.81196646e-03  8.80007595e-02
  1.29245669e-02 -1.77468136e-02  3.17546390e-02  3.21240164e-03
 -3.58640291e-02  2.48237494e-02  2.84875352e-02 -1.80953126e-02
  9.59763117e-03 -9.27405339e-03  2.59028096e-03  7.35698268e-02
 -2.62548756e-02 -4.54957671e-02  8.30920860e-02  7.64985522e-03
  5.62902715e-04  7.25402534e-02 -3.16287652e-02  1.37306899e-02
  1.12681193e-02 -1.70721933e-02 -2.79386733e-02  2.05997806e-02
  5.36682904e-02  8.69833976e-02  6.87484816e-02 -5.85245565e-02
 -1.45859327e-02 -5.40454127e-02  1.35440147e-02 -2.72228923e-02
 -1.05020087e-02 -2.36537997e-02  5.80311716e-02  1.12349637e-01
  2.31568832e-02 -2.02756654e-02 -1.45864477e-02  1.55258011e-02
  5.58783561e-02  4.75753918e-02 -4.46362831e-02 -3.77916992e-02
 -2.28887536e-02 -8.35809410e-02 -1.67452488e-02  3.08447387e-02
 -6.10663034e-02  8.24440271e-03 -3.43242362e-02 -4.94101830e-03
  7.26839826e-02  8.98022130e-02 -5.56833716e-03  1.56717729e-02
 -2.41463985e-02  1.07033728e-02  3.35659422e-02  4.61979993e-02
  3.53371389e-02 -1.64128914e-02  1.46366516e-02 -5.33053614e-02
 -3.47710401e-02  7.24644437e-02  6.69650882e-02  3.73010896e-02
 -5.80367781e-02  5.34996614e-02 -3.75852920e-02 -7.09549636e-02
 -3.41812782e-02 -5.80678768e-02  1.52538288e-02 -4.15809304e-02
 -8.79676342e-02  5.77510111e-02  1.31106768e-02  2.86614280e-02
 -2.89991274e-02  1.82571709e-02  6.34279624e-02  1.28560495e-02
 -3.78771015e-02  3.26693021e-02  1.19240303e-02 -5.30797988e-03
 -8.08112323e-03  1.81260277e-02  9.61571187e-02  7.24483728e-02
  1.84549168e-02 -1.42324669e-02 -1.01200826e-02  3.51882097e-03
  2.17541889e-03  6.11450635e-02  1.55399302e-02 -5.19734323e-02
 -4.18221839e-02 -4.82122265e-02 -6.43378496e-02  7.98548311e-02]"
Daniela,"[-1.66821443e-02 -1.63038485e-02  4.25073085e-03  2.68831979e-02
  5.55144623e-02  7.03566298e-02  3.08732204e-02 -3.52790691e-02
  2.26494446e-02 -5.61376475e-03  3.71653214e-02  5.61309271e-02
  9.32798162e-02  1.77230928e-02 -1.06983334e-01  2.58697663e-02
  8.16134438e-02  5.38803674e-02  6.57265857e-02 -8.37492663e-03
  4.90764529e-02 -4.96450588e-02  5.50822355e-02 -5.43555021e-02
  1.54910097e-03 -3.00258938e-02  5.31585887e-02 -4.70002964e-02
 -4.62439880e-02  7.92596489e-03  1.64203309e-02 -3.04202624e-02
 -7.15723708e-02  1.86034627e-02 -1.24961026e-02 -4.68318239e-02
  6.12550937e-02 -8.59638229e-02 -3.53995226e-02 -1.33943791e-02
 -3.50316875e-02  2.16829497e-02 -1.57659817e-02  2.04801541e-02
 -2.50780284e-02  1.90031212e-02  1.52836917e-02 -9.71636176e-03
 -1.16208950e-02 -5.21427058e-02 -8.79543498e-02 -4.33956422e-02
  2.08233036e-02  5.50479665e-02 -3.33003700e-02 -1.02857552e-01
  2.14703027e-02  5.33073675e-04 -3.32370773e-02 -3.17803994e-02
  5.13588786e-02  3.82338166e-02 -1.71348697e-03  7.18093291e-02
 -2.73556914e-03  4.93482221e-03  2.55614761e-02 -3.80962677e-02
  4.56934124e-02 -1.87731453e-03 -3.72850262e-02 -7.06623495e-02
  6.21246547e-02  7.18195215e-02 -5.26846666e-03  4.19210084e-02
  7.58467522e-03  4.53775423e-03 -8.47598352e-03 -7.19745085e-02
 -7.01529766e-03 -1.38156051e-02  1.62036214e-02 -2.74821073e-02
 -1.54356714e-02  6.96874037e-02  7.10040145e-03 -1.38143571e-02
  4.61611990e-03 -4.27377373e-02 -1.92217194e-02  3.82596366e-02
 -6.65887967e-02  6.76811263e-02  5.60065694e-02  5.21795526e-02
  7.70673016e-03 -1.28274811e-02 -4.17835303e-02  4.02111299e-02
 -6.05793577e-03 -2.23230924e-02 -3.92404199e-02 -3.22614126e-02
 -4.87131551e-02 -3.67705040e-02 -2.04585176e-02 -4.78105880e-02
 -3.93265933e-02 -1.87182166e-02  4.00736406e-02  1.78806856e-02
 -5.90306781e-02 -2.29144376e-02 -2.62782536e-02 -1.38697149e-02
 -4.83613610e-02  5.76037541e-02  8.69316757e-02  8.78104493e-02
  3.99651192e-02 -2.70076115e-02  3.22737731e-02 -5.58570363e-02
 -1.66947190e-02 -1.58959720e-02  7.20938377e-04  6.70744926e-02
 -2.27911472e-02 -5.24466299e-02  6.43583899e-03  1.90851800e-02
 -5.34012280e-02  3.41234803e-02  6.44260226e-03  6.13223538e-02
 -4.91494164e-02 -6.50909320e-02 -2.73367539e-02 -2.33827308e-02
 -7.64878467e-02  6.92584738e-02 -2.56260019e-02  5.12477383e-02
 -2.95576267e-02 -4.82990108e-02  3.00585050e-02  3.74240577e-02
  9.14985016e-02  2.45829932e-02  1.31078074e-02  4.18898929e-03
  1.59252919e-02  7.54257515e-02  5.75693622e-02  5.63439950e-02
 -3.32718939e-02  2.26505268e-02  3.71650681e-02 -1.40099889e-02
 -6.16856571e-03  8.86680484e-02 -2.66294982e-02  7.40761235e-02
  3.00575551e-02  6.71661496e-02 -2.37506758e-02 -3.32170981e-03
  3.08068898e-02  2.84466669e-02  2.11736951e-02 -6.14969153e-03
 -6.51633134e-04  2.51045953e-02 -1.20384190e-02 -2.14604638e-03
 -6.85447231e-02  3.17681655e-02  1.42323915e-02  2.82165930e-02
  1.10651337e-04  1.26338573e-02 -7.80800544e-03  2.40000468e-02
 -4.19512354e-02  7.60175008e-03  1.49376104e-02  1.68397445e-02
  3.12771834e-02 -7.85664991e-02 -3.58542055e-02 -8.15500785e-03
 -3.96223553e-02 -3.61917317e-02 -1.36025494e-03 -6.09674454e-02
 -4.50025545e-03  2.50479765e-02  6.36213720e-02  7.69929960e-02
  6.38768449e-02 -5.48458658e-02 -3.79400291e-02  5.54103777e-02
  2.08138619e-02  9.29338336e-02 -5.09604551e-02 -4.54229824e-02
  3.68953682e-02 -8.07591826e-02  1.54259033e-03  7.07746996e-03
  4.01672646e-02  2.99969632e-02 -8.23677145e-03 -2.77686790e-02
  3.28875929e-02  2.65723653e-02  5.83664626e-02  1.62934456e-02
  1.39658228e-02 -4.80662733e-02  7.58618340e-02 -3.38394120e-02
  7.99016058e-02  4.27332520e-02 -2.94728428e-02 -5.06478325e-02
  7.59051461e-03 -6.49994090e-02  4.64211889e-02  1.18250661e-01
  4.75000888e-02  4.83126976e-02  4.11879793e-02  2.27849614e-02
  5.30664660e-02 -9.02388021e-02 -3.39880539e-03  6.47599250e-02
  3.29806581e-02  4.17457484e-02 -3.39424191e-03  7.97554553e-02
 -4.04054597e-02 -3.40978503e-02 -4.19010082e-03 -4.98543680e-02
 -3.16586606e-02  2.44594999e-02 -2.94980332e-02 -8.65142792e-02
  6.99069649e-02  2.84442659e-02 -7.00675696e-03 -6.97519332e-02
 -1.24621559e-02 -3.55209969e-02  4.99548856e-04 -4.87963669e-02
 -6.47835433e-02  6.15474842e-02  7.81293306e-03 -1.01863518e-02
 -9.07530859e-02  4.85707447e-02  3.45636792e-02 -1.09044619e-01
 -1.14001529e-02 -5.11197373e-02  7.34892860e-02  2.93979999e-02
  4.47841994e-02 -1.81970466e-02 -7.94040691e-03  3.97108495e-02
 -7.05440389e-03  1.03809673e-03  2.15449687e-02 -7.16635734e-02
  4.80788127e-02  1.23078488e-02  2.54127849e-02  8.27736855e-02
 -3.80597599e-02 -3.65950428e-02  4.18184744e-03 -6.80448785e-02
  2.71472782e-02  5.69858477e-02 -1.14874439e-02 -4.34005782e-02
 -6.59093782e-02  2.33911630e-02  2.03796029e-02 -3.09094563e-02
 -9.04884841e-03  5.28204106e-02 -1.34987785e-02 -1.41718592e-02
  7.21305013e-02  5.13964854e-02 -1.69137362e-02  1.15876488e-01
 -2.12745275e-03  4.43528965e-02 -1.17494874e-01  1.06030675e-02
 -3.64864357e-02 -1.22265937e-02  2.36762520e-02 -5.49720973e-03
  2.94866916e-02 -3.43031250e-02  1.11937765e-02  1.60504058e-02
  7.21418485e-02  3.95673662e-02  6.18570559e-02 -6.81305391e-06
  4.93040979e-02  7.24399881e-03  3.51157761e-03 -3.25282365e-02
 -1.66493803e-02  5.43535762e-02  1.27940148e-01 -1.08615635e-02
  3.88799757e-02 -4.94149812e-02  1.43154236e-02 -1.40679730e-02
 -9.16950312e-03 -5.33486076e-04 -1.83117704e-03  1.90515947e-02
  7.20357150e-02 -5.42054959e-02  4.87864204e-02 -1.78620424e-02
  5.63793182e-02 -1.70713216e-02  2.28106305e-02 -4.26920541e-02
 -5.42838536e-02  4.11486253e-02 -1.27181727e-02 -4.98559549e-02
 -6.06670938e-02 -5.18463962e-02 -1.65917054e-02  7.90195819e-03
  5.70655167e-02  1.81166194e-02  1.72214899e-02 -5.86952455e-03
  1.06902130e-01  2.50334144e-02 -1.74949747e-02  3.27146575e-02
  3.37247774e-02 -3.65558565e-02  1.36360163e-02  4.18375283e-02
  8.65141302e-02  1.98141802e-02 -5.42203151e-03 -3.32055390e-02
 -7.35596335e-03  8.89584646e-02 -3.00502200e-02  7.11755678e-02
  2.43234821e-02  4.36010584e-02 -1.12989480e-02 -6.27863035e-03
  3.15364525e-02 -7.09166983e-03  3.04732984e-03  2.11508647e-02
  3.29782702e-02 -1.27091957e-03  6.41084760e-02 -4.53643799e-02
  9.61710757e-04  8.40633437e-02 -4.37855087e-02  3.59015949e-02
  4.10718732e-02  5.01297601e-02 -4.48306724e-02  7.36793429e-02
  3.92631441e-03  4.85317819e-02 -5.83769381e-03  1.04755804e-01
 -7.63722323e-03  1.78127252e-02 -3.00533464e-03 -5.75644374e-02
  2.41853995e-03 -5.69885783e-02  1.12496298e-02  2.51421146e-02
  7.59497657e-02 -1.86496098e-02 -1.93389524e-02  1.24689519e-01
  2.82330755e-02 -3.15919518e-02  6.05580211e-02 -5.15895113e-02
  4.25356114e-03  5.85872903e-02 -3.76824699e-02 -3.07453908e-02
  1.56642031e-02 -3.80320027e-02  3.35335582e-02  5.00355773e-02
 -4.88728583e-02  3.33056226e-03  3.10984775e-02  1.44914640e-02
 -5.61470771e-03  8.04023594e-02 -3.16490605e-02  2.35379860e-02
 -6.75869919e-03  2.44116168e-02  1.34921717e-02  4.68432531e-02
  4.61384421e-03  1.15885526e-01  5.96536398e-02 -1.76141504e-02
 -1.21161835e-02 -1.01530561e-02  5.01489528e-02 -5.65257855e-02
  3.30260023e-04 -4.30319048e-02  5.00502773e-02  7.85044581e-02
  4.39247228e-02 -4.68663778e-03 -5.65558374e-02  2.77805552e-02
  5.13497144e-02  1.69090088e-02 -2.96128113e-02 -7.04107899e-03
 -2.50601210e-02 -6.35982826e-02 -1.23499706e-02  3.21553051e-02
 -7.23606795e-02  3.12864222e-02  9.91655164e-04  3.09836399e-02
  7.68685937e-02  5.50912246e-02 -1.44767212e-02 -1.19163906e-02
 -5.08910641e-02 -8.04949179e-03 -1.63610969e-02  5.52517287e-02
  3.26736197e-02 -1.12231271e-02  4.62830327e-02 -4.21569943e-02
  1.92692108e-03  4.26800288e-02  2.54927352e-02  3.57790501e-03
 -3.22806276e-02 -1.26183638e-02 -5.08809015e-02 -4.64296527e-02
  1.25749363e-02  4.49274667e-03  4.59774584e-02 -1.43472608e-02
 -7.49823973e-02  4.97905314e-02 -5.57698775e-03  2.98350397e-02
 -1.32560893e-03  7.77501147e-03  5.37915491e-02 -7.84055237e-03
 -4.20547798e-02  7.01362044e-02  7.39035010e-02 -2.25452203e-02
 -1.19670806e-02  3.63449790e-02  7.40482211e-02  7.66487420e-02
  2.79788263e-02 -5.03516337e-03  2.53827423e-02  7.48638777e-05
 -6.13405230e-03  2.82598678e-02  3.28177847e-02 -1.54010588e-02
 -4.94477153e-02 -2.18553599e-02 -3.97206023e-02  9.18786824e-02]"
Elizabeth,"[ 5.53537458e-02 -3.27310115e-02 -4.60429378e-02 -4.89964150e-04
  6.44169673e-02  1.34335449e-02  4.97603975e-02  3.51497978e-02
 -2.49642432e-02  3.88906635e-02 -2.23351642e-03  5.59684820e-03
 -8.08023661e-03 -5.60527369e-02 -8.95045698e-03 -2.19749659e-02
  4.21415903e-02  1.43662756e-02 -5.62763959e-02 -9.31184553e-03
 -3.03816181e-02 -5.38066588e-02  1.41932722e-02 -1.26949996e-02
 -1.53791914e-02 -4.04518247e-02  3.65878232e-02 -3.36543024e-02
  1.93932559e-02 -4.99915406e-02 -1.17537938e-02 -3.59900296e-02
 -5.59336022e-02 -2.95339860e-02 -3.54589112e-02  8.35250393e-02
  1.02429679e-02 -2.51543038e-02 -2.04567071e-02  2.73512788e-02
 -1.94991548e-02  2.81993747e-02 -1.92930009e-02 -3.87459807e-02
  9.28218141e-02  7.85081238e-02  3.51661853e-02 -2.11116001e-02
  5.41342348e-02 -2.95532010e-02  6.41669482e-02 -9.19324404e-04
  6.54705688e-02  1.40371114e-01 -8.52388367e-02 -2.55590361e-02
  4.80018482e-02  1.22138392e-02 -5.82762547e-02 -7.36707747e-02
  1.62881182e-03 -7.11595938e-02 -5.87398745e-02 -2.20562089e-02
 -8.10845103e-03 -3.89579758e-02  2.72674654e-02  2.15507653e-02
  5.20453453e-02  3.68170366e-02 -5.21772774e-04 -2.24199183e-02
 -3.73587087e-02 -7.34030306e-02  7.00750621e-03 -4.06468026e-02
 -2.94524655e-02  6.03524642e-03 -7.87605867e-02  6.68658838e-02
 -6.97543696e-02  7.99398348e-02  3.27700973e-02 -4.17956784e-02
 -3.60980444e-02  7.31991157e-02 -8.04498140e-03 -2.20883638e-02
  5.69647886e-02  1.04729101e-01 -2.16658879e-02  2.14509200e-02
 -4.45105731e-02 -4.27320972e-02  1.26547145e-03  2.85305921e-02
  7.74176093e-03  4.69150916e-02 -7.04767853e-02 -1.13942539e-02
 -6.50637597e-02 -3.17325145e-02 -5.31731220e-03 -5.98905236e-02
 -1.69545729e-02  9.34025331e-04 -4.94219270e-03 -2.28875433e-03
 -3.37290540e-02  9.02140222e-04  1.55012673e-02 -2.44365130e-02
 -1.80901941e-02 -3.43641751e-02  4.96656150e-02 -2.58608628e-03
  1.90087110e-02 -9.90613773e-02 -2.25352356e-03 -8.38265289e-03
 -1.59368757e-02 -2.84894761e-02 -9.20107029e-03  6.20998733e-04
  3.79703604e-02 -5.81862368e-02 -6.19129799e-02 -1.80460699e-02
 -5.12867831e-02 -4.39476855e-02 -8.45109951e-03  1.99515074e-02
 -5.92896827e-02  4.84736823e-03  1.50101064e-02  3.94214185e-05
  6.38697064e-03  1.15007963e-02 -1.97663903e-02 -2.59703193e-02
 -9.89002641e-03 -3.09618213e-03 -3.96736935e-02  7.63557479e-02
  5.55855129e-03  4.03587781e-02  8.13934729e-02 -1.96706224e-02
  2.52876934e-02  1.50258699e-02 -2.95394827e-02  5.57734072e-03
 -5.80409095e-02  4.24133129e-02  1.89861730e-02  3.26587185e-02
  1.76789649e-02  4.35530692e-02  9.18351859e-02  2.26524342e-02
  4.81784493e-02 -2.85628960e-02 -3.84312943e-02 -3.18991132e-02
 -4.74861152e-02  5.71894459e-03 -2.29975153e-02 -2.59075537e-02
  8.08510259e-02 -9.30548273e-03 -2.74153072e-02 -3.57986055e-02
 -2.44132038e-02 -6.03187596e-03  4.98552397e-02  9.12943408e-02
 -5.92025369e-03 -3.73265222e-02 -2.23269910e-02 -6.55747578e-02
 -4.07112576e-02 -3.56266089e-03 -9.29659829e-02 -2.97046527e-02
  7.20424429e-02  5.12992218e-03 -1.48596736e-02 -4.29594330e-02
  1.49786742e-02  5.11753280e-03 -7.61351213e-02 -3.73029523e-02
 -4.87497263e-02 -1.02025084e-02 -1.27912583e-02 -7.20522702e-02
 -9.33545362e-03 -8.52193311e-02  7.38825556e-03 -7.98105262e-03
 -5.19657172e-02 -1.34107219e-02 -4.85534370e-02  2.49569956e-02
  5.45677263e-03  8.68514553e-03  2.49054581e-02 -4.09416556e-02
  2.55760066e-02  6.22836426e-02 -6.67311475e-02  5.72022377e-03
 -3.80472392e-02 -1.02167405e-01 -3.72048281e-02  3.71585451e-02
 -6.02579974e-02  5.19263260e-02  4.20970879e-02  3.03516127e-02
  3.43250819e-02 -3.95759642e-02  2.32861354e-03  3.45695093e-02
 -2.39448491e-02 -3.39374058e-02 -6.61538169e-02  3.75188701e-02
  7.14772241e-03 -1.58287846e-02 -3.33303958e-02 -1.41190626e-02
  1.00708991e-01  1.04287555e-02  6.09065555e-02 -5.15373833e-02
 -3.55624687e-03 -4.30240035e-02  7.48585397e-03  3.51278782e-02
  3.03455964e-02 -2.19147224e-02 -9.09086433e-04 -2.97831818e-02
  4.36748229e-02 -9.36020464e-02 -5.06131910e-02 -1.13943204e-01
  1.08712260e-02  6.82596583e-03  8.07776302e-02  4.12388220e-02
  5.16542420e-03 -3.36557887e-02  4.30781208e-02 -4.02125902e-02
  7.32718557e-02  1.81124676e-02 -1.13586150e-02  7.55276484e-03
  4.91306297e-02  5.53123541e-02 -4.13885154e-02 -3.90836932e-02
  2.38301195e-02 -2.01806054e-02 -9.53680184e-03 -3.68896462e-02
 -6.92948028e-02 -7.92411156e-03 -9.07022655e-02  3.24583873e-02
 -4.22812924e-02 -9.62491110e-02 -2.25680415e-03 -1.70089882e-02
 -1.36052361e-02 -5.29743847e-04  2.93595642e-02 -1.34090241e-02
 -2.32668873e-02  5.31407259e-02  4.22616601e-02  6.23734333e-02
 -4.21984643e-02  8.67573079e-03  5.63720614e-02  1.07832476e-01
 -3.50285172e-02 -6.64200038e-02 -2.23818831e-02  1.77148134e-02
  1.71024669e-02 -2.00095102e-02  5.28923422e-03  1.11740557e-02
  5.96148670e-02  1.37605444e-01 -3.23079638e-02 -5.94636165e-02
  2.73808446e-02  2.57205255e-02 -7.64759928e-02 -2.53687259e-02
  2.22036410e-02 -8.41680542e-02  3.51035260e-02 -3.81438099e-02
  8.43575690e-03  4.01751399e-02  5.84523715e-02 -6.67584762e-02
 -8.07927325e-02  2.15130597e-02  2.07785554e-02  5.42352442e-03
  5.10895178e-02 -1.65543181e-03  2.14486266e-03  4.75040497e-03
  8.39012414e-02  9.98163223e-03  9.24047306e-02  1.98774245e-02
  2.01706924e-02 -5.59515283e-02 -4.07602917e-03 -3.13345157e-02
 -2.49433587e-03 -3.77305038e-02 -3.89616820e-03  4.12752554e-02
  1.20967209e-01 -5.09000663e-03  1.03705004e-03  3.91483121e-02
  5.88441221e-03  1.65261365e-02  8.52746442e-02 -2.18513757e-02
 -1.87071860e-02 -5.54535724e-03 -3.31479684e-02  3.83684374e-02
  4.12703231e-02 -1.36807770e-03  6.22238591e-03 -3.91634414e-04
  5.88560887e-02 -4.89423461e-02  4.45716381e-02  5.66439964e-02
 -3.69848274e-02 -5.55025637e-02  3.84062603e-02  1.68243460e-02
 -6.18930091e-04  6.28120974e-02 -2.12799069e-02  1.77120790e-02
  6.90174103e-02 -4.57125120e-02 -1.44447244e-04  6.28629848e-02
  2.29101386e-02 -3.39829288e-02  9.37298462e-02  2.84829754e-02
  1.20524228e-01 -2.25268155e-02 -1.07809575e-02 -5.22656627e-02
  2.77186986e-02 -5.25346249e-02 -4.89173941e-02  2.55297292e-02
 -6.10708725e-03 -8.36712192e-04 -6.27149194e-02 -7.54558966e-02
  2.63017770e-02 -4.29826323e-03 -5.24036027e-02 -9.19912104e-03
 -7.35465810e-02  4.62040268e-02 -1.07097000e-01  2.07994916e-02
 -1.19430134e-02  1.04842795e-04 -1.19156465e-02  8.64046346e-03
 -8.32234547e-02  4.99862917e-02 -8.71798471e-02 -1.50631904e-03
  2.88683418e-02 -5.97263090e-02  4.98981588e-02  4.04738002e-02
 -2.86057200e-02  1.69196445e-02 -2.37151179e-02 -3.36523093e-02
  3.14695947e-02  2.60861795e-02 -1.47447791e-02 -7.49328686e-03
 -2.53933165e-02 -4.42664772e-02  6.36739582e-02  9.49846022e-03
 -7.99642503e-02 -3.55811859e-03  1.67667889e-03 -1.16040390e-02
 -9.47333407e-03  7.25728087e-03  3.37209227e-03  5.14933188e-03
 -1.08623337e-02  6.28387406e-02 -1.02995504e-02  1.55459465e-02
 -2.82872673e-02  6.97116181e-02 -1.86155981e-03 -7.08828308e-03
 -9.96964891e-03 -3.52490358e-02 -2.83565316e-02  7.51065761e-02
  2.53950357e-02 -2.29458623e-02 -6.12469167e-02 -8.63885358e-02
 -4.02692296e-02  1.00588128e-02  1.10828271e-02 -3.05177476e-02
  1.41500430e-02 -1.31512284e-02 -2.50654723e-02  3.46825607e-02
 -1.11315049e-01  7.36255199e-03  1.70845166e-02 -8.54530837e-03
 -1.01910839e-02 -5.53434119e-02  1.29102264e-02  1.58010144e-02
 -6.37399331e-02 -1.20036900e-02  4.44963021e-04  5.04234061e-02
  3.47418115e-02  6.16995431e-02  2.09220941e-03 -5.43393418e-02
 -4.02749330e-02  3.29659064e-03  1.73478052e-02  4.95105311e-02
 -6.86538294e-02  4.60741036e-02  1.70724746e-03  8.99385512e-02
 -1.41368667e-03 -9.87460185e-03  3.63603458e-02 -6.49196422e-03
 -4.39973688e-03  5.30351810e-02  3.55837569e-02  2.63483860e-02
  1.09380530e-02 -8.72823317e-03  4.55077691e-03 -7.85461515e-02
  1.61603000e-02  1.97477154e-02  1.67543348e-02 -1.50703102e-01
 -2.13128352e-03  2.05013491e-02  1.13500953e-02 -4.17405739e-04
  6.23904541e-02 -2.00417079e-02  1.50578637e-02 -2.65950616e-02
  7.77653418e-03  7.72747025e-03 -1.11309150e-02  4.93854051e-04
 -5.18635511e-02 -1.21519733e-02  1.62454997e-03  1.08560875e-01
  9.68329143e-03 -6.91471621e-02  1.82081126e-02  1.87778356e-03
  5.65291755e-02  8.54281783e-02  3.62516232e-02  1.60549823e-02
  1.33014834e-02 -1.30503505e-01 -2.50321645e-02  3.82911190e-02]"
Elizabeth,"[ 3.16314958e-02 -6.37230352e-02 -4.62650023e-02 -1.53038977e-03
  8.67130831e-02  3.53908315e-02  2.76589319e-02  2.21455432e-02
 -3.17123085e-02 -4.19652760e-02 -3.04377340e-02 -3.55328098e-02
 -1.16840121e-03 -8.85805860e-02  1.07111409e-02 -1.09801600e-02
  4.38323952e-02  7.72853941e-02 -2.97580343e-02 -1.65533330e-02
 -7.99110457e-02 -8.10755591e-04  5.91976680e-02 -1.16521474e-02
 -3.41316946e-02 -2.75172293e-02  2.69320142e-02  1.55073521e-03
  2.05840543e-03  2.84129232e-02 -5.20099362e-04 -2.64995508e-02
 -8.86311010e-02 -4.65450175e-02 -1.18645644e-02  2.09234003e-02
  3.87043543e-02 -3.77242155e-02 -4.10787798e-02 -3.76251712e-02
 -1.05466386e-02  7.87976757e-02  3.87244634e-02 -3.98946702e-02
  1.29735962e-01  2.92130671e-02  2.28633508e-02 -4.33955155e-02
  4.72331466e-03 -2.59837937e-02  1.04461526e-02  5.73728681e-02
  7.64215589e-02  8.42736587e-02 -1.10095128e-01 -2.38104447e-04
  3.31558138e-02 -6.94008823e-03 -2.25179978e-02  7.39780068e-03
  4.35374398e-03 -5.28342687e-02 -1.20222094e-02  3.65701062e-03
 -1.68346670e-02 -2.55509503e-02 -4.13586125e-02  5.06739840e-02
  1.08127072e-02  3.32725272e-02 -7.20380619e-02  6.56211562e-03
  2.60759797e-02 -9.86092463e-02  3.43957134e-02 -9.29834247e-02
 -2.89836712e-02 -3.78543288e-02 -5.85562065e-02 -1.34503730e-02
 -6.55267909e-02  3.05624157e-02  1.29010491e-02 -3.00477426e-02
 -2.06054747e-02  2.98852883e-02 -8.40474740e-02 -1.04648927e-02
  4.05658260e-02  7.73757771e-02  5.83398342e-02  9.65759531e-03
  6.50768504e-02 -5.44016622e-02 -2.07362622e-02 -6.40843017e-03
  1.64536145e-02  4.95143905e-02 -1.58372801e-02 -4.76841629e-02
 -5.62762581e-02 -5.09241363e-03 -3.30056585e-02  3.57442051e-02
 -1.62264220e-02 -2.67919898e-02 -4.30032127e-02 -3.60921887e-03
  6.56354288e-03  4.11757119e-02  3.38267209e-03  5.00525199e-02
 -2.48360727e-02 -1.46186899e-03  4.52844948e-02 -1.50040574e-02
 -4.65517789e-02 -6.12119138e-02  1.69925075e-02  2.37380713e-03
  6.18943619e-03 -3.08979210e-02  3.43041867e-02 -2.73348559e-02
  8.47065300e-02  2.23177057e-02 -1.82929374e-02  1.19850002e-02
 -3.65493149e-02 -2.76237242e-02 -2.27948874e-02 -2.27055993e-04
 -1.45709822e-02  3.40780877e-02 -9.21171904e-03  2.17543282e-02
 -3.97835076e-02 -3.26163992e-02 -2.20755283e-02 -9.97206382e-03
 -7.14327469e-02 -1.37749163e-03 -7.45141730e-02  8.48848224e-02
  2.59992341e-03 -6.09309003e-02  6.53013811e-02 -6.30046353e-02
  5.36700711e-02  5.81873283e-02 -2.80488823e-02 -1.15570694e-03
  1.91137642e-02  4.03188094e-02  3.03036179e-02  1.29282260e-02
 -1.51163973e-02 -1.10396752e-02  1.14247911e-01  7.10553164e-03
  4.38226946e-02 -4.94320914e-02 -6.23678640e-02 -4.93478999e-02
 -2.71200817e-02  1.85328873e-03 -1.35751134e-02 -2.38500535e-02
  5.64421192e-02 -4.43306789e-02 -1.23691624e-02  1.40264481e-02
 -1.84603222e-02  2.82401573e-02  4.61305492e-02  8.30683038e-02
  2.09274963e-02  3.22491787e-02 -1.09617850e-02 -4.01910208e-02
 -6.36506155e-02  4.71396595e-02 -7.63611794e-02 -5.76562323e-02
  5.69308102e-02 -5.62785193e-03 -1.76439267e-02 -2.35852022e-02
  4.75569330e-02  1.19761387e-02 -1.86648816e-02 -9.10917819e-02
 -4.34926860e-02 -2.93090157e-02 -1.48412166e-02 -6.70013726e-02
 -8.24500527e-03 -2.40101703e-02  5.06810728e-04 -1.46078430e-02
 -5.36256377e-03 -5.89545630e-03 -5.32526746e-02 -3.11407261e-02
 -1.50823360e-02  4.30389866e-02  1.33813936e-02 -6.20676391e-02
  2.03989353e-02  6.52456582e-02 -2.35354640e-02  2.66272984e-02
  1.57613121e-02 -7.59658962e-02 -1.15133049e-02  6.33050576e-02
 -5.39668761e-02  2.85896026e-02  3.70774083e-02 -6.30564848e-03
  1.33899478e-02 -5.31902499e-02 -4.20511477e-02  2.09347289e-02
  9.96017735e-03 -2.77280528e-02 -5.53874206e-03  3.90245020e-02
  2.91118268e-02  8.11970420e-03  3.50369141e-02 -2.33143214e-02
  9.99639481e-02  4.48125191e-02  7.63430819e-02 -5.92491738e-02
 -2.62308475e-02 -3.15628946e-02  1.92214958e-02  1.59132332e-02
  1.67504176e-02 -6.63036332e-02 -2.24111299e-03 -5.51415198e-02
  1.32861976e-02 -6.99285120e-02 -2.19987091e-02 -1.55679490e-02
 -2.66654864e-02  6.37029707e-02  7.27093294e-02 -4.66492353e-03
 -9.67375096e-03 -4.49632630e-02  6.00538924e-02 -5.32950200e-02
  4.98350710e-02 -1.38898706e-02  2.84922794e-02 -5.54352850e-02
 -1.13579081e-02  5.75539749e-03 -1.54611887e-02  1.05909528e-02
  8.38449895e-02 -3.41640823e-02 -8.73644650e-02 -2.01140027e-02
 -6.06481209e-02 -2.15135291e-02 -6.29822761e-02  3.89823318e-02
  5.23714535e-02 -7.49373809e-02  1.24811251e-02 -4.33317497e-02
  1.19221257e-02  5.08608259e-02  1.19755501e-02 -2.07984429e-02
 -2.43203603e-02  3.44295129e-02  9.26668867e-02  2.36466564e-02
 -6.67573586e-02 -3.57378311e-02  3.75278071e-02  7.98879787e-02
 -8.83206259e-03 -5.95864579e-02 -5.77220023e-02  3.75492708e-03
 -7.29038417e-02  5.18363027e-04  5.84402569e-02  2.33148523e-02
  5.04726581e-02  6.51041642e-02 -4.91937995e-02 -5.53503558e-02
  5.40820174e-02  6.34260848e-02 -1.07481992e-02 -2.12766565e-02
  5.86936101e-02  1.61655769e-02  3.98608819e-02 -3.90929878e-02
  5.67836966e-03  6.13719299e-02  5.90751506e-02 -4.83797817e-03
 -8.77165124e-02  2.56573316e-02  6.69343695e-02  7.01733259e-03
 -5.94588602e-03  3.60251889e-02 -2.86026829e-04 -2.72875540e-02
  9.16169360e-02 -7.84098357e-02  1.06615327e-01  6.70681000e-02
  1.05282953e-02 -4.57210839e-02  5.41576697e-03 -4.29958440e-02
 -1.04347989e-02 -8.51074532e-02 -2.97825392e-02 -2.79367063e-02
  1.41034529e-01 -1.42143469e-03 -1.92775913e-02  4.13906649e-02
  3.31236981e-02  5.04425392e-02  8.22377279e-02 -3.04792672e-02
 -2.27403808e-02  6.66138204e-03 -2.90075466e-02  6.07231557e-02
  1.88734774e-02  1.28703900e-02  7.28644729e-02  2.81726173e-03
  6.35398254e-02 -1.39546683e-02  3.26653346e-02  1.68557260e-02
  1.43683655e-02 -4.91898060e-02  3.72737013e-02  9.06539615e-03
 -8.09845421e-03 -3.09531321e-03  2.71058525e-03 -1.34585686e-02
  4.73486707e-02 -7.36139864e-02 -1.54275168e-02  3.70893218e-02
  1.46837840e-02 -2.03597769e-02  3.37133147e-02 -5.97575083e-02
  9.49459746e-02 -2.85665435e-03 -3.07107009e-02 -1.05255134e-02
 -2.86733210e-02 -3.34059931e-02 -2.25850753e-02  6.94410801e-02
  4.15802635e-02 -2.83000786e-02 -3.02417716e-03 -1.22934468e-02
 -1.00865467e-02 -1.84131935e-02 -6.20576926e-03 -1.31317377e-02
 -6.41154647e-02  9.35632586e-02 -3.97972390e-02  9.90446936e-03
  5.77084832e-02 -5.40295094e-02 -1.79974902e-02  4.75356467e-02
 -3.63221802e-02  4.64155748e-02  1.09013440e-02  4.57841940e-02
  8.31753388e-02  1.84547789e-02 -5.96531376e-04 -3.74332815e-03
  2.49505439e-03 -3.55306007e-02 -5.01489416e-02 -1.80248879e-02
  2.91735381e-02 -4.88668159e-02 -8.43513682e-02  1.49260303e-02
 -4.68576699e-02 -1.48430299e-02  1.02293074e-01  9.40362811e-02
 -6.98889047e-02  1.86356567e-02  4.91380095e-02 -6.20139763e-02
 -2.51550097e-02  2.26994958e-02  2.73052156e-02  1.87643953e-02
 -4.96453010e-02  1.62255783e-02 -1.88058671e-02 -1.15960342e-04
  5.03294822e-03  5.23035042e-02  1.78741235e-02  2.05784999e-02
 -8.14340860e-02  8.56482517e-03 -8.67578015e-02  6.84215650e-02
 -5.50242234e-03 -4.90065012e-03 -4.20207456e-02 -5.09500615e-02
  6.30344898e-02  2.99141910e-02 -1.25492550e-02 -5.25106750e-02
 -5.90683101e-03 -1.22575462e-02 -8.60323384e-03 -5.45424372e-02
 -5.43824695e-02 -2.55026370e-02 -3.71591048e-03 -1.15850279e-02
  5.28760254e-02 -2.37748027e-02 -5.38066262e-04  1.57492068e-02
 -2.58331615e-02 -8.39986838e-03  3.33443662e-04  4.53731045e-02
 -1.02302581e-02  3.50912958e-02 -1.49578042e-02 -3.40917669e-02
 -4.35530767e-02 -1.17390957e-02 -6.69664517e-02  3.46823893e-02
 -1.38417045e-02  3.81350555e-02  3.03813349e-02 -2.22600773e-02
  2.72642840e-02  3.17629576e-02  1.80181526e-02  2.04714760e-02
 -7.14194328e-02  2.66538989e-02  1.26553737e-02  1.80717986e-02
  1.26946985e-03 -2.54004337e-02 -2.35401909e-03 -6.95079491e-02
 -3.13020907e-02 -7.37923244e-03  6.07263409e-02 -9.59703848e-02
 -2.43889689e-02  4.51063626e-02 -4.09016423e-02 -2.74364557e-02
  1.85100567e-02 -3.61724049e-02  1.77017935e-02 -1.22601157e-02
 -4.87701558e-02 -1.38968164e-02  6.20806254e-02  2.24286411e-02
 -7.43114427e-02 -2.83003063e-03  1.84478443e-02  1.51621044e-01
 -3.65786664e-02 -9.16606262e-02 -3.60906608e-02  1.24764824e-02
  4.13203686e-02  8.34519267e-02  5.04515432e-02 -2.29304619e-02
  5.51358014e-02 -7.93489143e-02 -2.38527358e-02 -6.51205406e-02]"
Elizabeth,"[ 5.29353507e-03  1.43699571e-02 -1.49619672e-02 -4.09695543e-02
  8.96949973e-03 -2.72270460e-02  1.41281141e-02 -1.51902167e-02
 -4.06705551e-02  2.44768839e-02  5.09306192e-02 -4.19625416e-02
 -5.66408597e-03 -8.90993550e-02 -1.48861390e-03  1.55816530e-03
  3.16076055e-02  8.74726742e-04 -7.24328607e-02 -1.79559402e-02
  9.44992900e-03 -9.76884812e-02  5.29128611e-02  1.09029654e-02
  1.79174189e-02 -4.87705506e-02  3.04812361e-02 -5.59094884e-02
 -9.90400463e-03 -1.35386549e-02 -1.94185716e-03  2.56882403e-02
 -7.77085349e-02  3.00837401e-02  2.33476423e-02  8.63539353e-02
  7.57232457e-02 -8.29204768e-02 -5.17590903e-02  2.61175726e-02
 -1.01283770e-02  3.07132918e-02 -1.74116611e-03 -1.81971118e-02
  2.57859509e-02  1.93748288e-02  4.19824906e-02 -2.59514265e-02
  6.50865734e-02  3.04649258e-03  3.60672474e-02 -2.00789627e-02
  3.94680351e-02  9.59718823e-02 -2.44440772e-02 -3.58917639e-02
  1.10074421e-02 -2.38746870e-03 -6.29800707e-02  1.33479768e-02
 -1.22748800e-02  8.53718072e-03 -7.56069794e-02  6.36800099e-03
  9.01947096e-02 -5.03300391e-02  1.06896078e-02  5.19192927e-02
  5.19399308e-02  7.39639206e-03  3.18016596e-02  1.76712107e-02
 -3.65475900e-02 -4.44879830e-02  1.01339929e-02 -2.90256198e-02
 -3.22093591e-02  4.47170958e-02 -3.95451859e-02  7.03346059e-02
 -5.01162745e-02 -1.60879269e-02  3.52842286e-02  1.82379188e-03
  3.13589014e-02  3.56498063e-02 -4.55083549e-02  6.10058270e-02
  1.09912150e-01  1.06143892e-01  1.96891129e-02  5.14031500e-02
 -8.41150209e-02 -4.92039770e-02 -2.20269780e-03 -1.94144493e-03
  1.23677859e-02  3.16312239e-02 -2.03312170e-02  2.38173492e-02
 -4.82877865e-02 -2.76678707e-02 -4.38551269e-02  1.53477257e-03
 -2.90520005e-02  4.90840487e-02  2.31862478e-02 -2.96666417e-02
 -4.88404185e-03  1.59920882e-02  2.54484527e-02 -9.83041618e-03
  5.85143045e-02  7.91588519e-03 -8.15535858e-02  1.46895573e-02
 -4.81230877e-02 -7.19236955e-02  2.04522479e-02  7.20285401e-02
  3.59085575e-02 -6.89323843e-02 -1.36950873e-02  3.55678871e-02
  5.13551086e-02  9.46436822e-03 -4.92987484e-02  1.36898095e-02
 -2.10917778e-02 -6.84478208e-02  5.20186219e-03  1.40852826e-02
 -2.99962815e-02  1.31008513e-02  8.39645043e-02  4.98144813e-02
 -1.60667039e-02 -4.57788222e-02 -1.01014405e-01 -2.69657411e-02
 -6.29613176e-02 -2.84801889e-02 -6.81832433e-02  1.83265097e-02
 -6.03283830e-02  1.57574527e-02  1.57629047e-03  1.52320303e-02
  8.99966359e-02  1.63155682e-02 -3.22809815e-02  1.51835280e-02
  1.85424680e-04  5.82235381e-02 -2.06275238e-03  7.60471523e-02
  1.14838043e-02  4.62346114e-02  4.84519452e-02 -1.57618355e-02
  5.98772317e-02 -2.71038637e-02 -7.06104711e-02 -2.26470493e-02
 -1.07335299e-02 -3.70639041e-02 -3.07985628e-03 -9.69349407e-03
  5.27319275e-02 -7.43468553e-02 -5.31779230e-02 -6.11147881e-02
 -8.99416283e-02  1.05265155e-03 -1.23655647e-02  5.06021455e-02
  2.02044602e-02 -5.69135835e-03 -6.06415123e-02 -1.16800256e-01
 -2.47140620e-02  2.33760718e-02 -8.54926929e-03  3.41927297e-02
  9.15592629e-03  2.17802674e-02 -1.68240033e-02 -1.24877337e-02
 -5.78080527e-02  2.74940878e-02 -9.43128765e-02 -2.47490704e-02
 -2.12594904e-02 -1.59085840e-02 -5.33071570e-02 -3.71914655e-02
 -1.90023724e-02 -1.54375285e-02  3.05552725e-02  4.52672429e-02
 -7.71580786e-02 -2.14428436e-02 -4.21755239e-02  3.93689089e-02
  2.60217935e-02 -1.68572180e-02 -1.46141741e-02 -3.17974947e-02
 -1.54037047e-02  4.86611128e-02 -6.07758574e-02  2.91204751e-02
  5.00026450e-04 -6.59009591e-02 -7.07806125e-02  3.88117731e-02
 -2.90499907e-03  5.96953779e-02  6.83266222e-02  4.46004346e-02
  5.92437275e-02 -2.44630426e-02  2.13177763e-02  9.38652363e-03
 -8.53412598e-03 -8.11073231e-04 -8.04108381e-02  1.56516284e-02
 -3.22644562e-02  1.12498151e-02  1.28683785e-03  2.73048691e-02
  2.90336683e-02  3.61277275e-02  1.31767660e-01 -6.95505962e-02
 -9.54807084e-03 -1.73703618e-02 -1.71489585e-02  2.22544428e-02
  9.87063441e-03  9.71076638e-03 -2.02793069e-02  8.91805743e-04
  5.07712476e-02 -5.81824891e-02 -5.32033667e-02  4.40689083e-03
  7.26546943e-02 -3.74496914e-02  5.95520809e-02 -9.30100586e-03
  2.60764398e-02 -7.13449121e-02 -3.23252939e-02 -7.09614009e-02
  8.30221176e-02 -3.77520570e-03  3.15937474e-02 -1.16420619e-03
  5.13687208e-02 -1.29803317e-02 -2.60096118e-02 -6.12777751e-03
  5.56511804e-02 -5.38745113e-02 -9.46753845e-02  5.49222901e-03
 -2.83048861e-02 -1.81582030e-02 -4.27396446e-02  4.05598897e-03
 -1.00119207e-02 -5.82244843e-02 -3.44557352e-02 -4.30887518e-03
 -4.46549989e-02  1.84706859e-02 -5.01904450e-02 -1.15792407e-02
 -3.38452347e-02  2.24107523e-02  5.38287312e-02  1.11837283e-01
 -2.94072423e-02 -5.56374863e-02  5.93685955e-02  1.96728073e-02
 -1.47216010e-03 -6.57970384e-02 -3.14054191e-02  7.11239269e-03
 -3.34103703e-02 -2.87194625e-02  7.33667053e-03  2.30300371e-02
  8.96356925e-02  1.06572330e-01 -6.60987124e-02  1.09870788e-02
  5.44982171e-03  2.28824448e-02 -7.81424716e-02 -1.82322115e-02
  7.67596960e-02 -5.62597401e-02  5.00594638e-02 -1.05253756e-02
  2.40540653e-02 -5.79299079e-03  1.56157343e-02 -4.80306447e-02
 -8.64303857e-02 -5.42950071e-02  7.86762908e-02  1.45854279e-02
  2.74232794e-02  1.15921730e-02  7.93823972e-03 -2.70692408e-02
  4.48995493e-02 -4.82651740e-02  8.45806375e-02  3.44316848e-02
  2.24050246e-02 -3.20531130e-02  1.76765788e-02  4.94020358e-02
  4.81484532e-02  5.08279959e-03  1.90052651e-02  4.94348407e-02
  4.36693542e-02  6.99269958e-03  2.97214184e-02  5.09084575e-02
 -3.47548127e-02  5.44276983e-02  2.46354863e-02  3.16797830e-02
 -2.57742349e-02 -1.94385201e-02 -6.90828487e-02  1.08404709e-02
  7.97857791e-02  3.53386179e-02  4.60386090e-02  1.92692000e-02
  8.22306126e-02 -2.76069790e-02  5.14607690e-02  1.48564149e-02
  1.27796996e-02 -2.00218968e-02  5.22563271e-02 -8.11617263e-03
 -5.17376736e-02  3.94872129e-02  1.20157227e-02 -8.00862350e-03
  4.85466123e-02 -7.69891068e-02 -1.03523672e-01 -5.38965017e-02
  3.48923169e-02 -3.15113328e-02  7.61456788e-02 -2.94463355e-02
  2.45257635e-02  2.16541365e-02 -1.90102328e-02 -3.43111493e-02
  1.04735894e-02 -1.53747015e-03 -2.24140640e-02 -6.49210718e-03
  7.21111223e-02 -3.16506475e-02 -4.62763757e-02 -6.91390363e-03
  4.13403213e-02 -1.14162462e-02 -2.83168238e-02 -3.47389728e-02
 -8.37799907e-02  5.17243370e-02 -9.24908742e-02  6.15271851e-02
  3.85681875e-02  4.20788154e-02 -8.80421326e-02  5.35358787e-02
 -6.88489079e-02  4.07089666e-02  8.13463982e-03 -5.91899641e-02
 -9.39390529e-03 -3.72420810e-02  2.46516783e-02 -1.10614104e-02
 -1.36334321e-03  1.01662101e-02  2.38160752e-02 -4.94393259e-02
  2.31769960e-02 -2.78168079e-02  5.29774390e-02  2.41327211e-02
 -9.23849642e-03 -2.46786866e-02  6.04646988e-02 -2.20655147e-02
 -7.32200891e-02  4.44461070e-02 -4.18382101e-02 -4.39175218e-02
 -2.74013053e-03 -2.84946524e-03 -3.34298275e-02  4.34346162e-02
  2.66498281e-03  7.48979077e-02 -5.00635281e-02  5.74283041e-02
  4.39365767e-02  8.99326131e-02  1.40436683e-02 -1.61575973e-02
  7.28825806e-04  1.97005384e-02 -2.62979511e-02  4.89705615e-02
  5.54522350e-02  2.14737910e-03 -3.10477223e-02 -7.84816667e-02
  1.93577574e-03  2.29056366e-02 -8.47262964e-02 -5.97321130e-02
  3.95077048e-04 -3.37297618e-02  3.53285670e-02  1.93912555e-02
 -2.23558359e-02  9.53449309e-03  3.68396901e-02  4.37938459e-02
  1.77375134e-02 -1.18544251e-02  3.88453379e-02 -1.43526960e-02
  4.98603135e-02 -3.25656682e-02  1.20458286e-02  9.45501924e-02
 -5.99960145e-03  1.16963923e-01  2.94748414e-02 -5.40842451e-02
  2.31856536e-02  1.69197321e-02 -3.11972760e-02 -1.82423908e-02
 -6.05428265e-03  1.13141490e-02  3.35435160e-02  6.25910051e-03
 -8.15898087e-03 -8.18305556e-03  6.47836030e-02  1.84769481e-02
 -4.71477397e-02  5.16822450e-02  4.17797565e-02  1.53008923e-02
 -1.18104797e-02 -2.97757536e-02 -8.36542714e-03 -5.07397912e-02
  5.57877645e-02  1.33126033e-02  3.07116043e-02 -6.24929033e-02
 -6.01062253e-02  1.15724644e-02  4.83836755e-02  1.86335156e-03
  3.90698314e-02 -3.81540023e-02  2.40861550e-02  1.23253572e-04
 -1.73882935e-02  4.38331217e-02  4.13902141e-02 -1.37695316e-02
 -8.18243027e-02  4.26435210e-02  3.34443115e-02  5.36875278e-02
 -7.66964555e-02 -9.59714279e-02  3.59118246e-02  3.69961597e-02
  4.76371981e-02  1.85227674e-02 -4.44935746e-02  5.63540980e-02
  2.90007722e-02 -1.00626789e-01  4.22061533e-02  4.93502691e-02]"
Elizabeth,"[ 0.00617698 -0.05684067 -0.04275111  0.01361976  0.06663856  0.01558027
  0.01472914  0.04233307 -0.04257085  0.0276003   0.01564969 -0.03333642
 -0.02425385 -0.11074264 -0.02829513 -0.01179413  0.01613216  0.04759466
 -0.00375922 -0.04345974 -0.02804511 -0.01031746  0.02351664 -0.00810868
 -0.01877901 -0.02981704  0.03027129 -0.04193634  0.0120241  -0.01888548
 -0.01975606 -0.05085909 -0.07385004  0.01262699  0.01434247  0.03113943
  0.05367463 -0.05695222 -0.02349013 -0.00545202  0.00555545  0.02259898
  0.03998946  0.01824266  0.09050287  0.057399    0.00438332 -0.06648723
  0.0352737  -0.01174891  0.05097319  0.04901972  0.09548919  0.15586448
 -0.03972501 -0.01049963  0.03112895  0.01754313 -0.07063456 -0.0469094
  0.05130783 -0.07134128 -0.05963988 -0.00620053 -0.012478   -0.0171245
 -0.0013585   0.06434321  0.05280337  0.02129468 -0.04601692 -0.026989
 -0.01175598 -0.04817711  0.02504045 -0.02580998 -0.05481058 -0.01355209
 -0.057361    0.01976482 -0.04828409  0.07312056  0.01028995 -0.02751195
 -0.0719595   0.14094502 -0.04571491 -0.00208399  0.0989228   0.10019202
  0.00517053  0.01982326 -0.02817924  0.01110456 -0.05074776  0.05976067
  0.02910309  0.06412522 -0.05350944 -0.04160317 -0.10323473 -0.06045132
  0.0137489  -0.04828247 -0.04073151 -0.04341078 -0.02475137 -0.06700262
 -0.06934476 -0.01118694  0.00839592  0.03595026 -0.03629234 -0.01235882
  0.05750377  0.01833993 -0.0072176  -0.03612357 -0.03808652  0.02039951
 -0.00902078 -0.02650066  0.02286846  0.05667872  0.06681943  0.02222194
 -0.0486876   0.01347599  0.00076093 -0.03334604 -0.01132932  0.02470707
  0.00250699  0.01326316  0.05199617 -0.02930244 -0.03981958 -0.03221923
 -0.04853687  0.01905699 -0.09697281 -0.00258787 -0.0228641   0.07391325
 -0.04902158 -0.0054559   0.07053836  0.01974256  0.0684172   0.0288188
 -0.00459712  0.00300155 -0.03409309  0.01470894 -0.01525961  0.01019832
 -0.01356278  0.03564074  0.11111965  0.03188363  0.06076869 -0.0585757
 -0.06528212 -0.02856144 -0.04304169  0.04175488 -0.07602456 -0.03883693
  0.1259132   0.03396596 -0.01686335 -0.01747383 -0.03307442  0.02013767
 -0.01788288  0.08013     0.00597568  0.05321484 -0.02249656 -0.07825972
 -0.03145626  0.02622488 -0.02596898  0.00364371  0.04357833  0.00291213
  0.01607412 -0.03263636  0.03878174  0.00526056 -0.00591025 -0.01303652
 -0.05449678 -0.0063811  -0.07001431 -0.10089442  0.01101    -0.06134588
 -0.01417472  0.00814097 -0.00126991 -0.01393156 -0.0277734  -0.01693077
 -0.03827883  0.05413783  0.0137098  -0.00520004  0.00976085  0.04232885
 -0.0420525   0.02162836  0.01155562 -0.05125106 -0.07430339  0.02541974
 -0.06463468  0.04629027 -0.00927319  0.0287538  -0.00428848 -0.05678291
  0.02259548  0.03052036 -0.00042531 -0.00531428 -0.03118888  0.01225593
  0.06407461 -0.02192041  0.01089761 -0.00028494  0.09508131  0.05187035
  0.0611119  -0.02071359 -0.00372395 -0.02914704  0.00702357  0.07406785
 -0.02150622  0.01135064 -0.04492018  0.03438401 -0.01655816 -0.08525844
 -0.01503688 -0.03127299  0.0108679  -0.00064375  0.06912854  0.02407588
  0.02465977 -0.04164856  0.05499681 -0.04852229  0.05101234 -0.00186385
  0.01951313 -0.04063778  0.07562494 -0.00204072 -0.05031906  0.03239998
 -0.00142161  0.00840276 -0.01830695 -0.03593492 -0.07975847 -0.01114688
 -0.08385821  0.03960083 -0.00837209 -0.06110604  0.04867114  0.00129306
 -0.01356392  0.01414661  0.03681539 -0.00394683 -0.05950902  0.0256131
  0.04014469  0.02615176 -0.03364376  0.00962198  0.02140572  0.09150229
  0.01465615 -0.01250596  0.00440593  0.03813319 -0.00053095  0.03086883
  0.02191362  0.06982046  0.0330858   0.08585063 -0.02750407 -0.02291771
  0.00575332  0.08827458  0.01737659  0.03867938  0.08349933 -0.08121458
  0.06941359 -0.02311793 -0.01833717 -0.00427061  0.06975538  0.00121492
 -0.00744104  0.0116697   0.10035254  0.00449188  0.0398274   0.0309074
  0.04768223  0.01020049  0.0799354  -0.02463845  0.10518018  0.05696692
  0.01013615 -0.05893686  0.05341553 -0.0720225  -0.01013528  0.00387055
 -0.03578966 -0.01608413  0.05557049  0.03609048  0.01657252  0.06032394
  0.02077298  0.04321894  0.08517665 -0.03050965  0.03556287 -0.01009792
  0.00819879  0.02761144 -0.0328075  -0.03496381  0.01991491 -0.00044451
  0.04254343  0.01463086  0.02408152  0.04316559 -0.00728273 -0.02839367
  0.06212453  0.04473984  0.03297172  0.01846189 -0.04814379 -0.0497042
  0.05334248 -0.06690424  0.02009187  0.05304753  0.05958929 -0.06007002
  0.05290336  0.0242438   0.06975549 -0.00976648  0.02249484 -0.02282224
  0.00169662 -0.07825061 -0.0652063   0.05636553  0.02263983 -0.05911734
 -0.0215408  -0.03870325  0.04940414  0.04525481  0.0610824   0.0014837
 -0.03622696  0.04277278 -0.06357796 -0.01374368  0.03477094 -0.02125363
 -0.03968102  0.01676509 -0.04526344  0.04338168 -0.03908618 -0.01412155
  0.04403847  0.03035338 -0.01586433  0.02190834 -0.02693969 -0.04717528
 -0.00350584 -0.02844088 -0.00140166  0.00812234  0.0144575   0.04246913
 -0.00951713 -0.03567779  0.07461381  0.05067085 -0.10196482  0.00223317
 -0.00164572 -0.01425987 -0.04939944 -0.01016424  0.01150353  0.03198785
 -0.01971198  0.06208775  0.02093757  0.03249286 -0.04673969  0.06618382
  0.01988718 -0.00323223 -0.01709148 -0.07742406 -0.01927605  0.10362699
  0.0560086   0.02855719 -0.04524297 -0.07706078  0.06704734  0.00279194
 -0.03111065 -0.00294763 -0.02720208  0.00241288 -0.04806061 -0.00395308
 -0.05309495  0.02903836  0.01971597 -0.01581489  0.04982683 -0.07544497
 -0.00383546  0.05237706 -0.00497973 -0.03496404 -0.04585899  0.03724284
 -0.00101369  0.08294349 -0.03302131 -0.0583195  -0.01085698  0.00793503
  0.01026799  0.08288512 -0.06889694  0.00778345 -0.01415488  0.01496504
  0.01189926 -0.02080741  0.03865201  0.03960053 -0.06790254  0.03400616
  0.02793106  0.02951699 -0.01582368  0.00537964 -0.03510514 -0.07555569
 -0.0378318  -0.01693698  0.05413716 -0.08017121 -0.00642222 -0.00361814
 -0.0051357  -0.0213259   0.01205567 -0.08756757  0.00092071 -0.0341403
 -0.00735058  0.00983308  0.04661119  0.01484364 -0.00153385  0.00971369
 -0.00222152  0.14166331 -0.00990664 -0.07185355 -0.01569465  0.03696275
  0.01738784  0.08626867  0.02758409 -0.01725305  0.04400746 -0.10856219
 -0.02857721 -0.02056304]"
Elizabeth,"[ 8.08765739e-03 -1.00486232e-02 -4.70822304e-03 -1.15716672e-02
  7.22515434e-02  6.04023039e-03  3.20855305e-02  2.34305877e-02
 -1.49931749e-02 -1.12769147e-02 -1.87963303e-02 -2.44606752e-02
 -3.84271219e-02 -8.27227831e-02 -3.57768312e-02 -1.48975309e-02
  3.50421332e-02  4.02885824e-02 -5.47884330e-02 -6.71205744e-02
 -3.28083038e-02 -2.83267181e-02  2.99602337e-02 -4.48663998e-03
 -1.48935728e-02 -6.36221915e-02  3.99112441e-02 -3.81028987e-02
  3.17670368e-02 -4.70680036e-02  2.96917441e-03 -7.74521241e-03
 -3.05032432e-02  9.28231690e-04  2.02185046e-02  1.01126626e-01
  6.28867224e-02 -6.11757450e-02 -5.01439497e-02  1.56985819e-02
  2.68555712e-02  2.25311075e-03  5.38601056e-02 -3.90758701e-02
  7.41521791e-02  3.24105509e-02 -5.15964534e-03 -2.97579132e-02
  3.03411447e-02 -1.91773865e-02  7.30444938e-02  4.80911173e-02
  9.18990821e-02  1.36052221e-01 -3.46964374e-02 -2.77433004e-02
  3.86793353e-02  2.74164788e-02 -1.58871915e-02 -4.92372774e-02
  1.78414921e-03 -6.46491945e-02 -3.03414948e-02 -6.89562131e-03
 -5.75828413e-03 -2.76660770e-02 -1.87597889e-02  1.10564433e-01
  5.17348982e-02  2.17378959e-02 -1.96608324e-02 -4.60264385e-02
 -2.22131703e-03 -5.95248491e-02  6.58081844e-02 -6.51221946e-02
 -3.88581380e-02  3.15892361e-02 -1.11330666e-01  3.78670581e-02
 -5.92024103e-02  4.73032556e-02  1.89573728e-02 -3.29701379e-02
 -3.39157134e-02  7.67690837e-02 -2.02715285e-02 -1.78820752e-02
  9.39299837e-02  1.09578550e-01  1.36165684e-02  5.38373664e-02
 -1.19199045e-02 -3.56801823e-02 -4.65293154e-02  2.76248138e-02
  1.58452266e-03  6.37130290e-02 -6.47622123e-02 -1.73282623e-02
 -3.96719053e-02 -2.46410854e-02 -2.69858688e-02 -6.25234246e-02
 -3.64938714e-02 -3.74454260e-03  3.90614308e-02 -4.88792285e-02
 -1.76887456e-02  1.03454851e-02  2.40154006e-02  3.53803150e-02
 -1.90255120e-02 -7.06576928e-03  3.19725089e-02  1.47050023e-02
 -1.01526929e-02 -9.34039056e-02 -3.49437678e-03  1.26415482e-02
 -1.64074302e-02 -1.32982694e-02 -1.96842495e-02  2.33938377e-02
  3.04346234e-02 -6.64011855e-03 -1.56355146e-02  8.69723444e-04
 -5.11781592e-03 -1.27948439e-02 -1.56795979e-02  2.20131185e-02
 -2.14726832e-02  1.05494782e-02  3.74446362e-02  2.02682950e-02
 -2.54397783e-02 -4.69615161e-02 -5.72319403e-02 -4.07771692e-02
 -4.91543077e-02 -1.71649829e-02 -4.52442653e-02  8.26405585e-02
 -2.37051565e-02 -6.40729582e-03  5.96068241e-02 -8.87709111e-03
  8.34279880e-02  1.13485884e-02  1.02212438e-02 -5.92945097e-03
 -4.44107056e-02  1.89384092e-02  1.75522938e-02  4.92888875e-02
 -3.72810885e-02  3.05779483e-02  1.04333602e-01  1.79310422e-02
  5.53147458e-02 -4.10581529e-02 -4.83734272e-02 -1.91649012e-02
 -3.75557095e-02  1.33623490e-02 -5.51242791e-02  1.19372830e-03
  5.79798855e-02 -6.82654744e-03 -2.51136795e-02 -6.26941323e-02
 -6.11102581e-02  1.64900310e-02  2.11418588e-02  7.66011253e-02
  7.91921280e-03  1.96132762e-03 -5.35988174e-02 -9.58722010e-02
 -4.45105769e-02  2.92959679e-02 -5.54943196e-02 -3.98841202e-02
  4.47836556e-02  5.29541774e-03 -2.23485306e-02 -4.49635126e-02
  2.31739692e-02  4.59561124e-02 -2.60464381e-02 -1.60502433e-03
 -7.10040852e-02 -2.86176633e-02 -3.74804474e-02 -1.00437216e-01
 -1.56604256e-02 -4.27030362e-02  6.13637967e-03 -1.84904188e-02
 -6.40263930e-02 -2.33656261e-02 -1.18081057e-02  1.37727717e-02
  4.35239123e-03 -2.05647219e-02  1.97011363e-02 -2.44366452e-02
  1.11817783e-02  7.24583045e-02 -4.14468274e-02  2.00638007e-02
  1.34584242e-02 -3.99238467e-02 -6.38660938e-02  3.88455875e-02
 -4.07355726e-02  3.85121293e-02  1.52125927e-02  2.78826356e-02
  2.47291643e-02 -4.61091921e-02 -1.64598855e-03  2.38327477e-02
 -3.12676802e-02 -2.12956201e-02 -6.39736950e-02  1.98003203e-02
  2.11312789e-02 -8.21349956e-03  8.07482935e-03 -1.37803312e-02
  7.56371021e-02  5.32635227e-02  9.33584347e-02 -7.15085790e-02
 -9.14184202e-04 -2.22892892e-02  2.69045564e-03  3.47193182e-02
 -2.80321087e-03 -2.95324046e-02  3.63036781e-03  7.23684032e-04
  3.01022232e-02 -9.07830670e-02  5.01686824e-04 -7.54571334e-02
  4.06843331e-03 -2.23096479e-02  8.24709907e-02 -1.44539671e-02
  7.03019649e-03 -5.35268933e-02  2.47620419e-02 -8.02054331e-02
  6.78453073e-02 -1.39587317e-02  2.61152480e-02 -3.31825390e-03
  5.33863753e-02  4.48170416e-02 -3.00085619e-02 -1.95946097e-02
  2.79682260e-02 -5.49787022e-02 -5.04799895e-02 -1.61357969e-02
 -6.73799515e-02 -1.56762265e-02 -5.74098565e-02  4.26301546e-02
 -2.49030311e-02 -8.74617696e-02  3.42039317e-02 -4.49331999e-02
 -1.82564799e-02  2.97547821e-02  3.82842608e-02  1.36237256e-02
 -4.59739082e-02  3.52574922e-02  5.44213839e-02  3.46489064e-02
 -5.68156727e-02 -2.74064671e-02  2.87129339e-02  8.19493681e-02
  2.36783661e-02 -6.16627596e-02 -3.80002595e-02  5.10708690e-02
 -1.93413664e-02 -4.63252328e-02  4.47297730e-02  5.44048809e-02
  8.43223855e-02  1.03763118e-01 -3.69269922e-02 -9.60856862e-03
  2.67474633e-02  5.51951341e-02 -4.29554656e-02  2.08194461e-02
  7.19463974e-02 -8.00045505e-02  7.07598776e-02 -5.32018803e-02
  3.59585322e-02  1.66414911e-03  5.16097769e-02 -1.66934635e-02
 -6.99938238e-02  1.34800486e-02  8.63472894e-02  2.11803522e-03
  7.74534270e-02  8.18500016e-03  3.93402241e-02 -2.33207066e-02
  1.07492283e-01 -4.51727025e-02  1.03948578e-01  5.27289249e-02
  1.53895747e-02 -5.84097095e-02  2.45245136e-02 -2.96021271e-02
  5.52351028e-03 -3.56311388e-02 -3.77977565e-02  9.94246267e-03
  1.10913329e-01  2.04144558e-03 -1.98232085e-02  6.35484457e-02
  1.01102395e-02  3.48515138e-02  7.86340758e-02 -3.85675095e-02
 -3.72302979e-02 -2.83901077e-02 -4.27944735e-02  6.00524852e-03
  4.79102805e-02 -1.73517372e-02  2.37614568e-02  1.73511039e-02
  8.17379802e-02 -3.44803520e-02  4.02847230e-02  2.40806695e-02
 -1.55656431e-02 -1.11378254e-02  4.05957028e-02  1.66388378e-02
 -7.75680738e-03  6.85569495e-02 -2.74737086e-02  1.39854699e-02
  5.07373847e-02 -6.53141439e-02 -2.09165532e-02  4.46495898e-02
  4.89467569e-02 -2.97256857e-02  4.71236035e-02  2.75763255e-02
  8.62881541e-02 -1.20805344e-02  1.59292128e-02 -5.52219637e-02
 -2.54180636e-02 -3.70429382e-02 -6.36054575e-02  4.96969223e-02
  1.66834481e-02 -4.69350144e-02 -3.82908806e-02 -1.14690764e-02
  7.31071411e-03  4.57517430e-02 -9.72529873e-03 -3.64519213e-03
 -5.91965728e-02  6.88153058e-02 -1.06685214e-01  2.58841813e-02
  3.20564583e-02 -2.17788313e-02 -4.80872281e-02  4.56858091e-02
 -4.23617885e-02  5.52682988e-02 -5.22751883e-02 -3.97003964e-02
  5.50651290e-02  8.18503927e-03  2.67475378e-02  2.56393030e-02
  7.59340962e-03 -3.63935642e-02 -2.58501340e-02 -4.82822731e-02
  2.04089954e-02 -2.42240038e-02 -2.91984668e-03  8.11670441e-03
  1.03058172e-02  4.88880137e-03  8.63519534e-02  3.44823264e-02
 -9.68748182e-02  2.17017587e-02 -1.89425908e-02 -4.93028611e-02
 -5.59340715e-02 -8.81976914e-03 -1.31541668e-02  3.54382582e-02
 -3.53191905e-02  7.00069070e-02 -3.07979435e-03  7.94641790e-04
 -3.74995992e-02  5.80808595e-02  3.07298824e-03  1.22184092e-02
 -3.28298435e-02 -3.91591527e-02 -5.97598627e-02  9.97819155e-02
  2.33216770e-02 -7.56937684e-03 -3.81847247e-02 -9.91315842e-02
  1.21295657e-02  6.67485269e-03 -1.09369550e-02 -5.66599704e-02
  2.21700519e-02 -2.26733349e-02  9.87995230e-03 -3.00550889e-02
 -7.92170987e-02  1.09794196e-02 -1.15817158e-04  1.86060499e-02
  2.77353097e-02 -4.20292132e-02 -2.07492616e-03  9.61063663e-04
 -4.62928452e-02 -3.24718915e-02 -4.39863764e-02  8.27516168e-02
 -2.72725411e-02  6.13700189e-02  5.00761392e-03 -1.99787226e-02
 -2.18553748e-02  1.49974450e-02  5.81065379e-03  2.65491884e-02
 -5.86076118e-02  1.56651922e-02  2.76612919e-02  1.07203480e-02
 -1.40494304e-02  1.23185217e-02  4.08616550e-02  8.06294102e-03
 -5.70937395e-02  3.77058201e-02  3.77784707e-02  5.06503396e-02
  1.01706097e-02  1.22138178e-02  7.61004107e-04 -8.16123113e-02
  1.87464971e-02 -1.01686846e-02  2.39408333e-02 -1.10696658e-01
 -2.48387884e-02 -8.75151064e-03  1.87519584e-02 -1.03441896e-02
  1.75136272e-02 -5.53657822e-02  6.92111300e-03 -2.53188200e-02
  1.38649456e-02 -8.58943816e-03  4.48443145e-02  1.50149884e-02
 -8.04908574e-02  3.92392799e-02  1.78387947e-02  1.33296683e-01
 -5.56341670e-02 -7.76691511e-02  1.40513908e-02  3.65394540e-02
  5.52896224e-02  7.03593642e-02  3.44514921e-02 -2.27776393e-02
  4.20411937e-02 -1.23594455e-01 -5.57060633e-03  8.67453869e-03]"
Elizabeth,"[ 9.95085910e-02  2.94993222e-02  3.39794420e-02 -2.91479588e-03
  5.11835888e-02 -2.76939888e-02  6.24437444e-03  1.58751756e-02
 -3.79301943e-02 -4.08474803e-02  2.90408893e-03 -8.29107687e-02
  1.70162302e-02 -6.65368959e-02 -1.89009551e-02 -6.29910305e-02
  1.46096274e-02  1.22576281e-02 -1.25843277e-02 -4.07421440e-02
  2.25475151e-02 -4.75784577e-02  1.17522497e-02 -1.05675356e-02
  1.20662292e-02 -2.74204612e-02  6.71889633e-02 -5.84669001e-02
  4.47497517e-02 -7.58755654e-02  2.33322065e-02 -3.20027163e-03
 -3.18763107e-02 -4.31741923e-02  7.51399472e-02  3.90164144e-02
  2.51396969e-02 -3.10004111e-02 -1.60328951e-02 -2.68645026e-02
 -3.98090370e-02  4.75905761e-02  3.57100852e-02 -6.74091578e-02
  4.44437824e-02  3.90396640e-02 -1.99063942e-02 -4.59179878e-02
  1.72127895e-02 -2.82268189e-02  8.00008997e-02  1.27950897e-02
  1.41805923e-02  8.39563832e-02 -6.83930367e-02 -2.77465191e-02
  7.66926631e-02 -2.01708241e-03 -6.98444471e-02 -1.01965852e-02
 -6.65782858e-03 -5.43221906e-02 -4.56983633e-02  2.90243980e-03
 -2.12233253e-02 -5.12836277e-02  2.00885702e-02  6.22546934e-02
  6.47583008e-02 -1.80302616e-02  2.41068378e-02  1.72134191e-02
 -6.89890683e-02 -3.97358499e-02  3.98294479e-02 -1.02904640e-01
 -2.76695658e-02  2.99301688e-02 -6.11178689e-02  6.38916641e-02
 -3.69992815e-02  4.94440719e-02  1.14971967e-02 -2.85888221e-02
 -2.66212281e-02  8.04732293e-02  2.37258021e-02  1.54257342e-02
  8.67066905e-02  1.56959102e-01 -2.84410678e-02 -2.45340657e-03
 -2.29668505e-02 -5.46726175e-02 -1.21073902e-03  1.48064187e-02
  2.07557809e-04  3.62029262e-02 -7.93104693e-02 -5.53736649e-02
 -4.98074740e-02 -1.27644604e-02 -1.35958958e-02  1.02230604e-03
  3.38398293e-03 -1.13059338e-02  1.55758783e-02 -1.76505484e-02
 -1.33016156e-02  2.99359974e-03  5.80348894e-02  1.90630667e-02
  1.53649952e-02 -1.91095751e-02  1.34002315e-02 -1.18781263e-02
  1.50792440e-02 -6.74385801e-02  2.04433985e-02  5.47800697e-02
 -1.72619261e-02  6.57538557e-03 -5.88825606e-02  1.33670690e-02
  2.49324962e-02  2.07793154e-02  1.61936530e-03 -2.83627659e-02
 -2.27652863e-03  2.89343088e-03  2.72582192e-02  8.44515488e-02
 -2.32203845e-02 -1.13931429e-02  8.67660791e-02  2.76511423e-02
 -2.58966498e-02 -1.98885389e-02 -5.21131903e-02  1.17017224e-03
 -2.57962495e-02 -7.98225775e-03 -6.15651868e-02  3.77374957e-03
 -5.26785292e-02 -5.60743688e-03  4.58700955e-02 -2.84556928e-03
  9.19613540e-02 -3.82359838e-03  2.74382625e-02 -6.88597036e-04
 -2.98791323e-02  1.69520099e-02  6.66805077e-03  6.07645027e-02
  1.63519941e-02  3.16743255e-02  1.03531428e-01  2.19079759e-02
  3.52857113e-02 -5.94051518e-02 -3.96831483e-02 -5.27396314e-02
 -4.82326224e-02 -2.88837450e-03 -2.37581786e-03  5.97261963e-03
  3.48996110e-02 -2.78090290e-03 -3.95813733e-02 -2.75181662e-02
 -5.54402173e-02 -6.91163614e-02  2.36858185e-02  4.81030680e-02
 -4.18020450e-02 -3.58616784e-02  9.41146072e-03 -6.68244734e-02
 -1.60311512e-03  6.42575789e-03 -7.07416162e-02 -1.51663562e-02
  5.54242320e-02  8.40597004e-02 -5.94677925e-02 -2.08098833e-02
 -1.23996090e-03  9.08516645e-02 -6.49071932e-02 -2.39809044e-03
 -5.10225706e-02 -2.59694457e-02  3.31881689e-03 -6.38033375e-02
 -5.01246229e-02 -6.95056394e-02  2.49497481e-02 -3.74976248e-02
 -4.27733660e-02 -4.69050482e-02 -5.49299121e-02  6.60778135e-02
 -1.09930830e-02  2.76078656e-02 -6.39481843e-02 -1.82593183e-03
 -9.28331353e-03  4.06487174e-02 -5.70175759e-02 -2.01925952e-02
  6.36342401e-03 -7.05888718e-02 -6.08612224e-02  2.13624593e-02
 -2.91959122e-02  4.47050966e-02  5.37235476e-02  5.13365380e-02
  3.60472538e-02 -3.83527912e-02 -6.01984896e-02  6.80137277e-02
 -3.62274051e-02  1.16550159e-02 -6.28793091e-02  3.20051536e-02
 -3.07712634e-03 -4.67620715e-02  2.93589253e-02  1.30427871e-02
  6.34504110e-02  4.91322111e-03  9.55348909e-02 -6.79615289e-02
 -4.09779027e-02 -4.02672961e-02  9.17983502e-02  1.61838122e-02
  9.91104729e-03 -9.52703878e-03 -1.96129121e-02 -2.87332572e-02
  2.46089157e-02 -1.04942873e-01 -2.87384856e-02 -4.30021361e-02
 -3.56393401e-03 -7.91336969e-03  4.70094122e-02 -3.38483714e-02
  1.02014886e-02 -6.09123856e-02  1.59110650e-02 -5.38582467e-02
  8.45810920e-02  1.22520728e-02  2.00433005e-03 -2.63457093e-02
  2.39376705e-02  2.91283950e-02  1.69416005e-03 -1.41646175e-04
  7.05376789e-02 -3.01813949e-02 -3.12800147e-02  1.46130947e-02
  8.54050275e-03  2.87253521e-02 -5.46936765e-02  8.09971467e-02
  6.80633038e-02 -9.27405581e-02  1.03251357e-03 -1.65779144e-02
  6.71046646e-03  1.32865943e-02  2.72729597e-03 -4.63301018e-02
 -8.17197338e-02  4.57310863e-02  9.00455043e-02  3.56133208e-02
 -2.74360161e-02 -3.08321957e-02  6.66788146e-02  2.49957498e-02
 -7.01750349e-03 -5.33663779e-02 -1.52706699e-02 -3.24627198e-02
 -2.77281012e-02 -4.18227278e-02  3.55337672e-02  4.11650874e-02
  4.99658734e-02  1.07616924e-01 -1.67159848e-02 -6.30063117e-02
  2.94095348e-03  3.59170575e-04 -4.95902859e-02 -4.45248224e-02
  1.91296432e-02 -6.92579895e-02  2.88356543e-02 -3.91865335e-02
  5.34531362e-02  4.78326641e-02  1.02078654e-02 -3.84778306e-02
 -5.14900088e-02  1.65584125e-02  5.94433695e-02 -3.65657844e-02
  3.55334468e-02 -2.18557403e-03 -8.67282227e-03  1.16243111e-02
  7.16309175e-02 -1.25667015e-02  5.98000251e-02  6.53143739e-03
  1.91290360e-02 -6.29889220e-02  5.77447610e-03  8.83454550e-03
  3.60672288e-02 -5.79122715e-02 -6.66391477e-02  4.93021756e-02
  8.93686563e-02  2.46037655e-02  9.31710564e-03  4.03730059e-03
 -2.19127387e-02  5.74974250e-03  4.75585498e-02  7.64525589e-03
 -1.33813769e-02 -2.56553721e-02 -5.42611033e-02  2.10185219e-02
  7.22941011e-04  4.93251421e-02  5.61588109e-02 -1.31846368e-02
  7.10230246e-02 -4.71318923e-02  1.90794934e-02  3.25355977e-02
  3.94943655e-02 -1.66967902e-02  2.00493503e-02 -3.11966166e-02
 -1.54475775e-03  6.97788298e-02 -3.32928188e-02 -3.42517048e-02
  8.56452957e-02 -4.97556068e-02 -2.60751806e-02 -1.39649154e-03
  2.29575969e-02 -6.66570514e-02  6.93055987e-02 -4.74821255e-02
  5.21993674e-02  4.71361028e-03 -3.58045101e-02 -5.94842918e-02
 -2.83923857e-02 -2.45731268e-02 -4.44351928e-03  2.58799326e-02
  4.13782485e-02 -1.85835455e-02 -7.24536702e-02  4.68419790e-02
  8.82151828e-04 -1.20474836e-02 -5.41183688e-02  1.56059498e-02
 -3.81423533e-02  3.49266157e-02 -8.53514373e-02  4.74534631e-02
  3.97640951e-02 -7.03710131e-03 -8.78605098e-02  6.54011071e-02
 -7.72564486e-02  8.72499198e-02 -1.22203454e-02  1.21860649e-03
  3.96100767e-02  6.30223751e-02 -1.25644403e-02  1.07426979e-02
 -5.33604473e-02 -3.82994339e-02 -2.97491830e-02 -1.90524831e-02
  3.77190039e-02  7.80985365e-03 -5.51773384e-02  3.67892236e-02
 -2.25234777e-03 -6.93166703e-02  7.95485973e-02  3.38605903e-02
 -1.24564134e-01  3.42576355e-02 -2.51685698e-02 -4.16774899e-02
 -4.66736183e-02  4.13943231e-02 -1.25808120e-02  4.29527871e-02
 -4.19275872e-02  6.17563836e-02 -4.17498387e-02  4.52611502e-03
 -3.78062725e-02  5.52066714e-02 -1.00610116e-02 -6.36663213e-02
 -6.12122100e-03  4.10891045e-03 -5.61666898e-02  5.70762418e-02
  3.19366120e-02  3.78100574e-02 -5.24713211e-02 -4.03453596e-02
 -2.14952435e-02  2.65294667e-02  9.32486914e-03 -2.68197507e-02
  6.90736920e-02  1.27213988e-02  4.64848019e-02 -5.09673506e-02
 -6.34274259e-03  8.51265248e-03  2.69457567e-02  4.02701236e-02
  4.37345207e-02 -4.58502471e-02 -3.82380486e-02 -3.86625575e-03
  2.69226786e-02 -5.28131202e-02 -1.87339745e-02  9.08058435e-02
  1.33201359e-02  9.14756730e-02 -4.43466194e-03 -3.77918705e-02
 -1.36928931e-02  2.31712288e-03  1.59469545e-02  2.02659387e-02
 -4.63704169e-02  1.47849414e-02 -2.83855712e-04  4.28473949e-02
  1.12340059e-02  2.41109561e-02  7.68050104e-02  4.22814162e-03
 -4.44514565e-02  2.90392712e-02  1.94489900e-02  7.93275610e-03
  3.73200960e-02 -3.96359414e-02 -5.27572148e-02 -5.88221885e-02
 -2.19791196e-03  2.76704635e-02  7.16559365e-02 -7.02712759e-02
 -3.91616710e-02  3.27998656e-03  5.81915826e-02  3.96332927e-02
  6.63035437e-02 -4.26113904e-02  1.64638124e-02 -2.93530934e-02
  1.85351167e-02 -2.68682814e-03  5.10314442e-02  2.49612294e-02
 -4.84436974e-02 -5.41031035e-03  1.01348283e-02  6.49256557e-02
  6.40694145e-03 -1.26373276e-01  2.28754804e-02 -7.97574781e-03
  4.31956202e-02  8.30035061e-02  3.72898616e-02 -4.26461827e-03
  8.37954285e-05 -1.21602267e-01  8.01179558e-03  2.46044807e-02]"
Elizabeth,"[ 3.66639122e-02  1.66294724e-02 -4.63113654e-03  1.41176372e-03
  5.28063066e-02 -1.03744902e-02  1.03036817e-02  2.29450352e-02
 -1.79072842e-02 -2.95137540e-02  1.30592920e-02 -9.92959961e-02
 -2.27157176e-02 -5.80998324e-02 -1.95085537e-02 -6.73405528e-02
  1.92108098e-02  8.04126933e-02 -4.59373444e-02 -1.52869308e-02
 -1.79651752e-02 -4.29203697e-02  3.26565877e-02 -4.96320315e-02
 -3.91546823e-02 -4.28732224e-02  4.04966921e-02 -2.75628958e-02
  5.01751080e-02 -2.00090744e-02  2.39999685e-02 -1.16601167e-02
 -5.75759336e-02 -6.51698606e-03  5.95684499e-02  5.38751557e-02
  4.24233042e-02 -6.86237440e-02 -1.22589041e-02  1.65519603e-02
 -2.83184834e-02  4.99574952e-02  3.63322906e-02 -2.55389363e-02
  9.79706645e-02  2.31030043e-02 -2.12028380e-02 -7.06354016e-03
  5.86558832e-03 -4.11849767e-02  5.29867634e-02  2.75001153e-02
  5.37535101e-02  1.17398754e-01 -6.69333115e-02 -3.58129963e-02
  2.82981582e-02  7.88425189e-03 -3.99669074e-02  2.88198004e-04
  1.75430458e-02 -5.77840135e-02 -2.38676313e-02 -2.14591976e-02
 -2.69814059e-02 -5.54597154e-02  8.75497982e-03  9.74970609e-02
  3.09199356e-02  1.22253876e-03 -1.52179571e-02 -6.74882159e-03
 -3.98123823e-02 -9.12052467e-02  6.20531924e-02 -1.24762699e-01
 -1.59555729e-02  2.45131087e-02 -8.03303868e-02  2.16046553e-02
 -6.73981085e-02  5.86869568e-02  4.02457826e-02 -6.88405288e-03
 -5.62859401e-02  7.92036802e-02  5.07425051e-03 -3.76921706e-03
  8.27870145e-02  1.34431213e-01  1.81092229e-02 -9.51761659e-03
 -1.35159791e-02 -7.09771886e-02 -9.37934779e-03  4.10749801e-02
  2.28619389e-02  6.24880344e-02 -7.06663132e-02 -3.55374105e-02
 -2.36213244e-02 -1.40238749e-02 -1.43737905e-02 -2.57840916e-03
 -4.16872986e-02  4.42782301e-04  1.89105775e-02 -3.94511875e-03
 -2.52565145e-02  6.48099231e-03  5.93366511e-02  4.97401133e-02
  1.56591702e-02 -1.28537705e-02  3.72010805e-02  1.73457470e-02
 -1.21945748e-02 -6.57361001e-02  1.45555185e-02  2.97879744e-02
  1.42665906e-03  1.76162412e-03 -7.87118729e-03  4.14910503e-02
  2.32143793e-02 -1.27311945e-02 -7.29428530e-02  1.68150272e-02
 -2.37081647e-02  6.40864903e-03 -9.12969559e-03  4.12106141e-02
 -2.48092916e-02 -4.34846105e-03  9.51979011e-02  2.56811921e-02
 -1.97183751e-02 -5.43879420e-02 -5.83414361e-02  2.09287815e-02
 -4.95331436e-02 -1.15480796e-02 -7.68565536e-02  5.46297804e-02
 -1.45151606e-02  6.55877683e-03  6.15742318e-02  5.54168317e-03
  4.78443913e-02  4.19230154e-03  1.88932866e-02  8.86247586e-03
 -3.28588001e-02  1.44933583e-02  9.51921754e-03  1.88485924e-02
 -5.93087357e-03  8.05085152e-03  8.71848240e-02 -2.55787820e-02
  5.06936945e-02 -2.37150360e-02 -7.43869171e-02 -3.84246260e-02
  6.68231922e-04  2.86231469e-02 -2.88917590e-02 -4.71311528e-03
  1.78115387e-02  3.42016481e-03 -1.52106080e-02 -1.62092801e-02
 -3.70871685e-02 -2.02143714e-02  1.94800254e-02  3.75332870e-02
 -1.20674288e-02 -2.72998754e-02 -3.39992605e-02 -8.78456086e-02
 -1.91319901e-02  5.51275201e-02 -5.28281964e-02 -4.12971936e-02
  5.88680990e-02  6.21392876e-02 -4.04027477e-02 -7.46423602e-02
  2.31264699e-02  2.90744677e-02 -3.15003097e-02 -3.03125717e-02
 -3.51131819e-02 -1.46326544e-02 -9.11119208e-03 -1.19288310e-01
 -7.50566274e-02 -4.61083688e-02  1.11089889e-02 -1.31852990e-02
 -6.23877011e-02 -3.36296409e-02 -4.93233390e-02  2.90224869e-02
 -5.28858602e-03 -4.73564316e-04 -2.45152004e-02 -3.99235673e-02
  9.12595482e-04  7.91238621e-02 -3.36661749e-02 -1.96105856e-02
  9.51213017e-03 -7.27410614e-02 -5.68254627e-02  5.09980433e-02
 -2.97441240e-02  6.44656941e-02  6.64143711e-02  1.64884217e-02
  6.62330538e-02 -6.80862889e-02 -3.96594256e-02  1.49335274e-02
 -3.12814489e-02  2.27672942e-02 -7.70379324e-03  3.08411065e-02
 -1.17251202e-02 -1.69578101e-02  3.71094905e-02  1.55683188e-02
  5.88396415e-02  6.07344322e-02  1.03792183e-01 -4.54618335e-02
 -5.23848832e-02 -5.52435070e-02  4.55618016e-02  3.34513858e-02
 -1.75377727e-02 -3.03222872e-02  9.86606441e-03 -2.02146955e-02
  3.90181206e-02 -9.19590592e-02 -2.74681561e-02 -2.82182395e-02
  1.02675743e-02 -2.57827179e-03  6.05489425e-02 -2.22908501e-02
 -2.94417376e-03 -7.44907856e-02  3.60013917e-02 -6.88991696e-02
  9.49084312e-02 -7.38296984e-03  4.10843566e-02 -1.98439397e-02
  1.80861838e-02 -6.54477568e-04  8.10750294e-03 -8.70112237e-03
  4.54487540e-02 -3.75479609e-02 -2.73168776e-02 -1.97225902e-03
 -4.72664312e-02 -1.71695650e-02 -4.87296768e-02  4.30182479e-02
  2.58231256e-02 -6.05212636e-02  3.73134986e-02 -4.11894359e-02
  1.08703468e-02  5.80785461e-02  2.80023203e-03 -3.25835608e-02
 -5.97985163e-02  3.79754081e-02  1.02889284e-01  5.07300831e-02
 -6.04608133e-02 -4.88935895e-02  8.41506347e-02  6.61500767e-02
 -2.90059615e-02 -5.96864633e-02 -9.73842293e-03 -2.60647503e-03
 -7.23017678e-02 -4.64877747e-02  1.19444523e-02  6.44604266e-02
  4.85379584e-02  9.85460505e-02 -4.57932316e-02 -4.85662110e-02
  1.31443469e-02  3.11358832e-02 -6.27520531e-02 -1.61102209e-02
  5.56608401e-02 -5.91970868e-02  6.95505515e-02 -2.18263473e-02
  2.70739011e-02  6.34830222e-02  6.69414084e-03 -4.29987200e-02
 -5.55207171e-02  5.73410187e-03  7.74899721e-02 -2.31235381e-02
  2.11046543e-02 -4.25193794e-02  3.43417414e-02  8.91594961e-03
  4.64842655e-02 -1.76811423e-02  1.03596471e-01  4.64553274e-02
  9.28034913e-03 -8.01811814e-02  3.23907882e-02 -1.51086570e-04
  2.87683811e-02 -2.87106112e-02 -5.31439744e-02 -7.01113744e-03
  8.16533566e-02  3.14115137e-02  7.82310963e-03  1.60224475e-02
  1.43097034e-02  5.07821292e-02  6.06318973e-02 -4.72245477e-02
 -1.52504081e-02 -2.96816174e-02 -2.32917424e-02  3.62874903e-02
  2.25027930e-02  4.25051153e-02  2.17825752e-02 -4.24345577e-04
  8.45872760e-02 -2.31738314e-02  4.00547385e-02  1.93184213e-04
  3.01694777e-02  5.43146161e-03  5.69524430e-02 -2.87181828e-02
 -1.66074634e-02  7.26500675e-02 -4.02642824e-02 -1.33824646e-02
  6.76743388e-02 -4.57925349e-02 -6.26788959e-02  1.30876312e-02
  1.65968295e-02 -6.13707379e-02  5.73423728e-02 -1.77936896e-03
  4.64532562e-02 -2.05969661e-02 -7.38595193e-03 -4.34228890e-02
 -1.96936671e-02 -2.16081720e-02 -6.52656183e-02  5.42058609e-02
  5.04358225e-02 -1.87813994e-02 -2.67873649e-02 -1.72831315e-05
  2.89542377e-02 -1.04400823e-02 -4.06943448e-02 -1.63509287e-02
 -6.15908094e-02  5.23337983e-02 -1.02922022e-01  6.72836462e-03
  1.08805355e-02  8.62262677e-03 -4.95289341e-02  9.05775651e-02
 -7.54192695e-02  6.31935224e-02 -2.80833542e-02 -4.95465100e-03
  3.52913961e-02  4.00175303e-02  3.88040841e-02  1.34993438e-02
 -1.38269283e-03 -4.54830043e-02 -3.04995775e-02 -2.36615841e-03
  4.44913320e-02 -1.24877284e-03 -5.14514893e-02  4.63606138e-03
  1.24715632e-02 -3.50817293e-02  7.13793710e-02  6.51256219e-02
 -9.69929397e-02  4.26104665e-02 -2.91858725e-02 -8.10815692e-02
 -5.08128293e-02  1.63736809e-02  1.82257667e-02  2.89734323e-02
 -1.48653863e-02  5.19997664e-02 -2.78229304e-02 -2.51412336e-02
 -2.29187999e-02  8.63081589e-02  1.31106814e-02 -3.90232764e-02
 -6.94635436e-02  1.52382161e-03 -4.48810682e-02  5.95511831e-02
  2.72864662e-02  6.93926960e-03 -5.30937500e-02 -5.69737852e-02
  5.01035992e-03  1.33649781e-02 -2.04606019e-02 -1.55988326e-02
  1.78035386e-02  1.01245167e-02 -1.17694400e-02 -1.83224306e-02
 -3.68989408e-02  2.01920792e-02 -1.82933956e-02 -2.34725722e-03
  7.03358725e-02 -6.70802668e-02  6.46206737e-03  1.17586665e-02
 -2.96832304e-02 -1.70122068e-02 -1.74739622e-02  7.60569945e-02
 -4.17694077e-02  8.04978311e-02  2.80705225e-02 -1.28115676e-02
 -1.35697965e-02  8.35643150e-03 -1.42027773e-02  1.95575841e-02
 -3.98438089e-02  4.82507013e-02  3.61760184e-02  1.17437979e-02
 -8.59824754e-03  6.24618307e-02  4.33709659e-02  1.55631742e-02
 -4.69141789e-02  2.08168998e-02  5.80909625e-02  5.59199527e-02
  1.58602688e-02 -3.89866941e-02 -1.06693758e-02 -5.02349101e-02
  2.47156415e-02  2.43062060e-02  4.14955914e-02 -5.25128283e-02
 -6.01836368e-02  3.22170034e-02  9.93362512e-04  2.40552165e-02
  5.86279668e-02 -5.73560372e-02 -1.58788785e-02 -5.18820062e-03
 -2.51975320e-02  1.10024847e-02  5.47371693e-02  4.36468348e-02
 -6.95349500e-02  2.54170187e-02  3.29211839e-02  1.01842098e-01
 -4.80456613e-02 -1.14877135e-01  3.69014628e-02 -2.66966666e-03
  6.07670806e-02  8.09759349e-02  3.86039168e-02 -1.11919912e-02
  1.34881632e-02 -1.31035298e-01  2.27933340e-02  7.87565205e-03]"
Elizabeth,"[-8.53702892e-03 -3.24799977e-02  2.83092447e-02  2.86372285e-02
  7.91251883e-02  1.71135366e-02  3.21778841e-02 -2.39852332e-02
  1.77761931e-02  3.63713619e-03 -1.50377275e-02 -5.02219424e-02
 -8.58162344e-03 -7.67831365e-03 -3.41214389e-02 -1.26210880e-03
  5.58188260e-02  7.48403743e-02  8.81997216e-03 -2.04707254e-02
 -7.05081224e-03 -3.42679732e-02  7.74420202e-02 -1.69112645e-02
 -9.83893219e-03 -5.98803572e-02  3.91009524e-02 -3.88415717e-03
  3.70570868e-02 -4.15478982e-02 -3.49707082e-02 -3.15576941e-02
 -7.15324357e-02 -5.82770184e-02  4.05821465e-02  4.75313812e-02
  3.25299203e-02 -5.36754988e-02 -2.55220700e-02  1.39289154e-02
 -3.99231538e-02  6.51095584e-02  3.83174159e-02 -2.61421669e-02
  9.05966386e-02  5.17543294e-02  1.79698430e-02 -4.04398739e-02
  2.49951053e-02  2.43368670e-02  6.91162944e-02  2.77751591e-02
  4.02265079e-02  1.25647485e-01 -5.40325642e-02 -5.92809469e-02
  8.83680582e-02 -2.08579935e-02 -3.53177451e-02 -3.12774479e-02
  3.22747603e-02 -1.13689154e-01 -1.12121012e-02 -9.06651374e-03
 -2.84599643e-02 -6.69456227e-03 -1.79550832e-03  4.14256454e-02
  3.17077897e-02 -2.09471196e-04 -4.19924632e-02 -2.42557880e-02
  2.01137494e-02 -6.65915757e-02  2.07097027e-02 -3.24579962e-02
  3.98072004e-02  2.93608923e-02 -8.80979598e-02  4.72927801e-02
 -6.98283613e-02  2.68922001e-03  2.14264784e-02 -5.17868549e-02
 -1.70134101e-02  1.18717559e-01 -3.32852229e-02 -2.03602184e-02
  1.59634557e-02  1.22197755e-01  4.98135341e-04 -1.05263880e-02
  1.83781106e-02 -3.23938616e-02 -4.01798338e-02  3.27680670e-02
  1.48068543e-03  4.05712500e-02  8.42572947e-04  2.32716347e-03
 -4.86450493e-02 -4.44865189e-02 -1.63871888e-02 -3.53478976e-02
 -3.58396880e-02 -5.28904377e-03 -4.00955305e-02 -2.89177913e-02
 -3.65355089e-02  1.14137717e-02 -1.24994209e-02 -5.61894150e-03
  2.02252902e-02 -1.63555983e-02 -7.56088411e-03 -2.12429669e-02
 -3.53746116e-02 -6.03792593e-02  1.55858947e-02  1.08786598e-02
  3.49724181e-02 -2.66440734e-02 -2.73588020e-03  3.57714742e-02
  8.23392868e-02 -5.63332923e-02 -4.24210057e-02  3.10494695e-02
 -3.93649377e-02  8.53779074e-03 -2.28068908e-03  1.60750244e-02
 -4.47477438e-02  2.47365870e-02  4.18990254e-02  5.07723354e-02
 -2.08677482e-02 -4.92489003e-02 -3.14112529e-02 -2.37299241e-02
 -3.45882140e-02  1.55119952e-02 -1.98269151e-02  5.48345782e-02
 -2.76741572e-02  3.30893360e-02  8.53268728e-02 -4.42545116e-03
  1.70694012e-02  1.13309221e-02 -2.42616665e-02  2.46459041e-02
 -3.87819856e-02  4.50583510e-02 -9.18381289e-03  1.09172026e-02
 -2.50288416e-02  7.59275407e-02  9.03884396e-02  5.34812454e-04
  4.19116914e-02 -1.84273757e-02 -6.12529218e-02  1.13252422e-03
 -8.85455217e-03  1.96692441e-02 -9.47893970e-03 -8.21270943e-02
  6.62479922e-02 -3.69999222e-02 -4.00106385e-02 -2.78273784e-02
  1.72336325e-02 -3.98139097e-02  3.35543677e-02 -2.76669953e-03
 -8.30445252e-03 -1.08141024e-02 -5.78224733e-02 -6.38620406e-02
 -2.69451588e-02  4.93963882e-02 -9.01857540e-02 -4.40545641e-02
  2.31885794e-03 -3.73717421e-03 -3.59301120e-02 -8.52981135e-02
 -3.60319996e-03  1.52050750e-02 -7.28878677e-02  4.71187122e-02
 -3.63958776e-02  2.13151220e-02 -6.53388947e-02 -6.22816309e-02
 -6.76934645e-02 -5.62360287e-02  4.82502952e-03 -2.23254189e-02
 -3.12500373e-02  2.51516737e-02 -5.19828722e-02  1.63739896e-03
 -3.26422825e-02  7.81718735e-03 -2.46552583e-02 -4.51750495e-02
  4.81532654e-03  5.19805104e-02 -1.72388740e-02  3.54724401e-03
  1.25792958e-02 -8.77041146e-02 -4.86456938e-02  4.18409631e-02
 -3.85795236e-02 -1.34461210e-03  1.30569749e-02  7.11526722e-02
  9.81987715e-02 -5.55310324e-02  4.46218960e-02  1.02979615e-02
 -5.45730852e-02  9.18068923e-03 -3.83199006e-02 -1.99392252e-02
  2.25123204e-02 -1.44378748e-02  3.88028212e-02  1.41649740e-02
  6.56038448e-02  8.27014148e-02  7.45193288e-02 -3.00554615e-02
  1.49567276e-02 -8.23215991e-02  1.65401809e-02  1.06509596e-01
 -9.74320900e-03 -3.55390832e-02 -3.53257284e-02  3.81592824e-03
 -5.04506715e-02 -8.52627829e-02 -8.37892592e-02 -3.05731818e-02
  3.32560018e-03  1.97705049e-02  6.72814846e-02 -1.46033010e-02
 -4.08224948e-03 -6.12773634e-02  3.50716561e-02 -2.23406106e-02
  1.18693116e-03 -2.87695341e-02 -8.93270411e-03 -2.17079930e-02
 -5.38591703e-04  5.20592146e-02  5.35304658e-03  5.77092879e-02
  1.86199341e-02  7.75716128e-03 -7.94067457e-02 -6.97554350e-02
 -5.80210239e-02  1.01773553e-02 -4.59473208e-02  5.34950085e-02
  8.27835221e-03 -6.54733106e-02  3.77560481e-02 -1.40173063e-02
 -1.69782564e-02  5.20707555e-02  8.72424152e-03  3.21799889e-03
 -1.91666950e-02  1.16060171e-02  4.48756367e-02  6.87721521e-02
 -3.05077024e-02 -5.93118370e-02  5.44191450e-02  8.39925632e-02
 -2.13111602e-02 -4.94240336e-02  3.62529769e-03  8.68268590e-03
 -3.55239213e-02 -4.60787006e-02  3.10333483e-02  5.21537662e-02
 -1.67823546e-02  1.17101826e-01 -2.65988540e-02 -7.46653304e-02
  3.54795557e-05  9.68125835e-02 -2.19873916e-02 -1.07087577e-02
  5.56728393e-02 -5.51323481e-02  7.72110969e-02  2.39816122e-02
  7.84800388e-03 -1.16360541e-02  2.71695806e-03 -1.97190810e-02
 -8.43566135e-02 -2.78401989e-02  6.42138869e-02  3.83095145e-02
  4.35778350e-02  9.15381592e-03  7.55641609e-03  9.56530776e-03
  6.95959330e-02 -2.06959415e-02  1.46518767e-01  1.55917844e-02
 -3.09534743e-03 -1.73467714e-02 -2.52655298e-02 -4.74711433e-02
  3.98928626e-03 -4.62686047e-02 -7.46123716e-02 -1.55756818e-02
  9.83676389e-02  3.74036375e-03 -2.40575094e-02  7.04274923e-02
  3.11486218e-02  5.84536120e-02  4.31118309e-02 -4.23363782e-02
 -4.73049730e-02  2.05541924e-02 -4.13129963e-02  6.24121428e-02
  3.36419083e-02  4.34992984e-02 -7.81279989e-04  2.88344249e-02
  3.93675268e-02 -2.63075829e-02  4.24263999e-02 -2.56964500e-04
  2.64878534e-02 -2.49706116e-02  3.71513367e-02 -3.14596817e-02
 -1.02717122e-02  5.90616688e-02 -7.03415796e-02  1.79298464e-02
  8.90869871e-02 -2.28002369e-02 -2.05200445e-02  5.53259216e-02
  4.72894870e-02 -4.82301824e-02  4.76399250e-02 -5.19019738e-03
  5.94267659e-02 -1.20652746e-02 -3.77729088e-02  1.53403124e-02
 -8.57237913e-03  3.28957550e-02 -5.95794097e-02  4.69872020e-02
 -1.93396676e-03 -4.53746803e-02 -6.43135533e-02 -9.21311323e-03
  2.56884191e-02  5.04173301e-02 -1.27861835e-03 -1.53436828e-02
 -6.80172890e-02  6.22396059e-02 -1.13167405e-01  2.61785965e-02
 -1.46634616e-02 -1.93295274e-02 -1.31756794e-02  3.30900624e-02
 -4.25616466e-02  8.12232122e-02 -2.69002691e-02 -3.75056639e-02
  5.71787804e-02 -1.53873139e-03  2.38672812e-02 -1.97121222e-02
 -2.45709568e-02 -5.88964485e-02 -7.88982585e-02 -3.51723172e-02
  4.92558740e-02 -1.01867784e-02 -4.19767536e-02  1.84508786e-02
  2.38735275e-03 -3.13516892e-02  3.48355691e-03  3.69440988e-02
 -8.58724341e-02  3.93971503e-02  2.41216328e-02 -3.78116965e-02
 -5.14208153e-02 -2.05391906e-02  1.63181182e-02  4.49051149e-02
 -9.28345043e-03  3.79265137e-02  1.22892726e-02 -1.00833420e-02
  2.28749379e-03  9.85542536e-02  8.61147791e-03 -2.33461782e-02
 -3.29256095e-02  2.88619264e-03 -8.96903202e-02  6.01318851e-02
  4.93360199e-02  6.99588563e-03 -4.11983356e-02 -7.14332759e-02
  4.46865521e-02 -9.69058182e-03 -2.50509288e-02 -6.41907007e-02
  1.95783395e-02 -9.99012496e-03 -1.22408280e-02 -1.81753859e-02
 -4.84358706e-02 -9.90337413e-03  1.75910816e-02 -9.51993465e-03
  2.39553191e-02 -3.85065526e-02  2.96358601e-03  3.87896188e-02
 -3.76850478e-02 -3.29923145e-02  1.50229316e-03  4.45012823e-02
  1.10121518e-02  7.69142583e-02  2.40412615e-02 -8.08674749e-03
 -3.18592712e-02  2.58745644e-02 -4.39027883e-02  7.95463175e-02
 -4.26820368e-02  3.11205070e-02 -6.31263712e-03  1.27147697e-02
  3.59205045e-02  8.94352701e-03  1.36578036e-02  1.32996747e-02
 -6.25371337e-02  5.72548099e-02  5.54118231e-02  3.39528434e-02
  2.87267845e-02 -2.81163529e-02 -1.69584993e-02 -4.51040454e-02
 -3.31492117e-03  1.78291108e-02  3.07568293e-02 -8.53421539e-02
 -4.34798226e-02  8.30230266e-02  3.66008654e-02  4.36580405e-02
  1.72189791e-02 -1.96960364e-02  4.47194912e-02 -2.36987006e-02
  6.50674384e-03  1.22573774e-03  6.72955811e-02  5.25714383e-02
 -4.05408293e-02  1.31951002e-02 -8.87898076e-03  9.85301882e-02
  1.64496349e-04 -9.61102843e-02  4.30215672e-02  2.73221638e-02
  6.64550066e-02  1.14684135e-01  6.50679991e-02 -4.09425981e-03
  1.78525466e-02 -1.10635474e-01 -6.63841069e-02 -5.57663990e-03]"
Elizabeth,"[ 6.77125901e-02 -7.23588001e-03  2.66296975e-02  5.81851043e-03
  4.79871705e-02  1.80255761e-03  1.17278369e-02 -1.78837050e-02
 -7.43859038e-02 -3.55034173e-02  5.10373339e-02 -9.25808549e-02
 -2.09886115e-02 -5.68885580e-02  3.02489791e-02 -5.56394309e-02
  1.79528352e-03  4.88841068e-03 -6.52083233e-02 -2.27236189e-03
  8.63329478e-05 -2.94385068e-02  5.08522019e-02  1.31351063e-02
 -2.03286316e-02 -3.61925885e-02  5.79943098e-02 -5.71341254e-02
  1.83619559e-02 -4.09719236e-02  1.07180113e-02  9.26586706e-03
 -7.87166506e-02  2.58510392e-02  4.91611660e-02  8.90453979e-02
  4.17690203e-02 -3.78166810e-02 -1.63407344e-02  1.05830990e-02
  2.94642430e-02  3.06515489e-02  3.67364995e-02 -6.02026433e-02
  7.60949999e-02  3.72140370e-02  2.16375366e-02 -1.25848120e-02
  1.00961067e-02 -3.73719167e-03  8.25967491e-02  1.97839346e-02
  5.33663630e-02  1.25226840e-01 -3.85785401e-02 -5.06210662e-02
  4.76143174e-02  2.66087125e-04 -1.13720475e-02  2.20015529e-03
  2.66794879e-02 -7.73870796e-02 -3.98724456e-04 -3.12965438e-02
  5.58411889e-02 -4.56762724e-02  2.85740402e-02  4.26287949e-02
  4.55781221e-02  3.24426740e-02  1.38181373e-02  5.06159440e-02
 -6.00639954e-02 -5.98643832e-02  3.75969298e-02 -8.03036243e-02
 -3.16621140e-02 -9.11714975e-03 -6.00689650e-02  6.66119382e-02
 -1.41339144e-02  7.93909952e-02 -6.37490442e-03  1.65158266e-03
 -6.99585583e-03  7.02683032e-02  3.95299904e-02 -8.87349807e-03
  9.72996950e-02  1.13398910e-01  2.55304426e-02  2.22281218e-02
 -6.09973706e-02 -7.99098313e-02 -5.73567627e-03 -1.10567613e-02
  1.61256772e-02  7.55847842e-02 -4.67817560e-02 -6.20034672e-02
 -2.45853476e-02 -2.60488112e-02 -3.07477042e-02 -3.29021341e-03
 -3.02691106e-02  2.14339495e-02  3.33405249e-02  7.32844975e-03
 -5.44038974e-02  3.69569496e-03  4.01070528e-02  2.49041542e-02
  3.07000224e-02 -2.96752546e-02  1.50982924e-02 -1.37135480e-02
 -2.59259790e-02 -9.78784710e-02 -7.43897445e-03  2.22887676e-02
 -3.17422338e-02  2.05180068e-02 -3.42482366e-02  8.64381995e-03
  4.06939127e-02  1.51592540e-02 -4.50197272e-02 -3.22517916e-03
  1.12553053e-02 -1.97577309e-02  2.53353231e-02  1.76101867e-02
 -4.27936055e-02  2.72594914e-02  5.21592163e-02  7.78681273e-03
 -4.60297652e-02  9.60618909e-03 -7.15359598e-02  3.17895338e-02
 -9.57396254e-03  3.30967037e-03 -2.16735620e-02  4.02228571e-02
 -4.50872593e-02  3.19678225e-02  3.83235589e-02  1.92414448e-02
  5.59706986e-02  2.41507287e-03  1.04369652e-02  1.11888004e-02
 -7.49191642e-02  3.90748400e-03 -3.16560268e-02  2.86264569e-02
  1.20094708e-04  1.21193565e-02  6.58596009e-02  1.61084317e-04
  2.18158606e-02 -6.47655874e-02 -3.05363648e-02 -3.38368490e-02
 -6.33055940e-02 -2.03723158e-03 -5.52553050e-02 -2.24697907e-02
  4.24238704e-02 -6.72848001e-02 -2.01124921e-02 -4.99804877e-02
 -3.18742841e-02 -3.79693508e-02  4.41757180e-02  9.91126671e-02
 -1.55333383e-02 -2.97550950e-02 -1.73788276e-02 -5.99548891e-02
 -4.30949293e-02  9.27552022e-03 -4.40515578e-02 -3.83688994e-02
  2.61470918e-02  5.49057238e-02 -1.97578557e-02 -5.72953187e-03
 -1.41223660e-02  2.83214524e-02 -3.94616239e-02 -4.84166071e-02
 -9.22577549e-03 -1.17399869e-02 -2.53404882e-02 -8.58044922e-02
 -4.99704555e-02 -7.20467791e-02 -2.79827211e-02 -7.86628947e-03
 -7.57414997e-02 -3.04031428e-02 -4.67955321e-02  5.67173511e-02
  1.29043953e-02  8.22354387e-03 -1.77723486e-02 -1.75835118e-02
 -5.70070371e-03  5.27123921e-02 -5.60765006e-02  7.18537776e-05
 -1.88319180e-02 -6.76437244e-02 -8.78881142e-02  5.47410138e-02
  1.61918218e-03  4.04046439e-02  5.99044301e-02  3.69543582e-02
  1.37455603e-02 -6.84249476e-02 -6.42765090e-02  3.85578126e-02
  1.21433008e-02  4.25361581e-02 -4.54191491e-02  5.49891256e-02
 -7.64791295e-03 -2.30323337e-02  3.29308659e-02  3.44090350e-02
  5.75333387e-02  4.02323306e-02  1.05668217e-01 -9.78400484e-02
 -5.57663999e-02 -1.17010185e-02  4.45828140e-02  1.47524662e-02
  4.65373369e-03 -2.44594067e-02 -2.34296136e-02 -2.66181231e-02
  7.57148936e-02 -1.05529264e-01 -4.28792536e-02 -3.91383693e-02
  2.98075397e-02 -2.48837285e-02  7.08813667e-02 -1.48645614e-03
 -5.71515635e-02 -9.27302986e-02  6.40332177e-02 -6.98233321e-02
  6.47851527e-02 -3.88874067e-03 -3.02698626e-03  4.76452382e-03
  4.40707058e-02 -3.51705626e-02  1.68792345e-02 -3.99283357e-02
  2.66321357e-02 -3.32074873e-02 -2.10271813e-02  2.51551084e-02
  6.87969755e-03 -1.79812405e-02 -3.48719321e-02  8.00846592e-02
  1.88113805e-02 -7.19558969e-02 -1.59540251e-02 -3.61791626e-02
 -7.03859748e-03  2.70301327e-02  2.08222643e-02 -2.94806454e-02
 -4.30136472e-02  2.21667420e-02  9.75824669e-02  3.34877707e-02
 -3.32862176e-02 -3.11272312e-02  5.98025918e-02  3.36658433e-02
 -1.33694531e-02 -5.33184856e-02 -1.07811438e-02  2.35956442e-02
  8.76384787e-03 -3.73440050e-02  2.70605106e-02  4.90424223e-02
  1.90831516e-02  1.05804540e-01 -6.06655367e-02 -8.04831311e-02
  5.02628423e-02  1.10395644e-02 -5.65431789e-02 -2.78334823e-02
  7.90291131e-02 -7.75046796e-02  4.43493910e-02 -1.18138278e-02
  3.16092260e-02  9.62074324e-02  3.87037620e-02 -5.53837940e-02
 -3.81460488e-02  3.82545181e-02  5.83162494e-02 -1.03944270e-02
 -5.12466813e-03 -8.86548718e-04 -1.17094992e-02  4.93343361e-02
  6.43258691e-02  2.65066768e-03  9.02365297e-02  1.72531698e-02
  6.01568632e-02 -8.52489918e-02  1.11548509e-02  1.73652265e-02
  4.64503765e-02 -6.77664066e-03 -3.05394065e-02  3.01603368e-03
  8.84211957e-02  9.98200569e-03  2.80724950e-02 -7.19931396e-03
 -1.87871307e-02  4.82863002e-02  5.28987236e-02  3.28307995e-03
 -1.41890813e-02 -4.56362292e-02 -4.86371331e-02  2.95548663e-02
  4.00217399e-02  5.37819602e-02  1.79624185e-02 -5.15666138e-03
  7.80162215e-02 -4.72101532e-02  2.66207978e-02 -3.43957059e-02
  1.17764939e-02 -2.06142999e-02  2.74799485e-02  1.97085310e-02
 -4.02094014e-02  3.38496715e-02 -2.84526926e-02  2.36510742e-03
  8.59844610e-02 -5.90913743e-02 -5.30230440e-02  3.33577115e-03
  4.88654594e-04 -8.25447142e-02  3.94279733e-02 -1.79644655e-02
  3.19856219e-02 -3.30212563e-02  1.53771823e-03 -4.11955938e-02
 -3.86929736e-02 -5.00218160e-02 -2.35782396e-02  5.32950945e-02
  3.35346945e-02 -4.63831723e-02 -3.10226548e-02  2.04163790e-02
  1.62514728e-02 -3.48601267e-02 -7.21331611e-02 -3.61093059e-02
 -5.28564155e-02  4.66731712e-02 -6.49637803e-02  4.99318056e-02
  4.56601270e-02  2.59500761e-02 -5.40978014e-02  7.39574432e-02
 -7.17129856e-02  6.48199767e-02 -3.60646285e-02 -3.42189074e-02
  5.51219285e-03  2.60698032e-02  9.45682172e-03  3.16288359e-02
 -4.43739966e-02  1.45516684e-02  1.21727055e-02 -4.53706123e-02
  3.38891596e-02  8.03389004e-04 -2.79918648e-02 -2.05986388e-02
 -1.58380195e-02 -3.78317535e-02  6.70974106e-02  1.32591417e-02
 -9.99387205e-02  4.42641936e-02 -1.19052511e-02 -9.46227089e-02
 -6.61479980e-02  2.83327624e-02  2.02667248e-03  7.54219759e-03
 -4.64747548e-02  1.14333332e-02 -5.64746968e-02  5.15519362e-03
 -2.32479814e-02  5.04371971e-02  4.32495400e-02 -3.65932137e-02
 -1.57970749e-02 -3.13495286e-02 -2.30047535e-02  8.57452005e-02
  6.20075352e-02 -1.12376818e-02 -4.56123352e-02 -8.00683796e-02
 -1.49142016e-02  1.93313658e-02 -3.33835632e-02 -1.97421387e-02
  4.35309252e-03 -2.46463027e-02  1.11896172e-02  1.28115304e-02
 -4.65672761e-02  2.38800440e-02  2.67774723e-02  3.70749384e-02
  5.49005568e-02 -5.09736910e-02 -1.09234825e-02 -3.20548713e-02
  7.00593367e-03 -2.54050661e-02 -4.20555240e-03  1.18913911e-01
  9.92311258e-03  6.48433864e-02 -1.00450953e-02 -4.79312576e-02
 -5.01530506e-02 -1.81078687e-02 -3.14726174e-04  5.01473956e-02
 -6.41091615e-02 -2.43947208e-02  4.51739244e-02  4.79371771e-02
 -1.67532973e-02  4.95275483e-02  7.11400732e-02  2.39151493e-02
 -3.94515060e-02  3.94722633e-02  1.91189870e-02  3.39710601e-02
  4.22028303e-02 -1.28741395e-02 -5.08191250e-02 -6.74391389e-02
  5.89956436e-03  4.17075753e-02  5.61435744e-02 -8.84074792e-02
 -5.67360893e-02 -1.52503408e-03  5.96097559e-02  3.27625163e-02
  6.96904510e-02 -5.07842377e-02 -2.00744197e-02 -1.88886523e-02
  1.28177358e-02  1.07895723e-02 -6.31530536e-03  3.41373011e-02
 -3.51900756e-02  1.87839195e-02  5.87071329e-02  1.09342016e-01
 -1.21215498e-02 -9.83714536e-02  2.46421080e-02 -2.45703268e-03
  3.48980948e-02  5.93248308e-02  4.23095115e-02 -1.14023788e-02
 -7.54504465e-03 -7.74228275e-02  4.78935093e-02  1.91392079e-02]"
Elizabeth,"[ 4.47826907e-02 -5.24686575e-02 -3.81264351e-02 -2.61591449e-02
  1.48352226e-02 -3.11826337e-02  3.56575139e-02 -6.43268824e-02
 -5.31974845e-02  4.79022525e-02  4.74670231e-02 -7.30883777e-02
 -2.62363385e-02 -5.65974750e-02  2.63175685e-02 -4.21377942e-02
  3.11469156e-02  2.87075713e-02 -2.54218690e-02  4.29664031e-02
  5.36100268e-02 -7.16856048e-02  9.12031308e-02  5.44977840e-03
 -2.29593720e-02 -6.07961975e-02  2.51639318e-02 -5.43769822e-02
 -1.37329316e-02 -4.82510701e-02  7.78258452e-03  3.19604613e-02
 -1.12474322e-01  3.20682563e-02  2.80227922e-02  4.52547483e-02
  4.16547991e-02 -3.17929164e-02 -4.11463305e-02  3.60025391e-02
 -2.26728003e-02  6.85930550e-02 -4.47251126e-02 -5.17186942e-03
  4.00572568e-02  1.65926274e-02  6.04053140e-02 -4.16832371e-03
 -1.80014875e-02  2.38446034e-02  3.18741426e-02 -3.03702280e-02
  5.53654321e-02  1.16695136e-01 -4.22798879e-02 -6.70406297e-02
  4.24560718e-02  1.28321694e-02 -3.00020855e-02  2.38754824e-02
  5.28538087e-03 -1.81460995e-02 -4.33527678e-02 -2.31532697e-02
  1.07923150e-01 -6.66217729e-02  6.50851801e-02  2.17188295e-04
 -3.83226667e-03  1.68950893e-02 -3.89032619e-04  1.91115588e-02
 -4.40643281e-02 -4.14530262e-02  1.44244442e-02 -5.09064905e-02
  7.61541887e-04  4.62854877e-02 -1.15470383e-02  5.65601736e-02
 -4.55774367e-02  4.40966040e-02  4.24934376e-04  1.52719812e-02
 -3.16964509e-03  6.02716431e-02 -1.33002633e-02  4.93355878e-02
  1.19510749e-02  7.71247968e-02  3.29580009e-02  1.15731815e-02
 -9.06935111e-02 -6.11577146e-02  5.71466553e-05 -1.00841615e-02
  3.97538505e-02  4.87340316e-02 -1.90464891e-02  1.23999557e-02
 -2.87972949e-02 -3.64865474e-02 -5.35426252e-02 -1.85022075e-02
 -1.69611797e-02  3.63480821e-02 -2.80858725e-02  1.22332182e-02
 -5.47042154e-02  7.76259601e-03  5.65986820e-02 -1.30969817e-02
  5.63657247e-02 -4.11766358e-02 -3.24955918e-02  2.35414002e-02
 -2.48312093e-02 -7.31853396e-02  1.17166350e-02  8.72351304e-02
  1.16633866e-02 -3.96628231e-02  2.51380261e-03  5.68880066e-02
  4.53908741e-02  1.23479618e-02 -6.09307475e-02 -1.37565273e-03
 -2.03702915e-02 -5.32575920e-02  1.52675027e-04  3.63343279e-04
 -3.39100920e-02  9.26614553e-03  7.29174241e-02  4.01447378e-02
 -1.89268235e-02 -6.28613681e-03 -6.31041825e-02 -2.55891401e-02
 -6.51524961e-02 -3.38606769e-03 -1.34719014e-02  4.30782698e-02
 -5.49458452e-02  4.52430211e-02 -1.09737716e-03  3.52052636e-02
  4.97592948e-02  3.07189627e-03 -6.57990351e-02  4.69109528e-02
 -5.04888855e-02  4.07899218e-03 -4.10133926e-03  1.99219733e-02
 -4.60979436e-03  7.29766861e-02  2.81406306e-02 -3.79218534e-02
  2.44974084e-02 -1.88517999e-02 -3.33538130e-02 -1.77390836e-02
 -2.34335363e-02  1.80932824e-02 -4.66876775e-02 -4.45121005e-02
  4.86638732e-02 -8.58408883e-02 -4.40143347e-02 -9.74239111e-02
 -1.04181301e-02 -4.75823842e-02 -3.47665907e-03  6.30914718e-02
 -1.08460616e-02  1.11729046e-02 -4.56359014e-02 -9.57265571e-02
 -1.24797244e-02  1.63901914e-02  2.44687987e-03  2.93023977e-03
  1.60859078e-02  4.75202277e-02 -1.74691360e-02 -3.25026251e-02
 -4.78174984e-02 -1.21812364e-02 -8.84541199e-02 -7.04858974e-02
  3.17002758e-02  4.35220189e-02 -3.35177258e-02 -2.13186480e-02
 -6.56126291e-02  1.26277399e-03 -1.48521422e-03  4.54626121e-02
 -5.19953668e-02 -1.45787206e-02 -6.38930947e-02  1.80131663e-02
 -8.71224387e-04 -1.38887959e-02 -2.70310580e-03 -3.01717445e-02
  3.61876152e-02  4.42882553e-02 -4.90588546e-02  4.79943790e-02
 -6.59926608e-02 -6.83428422e-02 -9.14729461e-02  6.84766471e-02
  4.97260280e-02  2.69527938e-02  5.75872995e-02  5.68542555e-02
  8.10949281e-02 -2.35015508e-02  2.37520188e-02  1.50227686e-02
  8.45324248e-04  2.85512558e-03 -5.57549633e-02  2.27536429e-02
 -4.10284251e-02 -6.04546629e-03 -4.59027756e-03  6.89524859e-02
  5.05862348e-02  2.92011220e-02  1.03387117e-01 -5.17586619e-02
 -3.03777587e-02 -4.47768681e-02  2.17397716e-02 -3.09092226e-04
  7.86931813e-03 -2.87146494e-02 -6.28123805e-02  5.41652972e-03
  3.54208201e-02 -7.63496533e-02 -7.57205412e-02 -1.30287306e-02
  5.21287248e-02 -1.10409614e-02  7.01914877e-02  1.61986556e-02
  3.50336850e-05 -9.82983783e-02  8.12836923e-04 -7.43198097e-02
  2.83707175e-02 -2.07909141e-02 -5.58913127e-03 -6.45880401e-03
  1.94365196e-02 -3.37673277e-02 -3.17675434e-02  2.79943943e-02
  3.82875116e-03 -2.32750345e-02 -3.83221991e-02 -2.11361963e-02
  1.38663338e-03 -2.19410025e-02 -2.21031662e-02  4.76400368e-02
 -3.65818031e-02 -6.40755594e-02 -7.18745589e-02 -7.39332801e-03
 -3.71097550e-02  3.11624650e-02 -2.90723760e-02 -2.01279353e-02
  2.69709667e-03  2.19356660e-02  7.33283609e-02  9.47313756e-02
  2.25731507e-02 -9.96956043e-03  9.68940035e-02 -1.94312651e-02
 -2.73604058e-02 -5.87485470e-02  4.97844070e-03  1.64984148e-02
  2.06277110e-02 -4.87306016e-03 -1.48388445e-02  3.41731310e-02
  4.91382740e-02  1.27601355e-01 -5.46992049e-02 -5.69453575e-02
  3.87731120e-02  5.91160096e-02 -1.02756284e-01  3.18199489e-03
  6.11374304e-02 -4.73029539e-02  2.69993767e-02  8.20949487e-03
  2.61576399e-02  3.88618372e-02 -8.22676159e-03 -5.86468764e-02
 -5.85926175e-02 -2.05704663e-02  3.17747481e-02  1.70335025e-02
  2.07753316e-03 -2.38272566e-02  2.37039085e-02  1.46873202e-02
  1.37998853e-02 -1.99445500e-03  1.00566439e-01  1.31536983e-02
  4.65791449e-02 -6.71104640e-02 -4.47356561e-03  1.22746006e-02
  2.71944851e-02  1.82509068e-02 -4.74056751e-02  5.87841608e-02
  4.18401659e-02  2.56945356e-03  1.97579246e-02 -3.99149110e-04
 -2.74518225e-02  3.90869305e-02  2.16148281e-03  2.80991644e-02
 -1.39812585e-02 -2.58767437e-02 -6.64718747e-02  4.24914509e-02
  6.26624972e-02  5.54833449e-02 -1.27447856e-04  7.03925919e-03
  8.09290186e-02 -6.00389019e-03  5.90401180e-02 -1.39876213e-02
 -1.70868007e-03 -1.63018722e-02  2.69500203e-02  6.10904826e-04
 -5.20691089e-02  2.17943508e-02 -1.18457498e-02  3.24877352e-02
  1.02470011e-01 -5.39464317e-02 -1.07966341e-01 -1.71528552e-02
  1.78865230e-04 -1.76236816e-02  6.96261302e-02 -2.08654907e-02
  3.71418446e-02 -5.62867746e-02 -4.32748124e-02  2.40589119e-02
 -1.31596485e-02  3.33223827e-02 -2.33715028e-02 -5.49940765e-03
  1.19280098e-02 -3.99205647e-02 -2.22052652e-02 -3.23746838e-02
  6.68371543e-02 -2.90086959e-02 -4.13246118e-02 -3.36925760e-02
 -8.93510878e-02  4.52810787e-02 -5.32030016e-02  4.72287461e-02
  1.86063107e-02  5.66866696e-02 -4.95144017e-02  6.32014051e-02
 -4.09843288e-02  6.20346479e-02 -5.81074739e-03 -3.68041061e-02
 -6.41260967e-02 -2.02863403e-02  7.45042637e-02 -4.20995988e-02
 -2.57883854e-02  2.88653411e-02  2.91615073e-02 -4.78506535e-02
  7.35774189e-02 -1.42355962e-02 -2.40758946e-03  1.07310563e-02
 -3.31077608e-03 -6.13823123e-02  5.58431745e-02 -3.58241610e-03
 -9.92197990e-02  3.59484404e-02 -4.89590056e-02 -5.62481470e-02
 -5.02209505e-03 -2.23883130e-02 -1.91146880e-02  5.13817358e-05
 -2.09081136e-02  3.20403799e-02 -5.33456355e-02  7.24743977e-02
  2.39820518e-02  7.02706948e-02  6.95683956e-02 -5.24124503e-02
 -3.21818739e-02  3.12520228e-02 -4.69004773e-02  5.15421331e-02
  9.85671133e-02 -3.82620133e-02 -4.17840108e-02 -7.54957125e-02
 -7.49021349e-03  2.07462739e-02 -7.21372142e-02 -3.97257730e-02
 -7.21689407e-03 -4.49420139e-02  2.26021744e-02  5.23909964e-02
  9.52675566e-03 -2.72357929e-02  3.85608897e-02  5.73710278e-02
  1.04738567e-02 -3.46729755e-02  3.77272218e-02  6.62972685e-03
 -1.08257616e-02 -5.93716139e-03  2.19094064e-02  9.52854380e-02
 -4.03118844e-04  1.06249712e-01  6.66577071e-02 -4.76656184e-02
  2.07272507e-02  3.48787569e-02 -3.12070139e-02  2.67792065e-02
 -2.66405046e-02  1.50291193e-02  2.17029694e-02  6.45402744e-02
 -1.05995992e-02  5.87679744e-02  8.81854147e-02  1.64889190e-02
 -3.91114615e-02  7.10799396e-02  3.56977433e-02  7.09116179e-03
  3.02501842e-02 -4.19966355e-02 -1.07391560e-02 -3.69480662e-02
  3.33289430e-02  9.03667044e-03  4.08261009e-02 -4.69639488e-02
 -3.51951830e-02  1.26338312e-02  6.05332218e-02  2.53499057e-02
  1.04374416e-01 -4.91561145e-02  3.33482400e-02 -3.80329676e-02
  2.19176663e-03  6.73823878e-02  1.96880428e-03  2.35331804e-02
 -8.42355751e-03  2.66534034e-02  3.61284427e-02  5.96868470e-02
 -5.44178039e-02 -8.51955488e-02  5.07643707e-02  5.01353443e-02
  3.63810249e-02  2.20801607e-02 -1.25515321e-02  5.21297045e-02
 -4.07525711e-02 -8.92241597e-02  1.30661987e-02  3.55856530e-02]"
EmmaStone,"[ 2.97450684e-02 -4.79252487e-02 -2.83355843e-02 -4.12165076e-02
  8.36779624e-02  3.29600759e-02  5.47731593e-02 -7.77016431e-02
 -1.07643346e-03  5.45180636e-03  5.30217849e-02 -1.13005554e-02
  2.49528419e-02 -6.88962638e-02  4.79342975e-02 -4.13013138e-02
  2.25318708e-02  1.10960621e-02  3.41948271e-02  5.67782745e-02
 -4.02981509e-03 -2.78908201e-02  7.95813128e-02  2.06892099e-02
 -3.11043710e-02 -2.79502477e-02  5.68178073e-02 -3.84676047e-02
 -4.68889661e-02 -4.34943028e-02  1.61256350e-03  7.72618502e-03
 -7.77681023e-02 -3.08958609e-02 -6.80107810e-03 -1.67894959e-02
  6.73886091e-02  2.03270037e-02  5.12999529e-03 -5.23580536e-02
  6.50798157e-02 -1.87591147e-02 -6.76795244e-02  3.08868615e-03
 -1.53643368e-02  1.14359788e-03  2.61200927e-02  3.36806998e-02
 -6.42905906e-02 -2.60820203e-02  9.87765496e-04 -1.17759407e-02
 -6.32710457e-02  6.35101199e-02 -2.41511650e-02  6.36951532e-04
  4.55714203e-02 -9.54520050e-03  2.03066058e-02  9.81342699e-03
  4.93885204e-03  5.52927814e-02 -4.13881578e-02 -3.12746391e-02
  6.29475191e-02 -3.88687328e-02  5.91781698e-02 -1.13631725e-01
  1.78157119e-03  4.51204181e-02  1.63314119e-02 -5.41646220e-03
 -6.78729825e-03 -3.25928293e-02 -1.13588432e-02  7.16651138e-03
  6.72481814e-03 -7.26698413e-02 -2.42002811e-02  3.75924818e-02
 -8.92818999e-03  8.68424699e-02 -2.74139848e-02  2.43543480e-02
  4.65903766e-02 -2.01028604e-02  3.78497653e-02  1.67189445e-02
 -2.36968752e-02  1.73887219e-02 -3.57946493e-02  1.03472332e-02
  5.25351753e-03  5.49351014e-02 -1.69052184e-02 -8.23369995e-02
 -8.07005316e-02  3.49200889e-02 -4.88498658e-02  1.78664713e-03
 -2.98610311e-02 -2.29485594e-02 -6.87485337e-02  2.26054084e-03
 -3.84586565e-02  3.85312140e-02 -3.65235619e-02  5.18890247e-02
 -3.02856583e-02  4.27075401e-02 -6.05750456e-03 -2.78210621e-02
 -1.18569396e-01  1.35243004e-02 -3.91651550e-03  4.07832079e-02
  4.22065705e-02 -8.60942062e-03  2.96777878e-02  5.54915033e-02
  2.91497621e-04 -7.24529102e-02  3.56024392e-02  1.57647803e-02
  2.22155470e-02  3.37162726e-02  1.54802995e-02 -3.57215628e-02
 -8.69383290e-02 -1.64220445e-02 -2.92276684e-02 -2.75259260e-02
 -4.58491705e-02 -1.37996515e-02 -8.02895650e-02  3.70955952e-02
 -4.48278598e-02  1.50070712e-02 -4.14047986e-02 -6.21396452e-02
 -4.36849929e-02 -1.55959306e-02  1.85157191e-02  9.39956382e-02
 -2.55166250e-03 -8.55175033e-03  3.08259297e-02 -1.32945776e-02
  5.05169630e-02 -4.53247391e-02 -4.26011309e-02  1.95645671e-02
  1.37867723e-02 -4.05665301e-03  2.75610015e-02 -6.41593710e-02
  2.02900711e-02  4.02270891e-02  4.15022373e-02  4.59153280e-02
  3.97477821e-02 -3.98114920e-02 -2.24375390e-02 -2.89648259e-03
 -1.37445759e-02 -1.80565454e-02 -1.77716073e-02 -2.54802201e-02
  3.66728790e-02 -4.12449948e-02  2.09078342e-02 -1.13559503e-03
 -2.43027806e-02 -5.87989874e-02 -2.68840473e-02  6.19610064e-02
  4.77859862e-02  3.16176787e-02 -1.80860460e-02  4.06266004e-02
  3.05669382e-02  1.17667494e-02 -3.90932895e-02 -2.39767432e-02
  3.92315201e-02  2.56018597e-04 -1.35138445e-02  5.52454740e-02
 -4.08297479e-02 -5.02357408e-02 -6.15759864e-02 -7.24851787e-02
  2.03081127e-02 -6.29196391e-02  5.08285351e-02 -4.06367742e-02
  4.37185243e-02 -1.42205264e-02  3.24274995e-03  5.93356751e-02
  2.63743363e-02 -4.88651022e-02 -8.25738441e-03 -1.37710152e-02
 -3.81205305e-02  7.97348171e-02 -1.75683219e-02 -9.85112786e-03
  7.48610497e-02  8.15198049e-02 -4.52531688e-03  8.98495410e-03
 -1.42530188e-01 -6.37179986e-02 -1.11722104e-01 -1.10171726e-02
 -2.30022729e-03  2.91449521e-02  2.12695152e-02  3.89730446e-02
  2.22022869e-02  8.24913941e-03  3.35635319e-02  1.27682127e-02
  1.87363580e-03  1.49074970e-02 -6.30872399e-02  3.08001433e-02
 -4.00775522e-02 -3.05483583e-02 -6.71878308e-02 -1.98859740e-02
  4.95193675e-02  4.66589071e-03  1.84366535e-02  2.88439374e-02
 -3.34896147e-02 -1.52151072e-02 -4.87209596e-02  1.15969777e-02
  5.38796894e-02 -3.42805386e-02 -3.49733420e-02  4.16467345e-04
  3.42115946e-02 -2.51073372e-02 -8.10189620e-02 -3.78945395e-02
 -3.95621406e-03  3.69639918e-02  6.49578199e-02  1.11618787e-02
 -2.00340040e-02 -1.83520559e-02  5.42604141e-02 -4.34575267e-02
  1.07058110e-02  4.10187021e-02 -6.82222005e-03 -1.94512568e-02
 -7.88997579e-03  1.29932920e-02 -1.01750838e-02 -1.29531380e-02
 -3.09203076e-03  2.87458804e-02  5.34167327e-02 -2.91374829e-02
  1.83772966e-02  3.01670399e-03 -2.02006530e-02 -2.76412955e-03
 -4.23914455e-02 -1.12840213e-01 -5.43093421e-02  4.82490771e-02
 -5.05688302e-02 -6.08021282e-02  6.62183687e-02 -4.17541750e-02
  9.31779575e-03  5.28683737e-02 -1.96059756e-02 -3.24571203e-03
  2.11478565e-02  8.66117980e-03 -6.56250725e-03  1.73268300e-02
  3.97439152e-02 -8.45394582e-02  7.10288854e-03 -5.41754905e-03
  1.75217707e-02  6.36921590e-03 -1.03294030e-02  1.08324401e-02
  8.50529745e-02  5.88020459e-02 -7.18426798e-03 -6.94962293e-02
  4.68757711e-02  4.65642288e-02 -3.81582119e-02 -3.03719025e-02
  1.21162431e-02 -5.42323515e-02 -1.48849124e-02 -7.81788677e-03
 -7.63456672e-02 -3.03716846e-02  1.08572751e-01 -4.87660877e-02
 -5.22201182e-03  5.96095994e-03 -3.48726176e-02  1.31481895e-02
  1.64360481e-05 -5.60413115e-03 -2.40413658e-02  9.54644382e-03
  7.54772648e-02  9.99331195e-03  5.68797365e-02  6.51870817e-02
  6.29941076e-02 -7.19532222e-02  9.96469930e-02  1.10679232e-02
  4.55417857e-02 -6.86545298e-02 -1.38386479e-02 -3.32842357e-02
  8.89534280e-02  2.96501908e-02  3.38445269e-02 -2.96896975e-02
  4.14136164e-02 -5.80330156e-02  1.67452004e-02  4.29796092e-02
  2.80700028e-02 -2.18595341e-02 -9.41605419e-02  2.79848091e-02
  2.09376384e-02 -4.18549124e-03 -4.68178187e-03  4.28956524e-02
 -7.86238292e-04  4.90344279e-02  5.54041825e-02  1.32370144e-02
 -6.32790923e-02  1.80821568e-02 -4.92846631e-02  1.03403024e-01
  2.55459361e-02 -2.11792123e-02  2.03328393e-02  8.49540904e-02
  9.39695686e-02  3.69249284e-02 -4.01623063e-02  1.33074392e-02
 -6.21351562e-02  2.43837405e-02  3.96891981e-02 -3.62801515e-02
  3.88889946e-02 -2.53755189e-02 -2.88689826e-02 -5.76193295e-02
 -1.35098230e-02  3.84780741e-03  5.30552901e-02 -1.37360450e-02
 -4.58043404e-02 -5.33523634e-02 -1.89038999e-02 -3.11880428e-02
  7.30620921e-02  4.18038398e-04 -3.97194661e-02  4.80865985e-02
 -3.98738123e-02 -7.26188906e-03 -1.64553039e-02  6.54910728e-02
  6.58374950e-02 -2.22312827e-02 -4.20961902e-03 -4.72867191e-02
 -9.09469947e-02 -3.97653729e-02  2.65187887e-03  3.66463163e-03
  1.48397638e-03 -7.52735808e-02 -8.68675765e-03 -1.67655833e-02
 -7.53688291e-02  8.43149126e-02  2.53875945e-02 -5.44558503e-02
  9.14017670e-03  2.80237175e-03 -1.99091854e-03 -3.17555368e-02
  5.20531535e-02 -2.65453607e-02  5.34891896e-02  2.58561410e-02
  2.04944238e-03  3.50440703e-02 -8.02686147e-04 -2.62031853e-02
 -8.60693119e-03  1.05893828e-01 -2.93719769e-02  1.46468135e-03
 -7.46731833e-02 -6.69975653e-02 -1.32400244e-01  8.16092789e-02
  2.60967053e-02 -6.09779637e-03 -2.99867596e-02 -2.99443677e-02
  2.19166349e-03 -1.06941378e-02 -3.32332626e-02  5.80276251e-02
  7.34891444e-02  5.57916891e-03 -1.31984413e-01 -6.68252334e-02
 -1.98311675e-02 -9.91843548e-03 -3.15736458e-02 -4.80385348e-02
  1.04878247e-02 -2.22995747e-02 -2.28740610e-02  1.13200750e-02
 -4.72167768e-02 -1.70472972e-02  4.95654494e-02  1.44447563e-02
 -8.32038596e-02  6.81661516e-02 -9.78862634e-04  3.50483023e-02
 -2.88513117e-02 -3.81384380e-02 -5.20352647e-02  7.41398707e-03
  4.79637040e-03  4.82407100e-02 -1.33463172e-02  1.33002652e-02
 -2.01026425e-02  1.36267086e-02 -2.84357965e-02  2.61212904e-02
 -2.54399721e-02  7.07035000e-03 -7.01867566e-02  8.72267410e-02
  2.92558093e-02 -2.63537690e-02  8.66009146e-02  2.98297573e-02
  1.57831945e-02 -4.76631103e-03 -1.61446240e-02 -4.51633222e-02
  6.99273497e-02  8.11569542e-02 -1.02441676e-01 -7.11985901e-02
 -1.23711517e-02 -4.53314260e-02  3.93842906e-02 -6.17983937e-02
  2.02900898e-02  8.73613656e-02 -5.42817544e-03 -4.08759974e-02
  7.06244707e-02 -1.62199493e-02  6.81297574e-03 -9.21189263e-02
 -2.20395457e-02  5.17581739e-02 -4.81497273e-02 -5.55959493e-02
 -1.99537892e-02 -1.06988795e-01 -1.05152413e-01  4.17100862e-02
 -1.95320919e-02 -4.68914360e-02 -4.22828197e-02  2.73143034e-02
  3.26880962e-02  6.12152100e-04  3.77228931e-02  4.27164584e-02
 -3.15807648e-02  2.31527770e-03  1.30952820e-02 -3.61530781e-02]"
EmmaStone,"[ 2.54683718e-02 -3.51492539e-02 -5.68840019e-02 -3.59255597e-02
  4.51890677e-02  5.67819877e-03  3.04601761e-03 -2.77441181e-03
  1.63019728e-02 -2.16246191e-02  5.87736964e-02 -5.15035447e-03
  6.43225163e-02 -8.83221403e-02  4.58767563e-02 -4.38006520e-02
  5.23075499e-02 -1.34539567e-02 -8.48894590e-04  5.58205023e-02
  7.40591483e-03 -4.83967084e-03  4.50691618e-02  2.19570030e-03
  1.71102685e-04  2.21084990e-02  8.53412598e-02 -5.66617725e-03
  1.93835702e-02  4.82289819e-03  1.14141777e-02  1.56759676e-02
 -7.51230270e-02  2.43604276e-02 -1.11043891e-02  2.66997162e-02
 -2.49952283e-02  2.36447193e-02 -1.88653767e-02  2.02099662e-02
  6.42065480e-02 -3.61768669e-03 -2.76787225e-02  3.85818724e-03
 -6.19774796e-02 -1.90866012e-02  2.27439795e-02  8.83462746e-03
 -7.13298619e-02 -7.67261386e-02 -1.99501086e-02  1.79344043e-02
  1.74335875e-02  7.29804486e-02 -2.90954225e-02  2.53815372e-02
  2.43893880e-02 -5.45671862e-03 -2.53777206e-03  1.15583008e-02
  5.13027161e-02  4.58461642e-02 -6.41852766e-02 -3.78697291e-02
  1.06733695e-01 -5.42065082e-03  3.63955274e-02 -9.71685350e-02
 -1.21955825e-02  3.16789113e-02  3.50642614e-02 -2.47184653e-02
 -2.24292446e-02 -7.67688528e-02  1.13084288e-02  2.79790293e-02
 -2.92804111e-02 -1.45431897e-02 -4.35816385e-02  2.82673258e-02
 -1.62201244e-02  4.35800962e-02 -1.82634834e-02  2.99086459e-02
  6.58612028e-02 -4.25684042e-02 -9.60983511e-04  6.29420206e-02
  4.10581520e-03  4.33037654e-02 -1.22363986e-02 -6.78857928e-03
 -3.13745476e-02  3.68240364e-02  4.00538510e-03 -8.82992148e-02
 -3.63814160e-02  1.25717502e-02 -5.29344790e-02 -1.58968680e-02
 -6.78379163e-02 -3.80550064e-02 -2.16901843e-02  2.56143641e-02
  5.86802373e-03  6.89074993e-02  2.17090473e-02  5.56349605e-02
  1.91607419e-02  8.88450295e-02 -3.89520787e-02 -2.37359777e-02
 -8.49124789e-02 -6.06588880e-03 -2.29615867e-02  1.95273347e-02
 -5.12238629e-02  2.59571373e-02  1.96289667e-03  3.17889042e-02
  6.43027481e-03 -8.48746002e-02 -1.87539030e-02  2.03604680e-02
 -2.45241821e-02  3.64059280e-03 -1.25329653e-02 -3.84845622e-02
 -5.76139614e-02 -2.12723259e-02 -3.14143598e-02  1.61453914e-02
 -1.14534292e-02 -2.65897792e-02 -4.38636243e-02  4.14410345e-02
  2.32053287e-02 -2.14472245e-02 -6.01025857e-02 -5.47055788e-02
 -2.71018073e-02 -5.81767783e-02 -3.56336264e-03  6.27012625e-02
 -3.04761920e-02 -4.98182252e-02  4.07044776e-03 -3.04961409e-02
  1.46237910e-02 -5.60209714e-02 -2.92032622e-02 -1.01183960e-03
  1.89199187e-02  6.71579689e-02  3.26590501e-02 -4.35955860e-02
  6.60616979e-02  7.13247107e-03  4.22044806e-02  2.94142645e-02
  7.28433728e-02  1.96930636e-02 -2.49522813e-02 -3.75614539e-02
  4.71378081e-02 -1.55382082e-02 -4.37550293e-03 -3.54076028e-02
  5.56111708e-02 -2.87349764e-02 -5.83049236e-03  4.73111542e-03
 -4.72325645e-02 -4.76258174e-02 -1.85465794e-02  3.69572863e-02
  4.26642783e-02 -2.61072163e-02 -3.15780416e-02 -1.07797161e-02
  1.55098587e-02  3.26499604e-02 -5.90038337e-02  1.18402233e-02
  4.91341278e-02  6.74587339e-02 -2.25201100e-02  2.53601503e-02
 -6.77750409e-02 -2.93019414e-02 -7.67030120e-02 -8.84362236e-02
 -2.73130871e-02 -6.26542792e-02  3.31676528e-02 -2.50070095e-02
  3.22163962e-02 -8.38256627e-03  3.78507152e-02  6.65198490e-02
  3.23810205e-02 -3.67895402e-02 -3.43174860e-02 -2.35435199e-02
 -7.48976991e-02  3.57590355e-02 -3.91679928e-02 -6.15121685e-02
  4.31913398e-02  8.28134269e-02 -1.03072068e-02  8.62014107e-03
 -1.20681196e-01 -4.57944460e-02 -8.49188417e-02 -7.54781906e-03
 -2.45116372e-02  7.62777179e-02  7.30705913e-03 -2.07334515e-02
  1.51086012e-02 -5.19639440e-02 -7.08751986e-03  4.09829337e-03
  2.95314938e-03 -4.00817730e-02 -5.04604988e-02  2.64416803e-02
 -7.75710400e-03 -6.03081658e-02 -8.60433131e-02 -4.08349894e-02
  8.58998373e-02 -5.04676625e-02  3.86847369e-02  1.31410183e-02
 -3.90244424e-02 -2.07940582e-02 -5.68537265e-02  6.82306150e-03
  5.71742617e-02 -5.09185754e-02 -3.61858457e-02 -3.72152440e-02
  5.08489087e-02  5.19736186e-02 -9.25992504e-02 -1.39575060e-02
 -1.40491482e-02 -7.75599340e-03  8.01485628e-02  8.53751823e-02
  2.14550225e-03 -3.91462222e-02  3.97584513e-02  1.81951448e-02
  7.84195140e-02  1.68586150e-02  2.50106640e-02 -3.09972167e-02
 -1.43798155e-04 -6.56483099e-02 -6.28433377e-02 -2.26561669e-02
  5.54893631e-03  1.22858547e-02  2.84105614e-02  1.56751014e-02
 -4.90571856e-02  3.39908823e-02 -2.16748584e-02 -1.98195074e-02
 -3.65430638e-02 -9.33907703e-02  1.60348881e-02  9.69926044e-02
 -5.04841842e-02 -5.27231134e-02 -6.01344593e-02 -1.03615886e-02
  4.93748561e-02  2.24562827e-02 -4.77574329e-04  3.92107144e-02
 -2.08852328e-02  7.29575474e-03 -1.30909113e-02  1.68467350e-02
  2.90300250e-02 -4.11374271e-02  3.91000062e-02 -4.99093756e-02
  3.55807453e-04 -3.36212181e-02 -1.64998733e-02  4.34014713e-03
  1.10488266e-01  5.73660806e-02 -1.17579838e-02 -3.11573502e-03
  5.12914136e-02  9.59519576e-03 -5.30000664e-02 -7.44245499e-02
 -4.08158526e-02 -8.55354816e-02  2.86117382e-02  7.75997434e-03
 -4.98449206e-02 -6.85822591e-02  3.89635265e-02 -8.46910477e-02
 -9.96161439e-03 -7.60239689e-03 -3.31112519e-02  2.46700030e-02
  3.59927379e-02  5.62890898e-03  3.81160565e-02 -9.78376810e-03
 -1.27487788e-02 -4.03017811e-02  5.37014455e-02  4.10060510e-02
 -8.43963120e-03 -5.06462678e-02  5.95861115e-02  7.00333938e-02
  7.93198794e-02  6.47209771e-03  2.80204751e-02 -8.75243079e-03
  7.97777474e-02  2.32088249e-02  9.07583907e-02 -4.28883266e-03
 -7.44017190e-04 -7.09623843e-02  3.43901776e-02  7.11325556e-02
  4.99454467e-03 -2.85242144e-02 -9.92290974e-02  1.14070438e-02
  4.75263782e-02 -3.41759957e-02  1.25565818e-02  3.35299484e-02
 -2.18334664e-02  3.53741981e-02  6.44478202e-02  4.99395207e-02
 -2.52930727e-02 -1.21169845e-02 -1.72344875e-02  4.49318662e-02
 -2.55248621e-02 -4.11626063e-02  2.99504772e-02  9.20245722e-02
  4.90623936e-02 -4.98648454e-03 -7.80420676e-02 -3.72082219e-02
 -4.10682745e-02  6.22425377e-02  8.29753503e-02 -1.03417560e-02
  6.15670942e-02 -4.25755903e-02 -4.54230271e-02 -7.57834762e-02
  3.15192528e-02 -5.16803609e-03  6.70046434e-02 -4.72288206e-02
  9.74495150e-03 -1.19323581e-02 -1.91049203e-02 -7.65461400e-02
  6.57915398e-02 -2.23682113e-02 -6.18603118e-02 -2.49197762e-02
 -7.50473440e-02  5.36455680e-03 -1.48349609e-02  4.16249707e-02
  1.31556660e-01 -1.02244746e-02 -1.83486696e-02 -2.56828852e-02
 -1.30580798e-01 -3.56511287e-02 -1.56663079e-02  2.74456176e-03
 -6.68814778e-03 -3.75470221e-02  5.91662480e-03 -2.54109018e-02
 -5.30742183e-02  1.29441619e-01  6.63719475e-02 -7.30454400e-02
 -7.97519740e-03  6.00062795e-02  1.84085611e-02 -1.50812520e-02
  2.56962515e-02 -5.89946397e-02  9.44372565e-02  3.33230197e-02
  5.59989326e-02 -1.43023860e-02 -4.02912498e-02 -2.17854809e-02
 -7.53787812e-03  2.13754922e-02 -3.08599193e-02  1.21972850e-03
  8.50456860e-03  2.15045661e-02 -9.05730203e-02  1.02145374e-01
  1.14927646e-02 -3.83392088e-02 -7.72620514e-02 -7.82052428e-02
  4.09994386e-02  1.33049823e-02 -1.95764247e-02  1.44979795e-02
  2.83419844e-02  4.09781113e-02 -1.04474165e-01 -6.88861012e-02
 -1.45382329e-03  3.45762027e-03 -2.38368530e-02  1.02443052e-02
  1.31825311e-02  2.65741851e-02 -3.08754388e-02 -3.98307014e-03
 -8.04500654e-03 -2.71094888e-02 -1.82379913e-02 -1.15568656e-02
 -7.22944289e-02  8.31737742e-02  4.37826617e-04 -9.17279813e-03
 -7.35219056e-03 -2.34762840e-02 -8.38505570e-04  1.10078985e-02
  6.38766354e-03  7.22075775e-02 -1.70217529e-02 -6.89248336e-05
  2.38993689e-02 -7.02396594e-03  5.69720396e-05 -3.12373880e-03
  4.89278883e-02  2.29676999e-02 -4.89661433e-02 -8.27918202e-03
 -2.37559341e-02 -2.46237703e-02  2.46646684e-02  9.39472206e-03
 -4.23236750e-04 -4.26726090e-03 -1.30314287e-02 -1.10101812e-02
  4.51853201e-02  3.76977026e-02 -7.37560391e-02 -8.98198932e-02
  6.79849610e-02 -4.04301286e-02 -1.41803976e-02 -8.38711560e-02
  1.07689044e-02  2.25924924e-02  2.21122727e-02  1.41452509e-03
 -2.49767676e-02 -7.19913654e-03  4.35216799e-02 -6.65404499e-02
  1.94419622e-02  8.88693780e-02 -6.72630966e-02 -3.65967080e-02
 -4.06991616e-02 -7.60884956e-02 -4.39020135e-02  1.57204177e-02
 -6.26345947e-02 -3.36570628e-02 -3.94828394e-02  1.82279460e-02
  3.44200805e-03 -6.31318241e-02  6.97587207e-02  3.75748787e-04
 -1.04978820e-02  5.67440223e-03  5.29240854e-02  2.21771784e-02]"
EmmaStone,"[ 0.00357784 -0.03507824 -0.01064874  0.00752737  0.06518807  0.0163826
  0.01350113 -0.08415411  0.01990982  0.01706822  0.00630797  0.00176578
  0.01845108 -0.09246961  0.00143512 -0.04825483  0.00357533  0.00985331
  0.06437541  0.08255142 -0.02249826  0.02576105  0.04505759  0.05087371
 -0.00627834  0.02798067  0.09384891 -0.00957832 -0.04768553 -0.01036001
  0.02934575  0.04098749 -0.03877058 -0.0041696  -0.01343034 -0.05435046
  0.01540669  0.0151995   0.00757052 -0.02553939  0.08726458 -0.0137834
 -0.03313588  0.00244907 -0.05672687  0.01969094 -0.01067124  0.03745333
 -0.06704056 -0.05241286  0.00217386  0.02838548 -0.03351771  0.04704413
 -0.01330022 -0.00145063  0.04182828  0.02141337  0.03178505  0.02066391
  0.01408181  0.01797663  0.00864231 -0.05478236  0.05116023  0.00436693
  0.01782605 -0.10608446 -0.04296189  0.04896464  0.06737636 -0.02522398
  0.02271799  0.03239198 -0.01911087  0.03495836 -0.02676141 -0.03199896
 -0.00601503  0.02402783  0.03401178  0.07258573 -0.03750565  0.03576636
  0.03361718 -0.02222791  0.05721226  0.01708096 -0.03651995 -0.00058255
 -0.05714793 -0.00104479  0.02447284  0.08457132 -0.01864897 -0.09799261
 -0.05062716  0.04544416 -0.03371202  0.02606733 -0.04714573  0.00620123
 -0.06563089 -0.00662432  0.01264895  0.0127334  -0.00916488  0.07738467
  0.02469653  0.03640869  0.02562911 -0.05628096 -0.15096106  0.01427568
  0.03711812  0.08071358  0.01333629  0.02558748  0.0069167   0.02348815
  0.01572261 -0.04901566  0.01981013  0.03001102  0.01823745  0.00950566
  0.03291155 -0.01590164 -0.06874113  0.00341581 -0.01865117 -0.04789509
 -0.02003556 -0.01134687 -0.10984736  0.02209547 -0.04240258  0.0009561
 -0.05015774 -0.03270363 -0.01858019 -0.0452015   0.02457266  0.08203325
  0.01556657 -0.04940104  0.00686072 -0.00142341  0.04441411 -0.09555516
 -0.03514411  0.06363474  0.05069111  0.03023747 -0.00902241 -0.07791658
  0.06270434 -0.00695734 -0.01642983  0.04779762  0.03131132  0.05623915
  0.00560841 -0.03312415  0.00773331 -0.01374603 -0.04083033 -0.00209225
  0.01967316 -0.00627302  0.00279829 -0.00357692 -0.01406538 -0.04422405
 -0.03100347  0.03463516  0.04626508 -0.00347818  0.01006284  0.04534419
  0.02978326  0.05264216  0.0068003   0.01924874  0.0629737   0.02822842
 -0.01119962  0.03380065 -0.02992777 -0.02346602 -0.03662153 -0.05427616
 -0.00208269 -0.06543773  0.07675109 -0.05037735  0.05149061 -0.03463494
  0.06781673  0.06930611  0.04366798 -0.06173544 -0.04995945  0.01810459
 -0.03977445  0.04411422 -0.0190277   0.00897864  0.04543424  0.0645144
  0.00183923  0.00938231 -0.13763326 -0.00948653 -0.0596092   0.02688992
  0.01779082  0.05071977  0.00037796 -0.02352487 -0.01027255 -0.00403792
  0.02510538 -0.01939212 -0.00690777  0.01095499 -0.03035933  0.07038055
  0.04648183 -0.00821139 -0.0504858  -0.05442465  0.07332304  0.01516282
 -0.03527509  0.03487658 -0.07909629 -0.00191007 -0.04863758 -0.0046441
  0.05571169 -0.02874224 -0.04662931  0.00347626  0.06817514  0.01325358
 -0.08420865 -0.00608593  0.00422543 -0.01591888  0.08354103  0.03643718
  0.02088174  0.00237223  0.0848864   0.02378766  0.01975414  0.0266099
 -0.01105788  0.01144282 -0.03429161 -0.01074172 -0.07070078  0.003175
 -0.03599623  0.01594714  0.09357019  0.00714157  0.03827     0.06126713
 -0.02499484 -0.02336822 -0.05024249 -0.08376466 -0.00500506  0.09356932
 -0.03104132 -0.01089474  0.05063352  0.00538844  0.04521873  0.04099285
 -0.03308428  0.00345165  0.02270577  0.00576986 -0.02740572 -0.0196463
  0.0256935  -0.0299201   0.0171252  -0.0096392   0.02626335 -0.02712191
  0.00626464  0.02002316  0.06280789  0.0546781  -0.00251791 -0.00763198
  0.04995821  0.00895143 -0.02873586  0.00139721 -0.05090572 -0.06101909
 -0.01341652 -0.01594613 -0.08517242 -0.10266213  0.07958189 -0.0630974
  0.0040548   0.00217665 -0.09064373  0.00637653  0.01162617 -0.02229234
  0.05055103  0.03026795  0.04262509  0.01431152  0.05437542  0.07225273
  0.01786791 -0.06028989  0.09178235 -0.02955615  0.0412921  -0.05193344
 -0.02671579 -0.0612995   0.12265752  0.01760038  0.08727865 -0.02022961
  0.05732326 -0.06477137  0.02756419  0.02052144  0.00411923 -0.02282733
 -0.06084748 -0.02818587 -0.00521031 -0.04058911 -0.0218789   0.04949179
  0.00134838  0.1017972   0.05806536  0.0465293  -0.09747754  0.0407726
 -0.0621068   0.06802252 -0.01566156 -0.02472761  0.02070451  0.10938115
  0.10142777  0.02038606  0.01894089 -0.02286795 -0.04069718  0.01210263
 -0.00158347 -0.02426491  0.01084405 -0.03131861 -0.0068365  -0.04325459
 -0.03429657 -0.01937037  0.12378174 -0.03134846 -0.06610688 -0.02650185
  0.03338047  0.00439972  0.04746469  0.03198908 -0.05163826  0.0286056
 -0.07218505 -0.02708116 -0.00105109  0.02041597  0.12103105  0.01860819
 -0.02088876 -0.05478147 -0.07376375 -0.06999585  0.01809851  0.00074501
  0.00851021 -0.05773303 -0.01853265 -0.03902854 -0.04682533  0.05128892
  0.00711454 -0.06168164  0.00783088 -0.00563287 -0.00084374  0.01061502
  0.02897676 -0.03277152  0.05672963 -0.00421115  0.0635853   0.01185397
 -0.03124042 -0.00304852 -0.04866108  0.07523282 -0.07042529  0.03517192
 -0.03268905 -0.05744493 -0.08989473  0.09102793 -0.02475669 -0.06294384
 -0.0516338  -0.08123591  0.01930363 -0.01762437 -0.00187101  0.02668946
  0.05686359  0.05320042 -0.1316752  -0.05694821 -0.03862804 -0.01198493
 -0.0066476  -0.00197444 -0.0174397   0.03361564 -0.0575109   0.00276776
 -0.03443989 -0.02103388 -0.01718517 -0.02787173 -0.04775626  0.02805263
  0.00612634  0.00999886 -0.01634619 -0.00678816 -0.03380646  0.02094599
 -0.00569534  0.01232257 -0.01166522  0.03536713 -0.00414536 -0.02992988
 -0.02478104  0.01062612  0.01205463  0.04640137 -0.09434644  0.00680499
  0.03817089 -0.01240499  0.06048778  0.02728531 -0.03703329 -0.03226055
 -0.02408511  0.00074909  0.08093283  0.0639614  -0.0874829  -0.0007119
  0.02346883 -0.04067367 -0.00095599 -0.031409    0.07195596 -0.01202788
  0.0119464  -0.00151036  0.04706924 -0.03358628  0.00157829 -0.05562606
 -0.01647883  0.05855056 -0.06285302 -0.02420272 -0.05008402 -0.07091706
 -0.07382815  0.01617238 -0.01478846 -0.01317405 -0.04553441  0.06524922
  0.00517894 -0.0721094   0.0445074  -0.02349989 -0.02020461  0.02167011
  0.06314445 -0.03195084]"
EmmaStone,"[ 4.01423238e-02 -1.33183487e-02 -5.27100116e-02 -2.82118842e-02
  5.20861335e-02  2.21044775e-02 -4.53411276e-03 -2.27865614e-02
 -7.69603066e-03  1.16886501e-03  6.63938224e-02 -5.68144070e-03
  6.22876510e-02 -8.49605426e-02  4.20316979e-02 -4.13728654e-02
  6.21380545e-02  2.09228173e-02  1.68241337e-02  8.59450325e-02
 -3.13582481e-03  1.34599851e-02  5.31198978e-02 -4.52044798e-04
 -3.73757584e-03 -3.13856057e-03  9.50130001e-02 -9.46491584e-03
  2.28107888e-02 -6.44304417e-03  7.55883427e-03  4.54849331e-03
 -7.10484385e-02  2.86102295e-02 -1.06200920e-02 -6.42657792e-03
  2.01064888e-02  1.03155347e-02  3.60751450e-02 -7.52467895e-03
  6.03848472e-02 -2.45737452e-02 -2.28830986e-02  1.21038379e-02
 -6.35681525e-02  9.40377265e-03  1.99266113e-02  1.10393725e-02
 -5.79433516e-02 -5.39759696e-02 -3.46893221e-02  1.11079086e-02
 -3.89771740e-04  8.05566683e-02 -6.75881142e-03  7.70479115e-03
  3.14877853e-02  7.32868630e-03  2.15392653e-02 -1.15374345e-02
  6.02108948e-02  4.68154773e-02 -6.72535598e-02 -4.24795859e-02
  8.11958238e-02 -2.12945044e-02  5.63159771e-02 -9.92065668e-02
  7.18216551e-03  4.99708764e-02  2.70127952e-02 -3.28742601e-02
 -2.17810702e-02 -3.22078727e-02 -7.65765645e-03  6.57081930e-03
 -5.30088134e-02 -4.95471805e-02 -4.27555144e-02 -2.13520764e-03
 -9.47567262e-03  6.75358325e-02 -3.33384387e-02  2.47950461e-02
  2.49650795e-02 -2.28235628e-02  1.36186909e-02  3.96844335e-02
 -2.95269731e-02  2.71667466e-02 -3.97642665e-02 -2.02193242e-02
 -3.37059312e-02  5.15166745e-02 -1.62941255e-02 -8.28370452e-02
 -4.26443554e-02  3.37144844e-02 -6.47385195e-02 -1.58605110e-02
 -8.92051831e-02 -3.47877713e-03 -3.55600379e-02 -1.38554135e-02
 -2.14355905e-02  1.98945422e-02 -2.15322617e-03  3.14688124e-02
 -1.91456228e-02  7.31741488e-02 -3.22099961e-02 -4.77226339e-02
 -1.19820826e-01 -5.97093441e-03  1.34736085e-02  5.23377433e-02
  1.19092576e-02  3.00125685e-02 -1.02355401e-03  9.48655047e-03
  8.06222844e-04 -5.14834188e-02  1.42371384e-02  3.20916921e-02
 -1.29115935e-02  2.67773569e-02  8.43155198e-03 -3.96824554e-02
 -7.94513077e-02 -8.73080827e-03 -3.56450118e-02  1.28277726e-02
 -4.62924279e-02 -3.20195667e-02 -6.13024533e-02  9.96825620e-05
 -2.72190887e-02 -1.86126924e-03 -3.82054374e-02 -4.79663908e-02
 -3.48018855e-02 -6.40413538e-02  1.76622439e-02  5.93525246e-02
 -1.52510935e-02 -2.19700336e-02  2.66924035e-02 -4.31032926e-02
  4.70066145e-02 -7.00133666e-02  6.10521622e-03  1.01938965e-02
  2.53984090e-02  5.39536253e-02  2.88196784e-02 -6.62505254e-02
  4.54751477e-02 -7.77508132e-03  3.88266183e-02  4.04200628e-02
  4.64873761e-02  2.22004782e-02 -4.34402423e-03 -1.31714521e-02
  2.19854396e-02 -3.27418768e-03 -2.91450173e-02 -3.68242227e-02
  5.23127094e-02 -1.05087915e-02 -5.00157382e-03  2.43860614e-02
 -2.75256541e-02 -3.97289656e-02 -2.61908565e-02  2.90050693e-02
  4.42698561e-02  1.34026809e-02  6.25994615e-03  2.71136295e-02
  2.49258466e-02  1.21679595e-02 -4.21143584e-02  1.42046204e-03
  6.87666014e-02  5.59671409e-02  1.95147889e-03  4.56936806e-02
 -4.85892631e-02 -4.19373587e-02 -5.50853759e-02 -6.40919879e-02
 -3.02125551e-02 -5.55242635e-02  3.84930633e-02 -4.95804511e-02
  1.13603361e-02 -4.41323780e-02  4.36978750e-02  8.16316530e-02
  3.44652459e-02 -4.58747037e-02 -2.81297378e-02 -1.33630112e-02
 -5.53450659e-02  6.39454499e-02 -5.95483482e-02 -3.66071463e-02
  2.72366107e-02  8.33278447e-02 -1.89161431e-02  1.17931375e-02
 -1.36568755e-01 -3.52616496e-02 -1.05769381e-01  1.20553477e-02
  7.82593433e-03  4.20524627e-02 -1.72911736e-03 -1.43577978e-02
  3.88862500e-05 -3.37231643e-02  9.04453173e-03  2.74917693e-03
  1.59909893e-02  4.23008436e-03 -3.72041315e-02  5.11971973e-02
  2.47147884e-02 -4.12281491e-02 -7.96136782e-02 -6.27036542e-02
  1.18818849e-01 -2.36554407e-02  1.28862746e-02  1.50906630e-02
 -4.10695113e-02 -2.62959022e-02 -1.68645084e-02  1.69627219e-02
  5.83297424e-02 -3.53726186e-02 -2.58291923e-02 -3.39480899e-02
  4.30271439e-02  1.74795948e-02 -1.12871148e-01 -3.70171256e-02
 -1.03943674e-02 -4.50031506e-03  7.05736130e-02  5.68345524e-02
 -1.38824619e-02 -2.61207875e-02  7.11763576e-02 -3.73266032e-03
  9.64487642e-02  3.39006782e-02  2.07680799e-02 -3.40624787e-02
 -2.08886433e-02 -5.97687997e-02 -5.92692420e-02 -3.60429175e-02
 -2.05506384e-02 -2.45120702e-03  6.72403499e-02 -6.70531904e-03
 -1.29175046e-02  2.83148065e-02 -7.43312854e-03 -2.79979245e-03
 -2.51495764e-02 -8.51303115e-02 -1.64408311e-02  1.21239871e-01
 -5.59694245e-02 -3.96418199e-02  2.42600087e-02 -1.63395870e-02
  3.98234613e-02  2.98481677e-02 -1.29198059e-02  3.81062143e-02
  1.38532538e-02  4.10932861e-03 -1.23482337e-02  9.09706298e-03
  2.68349424e-02 -2.35182270e-02  1.63887851e-02 -2.03435756e-02
 -6.04702072e-05 -5.08611044e-03 -2.27224845e-02  5.00200270e-03
  6.68713078e-02  7.27337524e-02 -4.56145918e-03 -3.90549861e-02
  6.08840585e-02  7.26084178e-03 -5.94622754e-02 -3.82838175e-02
 -1.82010308e-02 -1.02768525e-01  3.92767154e-02 -1.08296946e-02
 -1.03300981e-01 -6.37169182e-02  8.55624303e-02 -8.76186565e-02
 -1.15874084e-02  3.08629329e-04 -4.58730683e-02  1.66263394e-02
  1.82753708e-02 -1.89659409e-02  4.34020460e-02  2.06201039e-02
  2.08491031e-02 -2.61663366e-02  4.95502613e-02  8.17263648e-02
  4.86257160e-03 -4.46655601e-02  8.22291672e-02  2.60339547e-02
  6.09116629e-02 -2.08382178e-02  3.78488353e-03 -6.67336360e-02
  7.38450661e-02 -2.84107332e-03  7.89808482e-02 -5.32980915e-03
  3.58854346e-02 -1.03179157e-01  5.20426482e-02  6.46766797e-02
  2.50149518e-02 -3.28721739e-02 -9.99388620e-02  1.63256116e-02
  2.45652348e-02 -1.35372290e-02 -1.21448664e-02  2.07674075e-02
 -5.97377541e-03  8.78317282e-02  7.08563998e-02  4.69493456e-02
 -4.27647792e-02  2.33886167e-02 -8.09325930e-03  5.86407594e-02
 -5.78371063e-03 -1.00807007e-02 -3.48698522e-04  8.88949335e-02
  7.69546777e-02 -2.96267848e-02 -5.69146164e-02 -3.03210840e-02
 -3.28743234e-02  4.04611044e-02  5.64724058e-02 -4.94202133e-03
  2.97710914e-02 -2.41986159e-02 -4.54545841e-02 -7.99540356e-02
  2.92994804e-03 -5.40618636e-02  9.34228748e-02 -2.39321496e-02
 -3.80083323e-02 -2.87445411e-02 -1.44007262e-02 -5.97882159e-02
  7.18127042e-02 -6.77017402e-03 -4.31682169e-02 -4.07496747e-03
 -4.69432212e-02 -1.69828869e-02 -2.48355772e-02  5.56888245e-02
  1.26426175e-01  4.55329660e-03 -1.86002385e-02 -1.63705964e-02
 -1.34443313e-01 -2.24458445e-02 -3.61957103e-02  1.91107057e-02
  5.66236908e-03 -4.51277494e-02 -1.52109824e-02 -4.51508071e-03
 -5.00110537e-02  1.08302385e-01  7.36926049e-02 -6.62155524e-02
 -1.00732036e-03  2.73394175e-02 -1.07605068e-03 -1.86048310e-05
  2.11610161e-02 -5.47581874e-02  7.93528855e-02  1.96179599e-02
  3.54504399e-02  3.77705023e-02 -4.02519256e-02 -2.66827606e-02
 -2.32152385e-03  6.85022473e-02 -5.82597638e-03 -1.26907416e-02
 -2.43797917e-02 -1.22880824e-02 -1.11508809e-01  1.04026996e-01
 -3.16115725e-03 -2.97792405e-02 -4.64460403e-02 -6.91658482e-02
  1.67802721e-02  1.05247973e-02 -1.55752210e-03  4.55438234e-02
  3.36866602e-02  3.72777246e-02 -9.99325961e-02 -4.65260036e-02
 -1.66303422e-02 -3.78795639e-02 -3.78566957e-03  2.21322989e-03
  2.70371977e-02  3.32364254e-02 -5.46297282e-02 -7.16481300e-04
 -3.77011821e-02  2.64232024e-03  3.21684335e-03 -1.81659982e-02
 -5.69741912e-02  6.21933118e-02  1.87650919e-02  2.55237073e-02
 -1.83200818e-02 -1.57035831e-02 -1.20679066e-02 -2.28855968e-03
  1.10830246e-02  6.27090335e-02 -2.36643869e-02  1.77560952e-02
 -6.67895796e-03 -1.40419705e-02 -3.60369938e-03  3.64430733e-02
 -7.88140763e-03  3.30969654e-02 -6.27558157e-02  2.26246584e-02
  1.95467509e-02  3.98417842e-03  5.90441003e-02  3.23408917e-02
  2.37216521e-02 -1.50061520e-02  1.03606971e-03 -2.74098106e-02
  4.67222780e-02  5.07983565e-02 -1.18027762e-01 -6.90930113e-02
  3.87125239e-02 -3.77683192e-02  1.45192202e-02 -8.68179724e-02
  1.83696691e-02  2.30823550e-02  2.77806353e-02  1.26461890e-02
  2.52500102e-02 -2.19287258e-02  1.82587057e-02 -9.89811048e-02
 -2.62897741e-02  8.81009847e-02 -8.19030702e-02 -5.04622646e-02
 -5.37936110e-03 -6.12322204e-02 -7.43879601e-02  3.90808359e-02
 -2.09131185e-02 -3.18271965e-02 -3.84745449e-02  4.05306667e-02
 -1.40456213e-02 -4.65667732e-02  6.84282184e-02  7.14564417e-03
 -2.69484874e-02  2.10438911e-02  5.26542068e-02  1.61776282e-02]"
EmmaStone,"[ 5.46029303e-03 -4.22000960e-02  6.02915278e-03  1.54454187e-02
  8.14251751e-02  2.47714892e-02  5.57353087e-02 -4.54221852e-02
 -4.62757498e-02  6.97647873e-03  6.82836175e-02 -5.86519996e-03
  2.45855525e-02 -5.39506227e-02  1.87197085e-02 -4.76140566e-02
  5.34982756e-02  7.68223628e-02 -5.10529033e-04  1.16610847e-01
 -1.29058463e-02  3.18841077e-02  2.77457312e-02 -1.50765702e-02
 -6.65536746e-02 -1.97775126e-03  9.01850238e-02 -2.64522852e-03
  5.70150185e-03  9.03732888e-03  1.18763382e-02  1.00385714e-02
 -4.87607606e-02 -2.03675516e-02 -2.19456069e-02 -9.25950408e-02
 -2.71494268e-03  2.52282131e-04  6.88728914e-02 -2.38227583e-02
  4.07850593e-02  1.52804628e-02 -2.83526611e-02 -4.69855079e-03
 -4.49626669e-02 -1.10907815e-02  2.47976352e-02  2.29062345e-02
 -5.64662069e-02 -1.23316478e-02 -7.64070898e-02  1.77413486e-02
  1.11209750e-02  6.74665198e-02 -1.99914947e-02 -3.68479677e-02
  9.66133922e-03 -6.30320807e-04 -8.16371106e-03 -6.30769320e-03
  2.49450523e-02  5.45710959e-02 -8.04211106e-03 -6.78097736e-03
  4.63886820e-02 -3.85283194e-02  6.63990714e-03 -1.11197360e-01
 -5.23857912e-03  2.09744424e-02  5.28869918e-03  1.25382701e-02
 -2.28745285e-02 -2.12396681e-02 -6.05417676e-02  5.39961420e-02
  2.15245541e-02 -9.56898108e-02 -1.33536011e-02 -6.92346916e-02
 -5.11413580e-03  6.99495077e-02 -4.14168648e-02  2.22172048e-02
  7.93703049e-02 -2.25151889e-02  4.98486459e-02 -2.35221907e-02
 -2.71884985e-02 -3.61257158e-02 -3.07989921e-02 -4.83823642e-02
 -1.47822499e-02  5.96950464e-02  3.67432088e-02 -6.89988807e-02
 -7.98689947e-02 -7.84051046e-03 -4.04417515e-02 -4.69228439e-03
 -3.93578373e-02  3.60500962e-02 -3.84265371e-02  2.24759486e-02
  1.59707069e-02 -6.19270792e-03 -4.43585142e-02  6.94556832e-02
  2.19705678e-03  1.50908437e-02  9.63894464e-03  2.11726986e-02
 -1.40042841e-01 -1.48892133e-02 -1.96880847e-02  5.75008467e-02
 -1.79399438e-02  6.62526786e-02  3.73163857e-02  2.71059456e-03
  2.19591670e-02 -5.35376184e-02  4.44495343e-02 -1.68280769e-02
 -4.68260050e-03  4.66280729e-02  3.62051725e-02 -4.42338102e-02
 -6.71370327e-02 -1.04818866e-02 -2.01843400e-02 -1.19757829e-02
 -4.64896560e-02 -9.11854766e-03 -5.79122677e-02 -1.92987993e-02
 -6.18251413e-02 -1.46402232e-02 -1.96139161e-02 -1.51678277e-02
 -3.42084691e-02  2.78878622e-02 -1.34663787e-02  8.54271576e-02
 -6.28711879e-02  1.28941620e-02  2.42830627e-02 -4.41096202e-02
  7.54082948e-03 -1.71840098e-02  1.76890641e-02  5.84634114e-03
  9.75215528e-03  8.88424553e-03  6.75704479e-02 -6.83077239e-03
  1.47484969e-02  1.88658349e-02  1.91673506e-02  4.74149287e-02
 -2.75014580e-04  2.02167407e-02 -1.94412619e-02  1.75000690e-02
 -4.66500595e-03  3.42654996e-02 -1.16413180e-02 -3.64025496e-03
  1.64730418e-02 -3.11176348e-02 -5.44982497e-03  1.18754618e-02
 -3.09998430e-02 -5.56077324e-02 -3.02438140e-02  7.82594159e-02
 -1.88699123e-02  1.11673912e-02  4.76833209e-02  5.99148050e-02
  1.91543642e-02 -1.98104214e-02  1.91788152e-02 -1.31448181e-02
  4.74159829e-02  9.23842937e-03 -1.06470501e-02  2.65603792e-02
 -3.94179225e-02 -7.84671083e-02 -2.64726877e-02 -5.42752258e-02
 -2.34328564e-02 -7.00589120e-02  9.34710428e-02 -4.44434807e-02
 -4.20396514e-02 -3.83644439e-02  3.72182429e-02  6.11581430e-02
  4.09239419e-02 -4.78860773e-02 -3.71626616e-02 -5.77305257e-02
 -4.82921042e-02  9.07274932e-02 -8.65037739e-02 -1.94629636e-02
  2.26488858e-02  1.05545194e-04  1.41540365e-02 -1.81679986e-02
 -7.39010200e-02 -5.09486198e-02 -1.07541293e-01 -2.76121963e-02
  2.58819070e-02  7.04529509e-02 -1.76679972e-03 -8.09368771e-03
  2.31541954e-02  9.94997565e-03  3.26415300e-02  1.80144310e-02
  5.78080118e-02  6.71394821e-03  1.68614611e-02  5.18660471e-02
  5.90039371e-03 -4.11917865e-02 -4.43073101e-02 -8.84150388e-04
  5.10326885e-02 -1.69984382e-02 -2.14812979e-02  1.64431408e-02
 -2.32613068e-02 -2.15891860e-02 -8.91884789e-03  4.36868332e-02
  4.31082658e-02 -7.35416859e-02 -7.17405751e-02  4.00725603e-02
  3.53329033e-02 -4.48513702e-02 -8.59004483e-02 -5.35060428e-02
 -5.31205907e-02  1.58946868e-03  4.60093245e-02  2.50416435e-02
  2.46815290e-03  2.50574294e-02  6.12687021e-02 -7.87072629e-03
  1.51140764e-02  3.58114764e-02 -1.87154394e-02 -3.66150886e-02
 -2.80311536e-02 -2.22803224e-02  1.98787134e-02  3.01735569e-02
 -4.50799353e-02  3.47408578e-02  6.91782311e-02 -6.18051440e-02
  4.45652269e-02  3.08689405e-03  5.66234253e-03 -1.04852896e-02
  3.21050882e-02 -8.23548958e-02 -1.53481830e-02  1.04619786e-01
 -6.68537617e-02 -4.01477590e-02  1.08560901e-02 -5.56674041e-02
  2.21494231e-02  4.45991531e-02 -1.15600219e-02  4.38510589e-02
 -2.14162935e-02  2.52162870e-02  3.84566672e-02 -2.24352255e-02
  3.79753299e-02 -5.25409766e-02 -4.03846726e-02 -4.59334478e-02
 -8.02083872e-03 -6.50582719e-04  2.28742510e-02 -9.60469432e-03
  2.14649700e-02 -1.46587472e-02 -1.72897670e-02 -5.85127659e-02
  8.64817202e-02  2.67657582e-02 -1.52933411e-03 -2.05681492e-02
 -7.37790205e-03 -3.14716846e-02 -5.05286232e-02  1.04874577e-02
 -1.30837679e-01 -3.48085910e-02  1.19260423e-01 -5.88497892e-02
 -4.63521370e-04  2.22226959e-02 -2.86991298e-02  4.11550049e-03
 -1.00609623e-02  1.87777206e-02 -2.32010544e-03  2.64016669e-02
  1.92036927e-02  6.53927997e-02  4.76979464e-02  7.52390996e-02
  5.49408086e-02 -5.58826327e-02  9.74865034e-02  2.01601349e-02
  4.39920239e-02 -8.28989670e-02 -5.31202815e-02 -7.20350221e-02
  6.53121397e-02  4.77170348e-02  6.28509521e-02 -2.70982385e-02
  8.61636251e-02 -9.39761102e-02 -1.72761641e-02  5.07921316e-02
  2.52719559e-02 -1.52821001e-02 -3.13410275e-02  7.25225592e-03
 -2.93218764e-03  2.32186671e-02  1.62348021e-02 -7.43306708e-03
  1.23392651e-03  3.10602188e-02  3.11282519e-02  4.26018722e-02
 -2.29530726e-02 -8.13680142e-03 -1.09099140e-02  7.47761205e-02
  2.66576931e-02 -4.49092574e-02  1.83511451e-02  9.21509042e-02
  6.25157207e-02  8.80259275e-03 -1.50931077e-02  4.09058109e-02
 -1.59754616e-03  5.07339276e-02  2.57864874e-03 -1.43415593e-02
  1.66613925e-02  5.18575776e-03 -3.18258964e-02 -4.49765883e-02
  4.62588035e-02 -1.03288498e-02  7.08229020e-02 -2.55063199e-03
 -5.92300557e-02 -2.88529657e-02  1.48939705e-02 -5.08541614e-02
  6.64786473e-02 -2.36105416e-02 -5.57541586e-02 -4.53133835e-03
 -7.39170797e-03  3.97226475e-02  5.32702580e-02  4.88108732e-02
  1.01048335e-01  1.45462984e-02 -1.20030651e-02  2.21126042e-02
 -1.22699305e-01 -4.42703031e-02  6.39885385e-03  7.91263580e-02
 -3.61723900e-02 -5.61614484e-02 -2.71912981e-02 -3.58214937e-02
 -6.38796762e-02  5.31855635e-02  3.05867065e-02 -2.45146248e-02
  6.10388990e-04  1.10874185e-02 -4.97729592e-02  3.23230699e-02
  3.15798335e-02 -9.25853848e-02  4.94585671e-02  1.31027047e-02
  1.36043634e-02  6.86045643e-03 -4.66936715e-02 -1.67275202e-02
 -4.79371324e-02  7.13464022e-02  2.67866217e-02 -8.78417958e-03
 -3.36098596e-02 -8.44519064e-02 -1.11767098e-01  5.83804362e-02
  1.24502974e-02 -7.47492835e-02 -1.34842992e-02 -4.45378162e-02
  5.62428031e-03  5.91037720e-02 -2.03150269e-02  3.62040475e-02
  5.62943891e-02  8.20309073e-02 -8.70050937e-02 -8.00045207e-02
 -4.87458482e-02 -3.88774090e-02  2.44136974e-02 -3.09039745e-02
 -1.03583774e-02  1.07831983e-02 -5.48448823e-02 -3.27025503e-02
 -3.69329825e-02 -1.33250812e-02  5.68690151e-02  1.94179285e-02
 -5.46569340e-02  3.38452533e-02 -2.39180308e-02 -7.22096767e-04
  3.23023945e-02 -4.64359187e-02  8.70953873e-03  9.46969632e-03
  5.80913899e-03  1.60748009e-02 -7.98866972e-02  3.31809334e-02
  3.21243368e-02  2.65512653e-02 -2.79584411e-03  1.69803854e-02
  3.39192338e-03  6.54598996e-02  5.76459803e-03  2.26137042e-02
  1.73514243e-02 -3.25094685e-02  2.39480212e-02  5.28467959e-03
 -7.80775398e-03 -6.07028278e-03 -2.98613235e-02 -2.12353524e-02
  5.34736589e-02  7.17903301e-02 -1.54224396e-01 -7.80192837e-02
  4.55181748e-02 -3.12682055e-02  2.42321230e-02 -5.74785843e-02
  3.08004469e-02  7.90729746e-02  5.78437047e-03 -3.66985649e-02
  3.97258215e-02  2.96897739e-02  1.54881347e-02 -5.94268851e-02
 -4.58387434e-02  5.86640090e-02 -4.74110171e-02 -9.86363962e-02
  4.72652400e-03 -9.17539746e-02 -6.94297850e-02  6.08314276e-02
 -2.95745041e-02 -3.75544690e-02 -2.20357217e-02  2.49983538e-02
  4.72705113e-03 -1.77391954e-02  7.93809593e-02  5.46262786e-02
 -1.17469858e-02  1.28444694e-02  2.33115954e-03  4.94506164e-03]"
EmmaStone,"[-8.69508309e-04 -2.46606302e-03 -1.01809520e-02 -1.25218676e-02
  9.25517976e-02  4.05598283e-02  7.09216520e-02 -5.44545278e-02
 -1.60967261e-02 -3.16615624e-04  7.42776170e-02  3.59370969e-02
  2.37220749e-02 -4.67924364e-02  3.58758494e-02 -2.96450891e-02
  3.18167582e-02  3.45012359e-02 -5.95740713e-02  3.69871408e-02
 -2.96409559e-02  7.95222353e-04  5.95062450e-02  2.39714123e-02
 -4.80454527e-02 -1.08366618e-02  6.87966645e-02 -5.73238097e-02
 -2.42732968e-02 -5.23455031e-02  1.64262298e-02  5.42084202e-02
  2.08879821e-03 -3.77211310e-02  8.81083310e-03  1.04901064e-02
  6.42570406e-02 -2.25520432e-02  1.37000671e-02  9.14522726e-03
  2.70573329e-02 -3.22134271e-02 -5.52445389e-02 -6.30446449e-02
  1.43141262e-02 -2.11617211e-03  6.78072795e-02  7.13456348e-02
 -4.48220670e-02  7.00846873e-03 -1.13667296e-02  3.61864874e-03
 -4.87545431e-02  5.04950844e-02 -7.18154013e-04  8.89901910e-03
  6.70633838e-03 -1.12837926e-03  2.95106904e-03 -6.55242708e-03
  1.22806886e-02  7.73266181e-02 -2.65227482e-02 -4.29021306e-02
  2.77951341e-02 -2.49661487e-02  1.79199707e-02 -7.18452781e-02
  4.45337184e-02  2.61822436e-02  6.43132925e-02  1.96144935e-02
 -6.56816363e-02  1.24999229e-02 -1.58623364e-02  3.01041957e-02
  1.68261062e-02 -5.21814786e-02 -5.75278588e-02 -1.58034684e-03
  6.99532451e-03  1.06942683e-01 -2.33541746e-02 -2.06115805e-02
  5.62724248e-02 -5.06019853e-02  7.09017366e-02  5.58884582e-03
  8.02432280e-03 -2.30187550e-02 -5.07895015e-02 -7.49154569e-05
  1.55690201e-02  6.63398067e-03  4.60523851e-02 -4.03503627e-02
 -1.35690227e-01  3.17080971e-03 -6.81117848e-02  2.74489314e-04
  1.53156696e-03  1.44180777e-02 -4.27791439e-02 -2.97640488e-02
 -7.88536388e-03  5.28433174e-02 -1.94778685e-02  2.20105913e-03
 -3.85432541e-02 -3.01245470e-02  2.66573280e-02  3.08314012e-03
 -1.16183996e-01 -4.72581154e-03  2.57897861e-02  4.87448610e-02
  6.72556311e-02 -9.38571338e-03  2.25955788e-02  1.66925881e-02
 -3.04321703e-02 -4.55185696e-02  5.41070104e-02 -2.28147060e-02
 -3.53123322e-02 -4.69451351e-03 -1.77814960e-02 -8.34250897e-02
 -5.35175502e-02 -5.85449189e-02  3.18974853e-02 -3.14900950e-02
 -5.37715070e-02 -8.33434910e-02 -9.31661427e-02 -2.49353722e-02
 -6.30223155e-02 -2.02916414e-02 -3.26258596e-03 -4.86398116e-02
  1.91776156e-02  3.39540131e-02 -3.71759310e-02  7.34091848e-02
 -1.09826280e-02  1.17284413e-02  6.60902867e-03 -1.93516463e-02
  2.03664694e-02 -2.06889678e-02 -1.25701344e-02 -2.81145480e-02
 -4.40050252e-02  3.07751894e-02  5.40046357e-02 -1.94585714e-02
  4.17707907e-03  4.47501987e-02  4.87883799e-02 -1.56513732e-02
  2.53199525e-02  2.00947560e-02 -3.75814438e-02  4.44000773e-03
  1.37200011e-02 -3.20927724e-02 -4.72608721e-03  1.96681600e-02
  1.72583386e-02 -4.14520912e-02 -6.70721531e-02  9.47497319e-04
 -7.21779093e-02 -8.54056254e-02  8.34096130e-03  7.15992227e-02
 -1.14419525e-02 -1.42930616e-02 -2.43923580e-03  3.72701846e-02
 -1.16591956e-02 -4.85522822e-02 -1.52512593e-02 -7.71862033e-05
  5.59479930e-02 -1.57132391e-02 -2.24243607e-02  3.56149003e-02
 -4.85489033e-02  3.44881159e-03 -6.31603971e-02 -3.73368189e-02
  5.88321537e-02 -3.35003883e-02  4.97652143e-02 -7.50738606e-02
  4.48942371e-02 -4.97948155e-02  2.17254888e-02  3.13123316e-02
 -2.94780853e-04 -8.52550641e-02  1.89125221e-02 -1.00051882e-02
  3.80403060e-03  2.80247089e-02 -5.06779775e-02 -3.62857282e-02
 -2.09075864e-03  5.86418398e-02 -1.38873486e-02 -3.23528163e-02
 -1.17119759e-01 -7.37981349e-02 -9.88711715e-02 -9.53732803e-03
 -1.08159278e-02  4.10443246e-02 -9.01715888e-04  4.75076493e-03
 -1.27010690e-02 -5.15701063e-03  2.40345187e-02  1.23405363e-02
  2.36051716e-02 -3.02929338e-03 -2.57545616e-02  6.15228117e-02
 -4.80798110e-02 -6.29623048e-03 -4.07042317e-02 -2.97787180e-03
  2.64452640e-02 -3.33263278e-02  2.93787234e-02  2.37236824e-02
 -4.20228913e-02 -8.07332247e-03 -2.08223029e-03  1.65625438e-02
  4.33944613e-02 -2.31989417e-02  1.84710082e-02  7.67859584e-03
  7.39004239e-02 -5.92386723e-02 -7.36226887e-02 -7.41518661e-02
 -2.56978702e-02  5.72201284e-03  4.32934873e-02  2.88475305e-02
 -1.33830020e-02  3.16315442e-02  3.87786813e-02 -7.66615495e-02
  1.42361810e-02  6.39573708e-02 -6.97810249e-03  5.56420535e-02
  2.69989669e-02 -1.37028992e-02  3.81565765e-02 -3.86901759e-02
 -6.13814667e-02 -2.74963956e-03  6.19209260e-02  3.56179546e-03
  3.92224938e-02 -2.79727317e-02 -1.75107960e-02 -1.29642058e-02
 -1.53404195e-02 -9.46982205e-02 -7.29785813e-03  1.34856189e-02
 -5.65419756e-02 -1.71745270e-02  9.90584400e-03 -4.57274616e-02
  3.29113146e-03  4.36450467e-02 -4.03543748e-02 -9.24418028e-03
 -8.29110947e-03 -9.14179161e-03  6.60553426e-02 -9.60953534e-03
 -3.70930582e-02 -1.22212976e-01 -4.05506901e-02 -6.97123073e-03
  7.64752971e-03 -4.37811278e-02 -1.28908316e-02  1.88381802e-02
  5.47343306e-02  3.06044277e-02  1.75705496e-02 -5.77105507e-02
  9.75133106e-02  1.13750352e-02 -2.40388792e-02 -2.96708979e-02
  1.85193401e-02 -8.36863965e-02 -5.58337085e-02 -1.52723845e-02
 -8.16193298e-02  1.66889653e-02  1.11713670e-01 -6.57366440e-02
  1.91445574e-02  3.44335362e-02 -1.51455738e-02  5.18691242e-02
 -1.87157597e-02  3.90789174e-02 -5.31331487e-02  1.25666033e-03
  7.29598030e-02  1.24995289e-02  1.50758438e-02  8.58277455e-02
  6.07556142e-02 -4.02619950e-02  8.63078237e-02  6.15088642e-02
  7.25772902e-02 -1.59743838e-02 -1.46040339e-02 -1.02502061e-02
  7.08608329e-02  6.35117292e-02 -3.22907092e-03 -3.15052681e-02
  4.93264608e-02 -5.99153489e-02  3.40746604e-02  8.30437243e-02
  2.87520997e-02 -7.02428445e-02 -7.02865794e-02  8.32046475e-03
  8.29176754e-02  1.69408005e-02  1.41167892e-02  5.66119216e-02
  3.14996094e-02 -6.56212401e-03  5.52937388e-02  2.91891061e-02
 -4.51432429e-02 -8.57198611e-03 -1.89655013e-02  1.29398987e-01
  5.67453988e-02 -4.99880165e-02  3.10826637e-02  8.07563514e-02
  3.26154642e-02 -8.46404582e-04 -5.03269471e-02 -7.02391332e-03
 -4.62906882e-02  7.04499409e-02  3.69959921e-02  1.50415637e-02
  2.61358395e-02  8.29304010e-03 -5.01506962e-02 -5.26787750e-02
  2.03939918e-02 -1.89261474e-02  6.97981641e-02  6.19934835e-02
 -1.60250533e-02 -4.49211597e-02 -2.32180078e-02 -4.20944244e-02
 -5.98893093e-04 -2.82443520e-02 -7.01011866e-02 -2.90814624e-03
 -1.03118150e-02  4.86970739e-03 -1.18655525e-02  2.12921835e-02
  1.24051925e-02 -9.50825959e-03 -4.88903634e-02  2.38871444e-02
 -1.13247901e-01 -5.94031028e-02 -5.59806125e-03  3.28451060e-02
  2.24779174e-02 -4.86371405e-02  6.02512201e-03  3.61189917e-02
 -1.01578340e-01  5.45104258e-02  2.80152950e-02 -1.22609735e-02
 -2.94930506e-02 -7.67958933e-04 -1.29937874e-02 -3.56256068e-02
  5.89700453e-02 -5.92265017e-02  4.76501659e-02 -5.51876575e-02
  1.48021663e-02  6.39921241e-03 -7.81295523e-02  2.32486855e-02
 -8.36850144e-03  8.80128965e-02  9.28374240e-04 -3.25327031e-02
 -2.07606535e-02 -3.72391231e-02 -1.35075897e-01  6.99667856e-02
 -5.71434340e-03 -2.25508008e-02 -3.09998468e-05  7.46076601e-03
  1.34963065e-03  1.50624244e-02 -4.72252779e-02  6.60983995e-02
  1.30604664e-02 -5.12016797e-03 -1.33729205e-01 -8.29896256e-02
 -7.19363168e-02 -7.12728174e-03 -1.03678294e-02 -3.72802429e-02
 -2.82347817e-02 -2.73202229e-02 -3.31205800e-02 -3.78029887e-03
 -3.95851247e-02 -1.89179573e-02  4.95085455e-02  3.86421755e-02
 -7.66663253e-02  3.64096127e-02  1.47661520e-02 -1.61039596e-03
  2.15575024e-02 -6.61106408e-02 -4.31371368e-02  2.72741187e-02
  1.04986653e-02  7.78691843e-02 -2.33897008e-02  4.97406498e-02
 -5.62692843e-02  5.16051520e-03 -1.09008867e-02  1.96649954e-02
 -1.36802625e-02  1.40501978e-02 -3.87919471e-02  7.52034858e-02
  2.75794938e-02 -3.79253104e-02  3.48297209e-02  3.19879353e-02
  6.19647419e-03  1.68760587e-02 -7.00853169e-02 -2.55148690e-02
  5.59533872e-02  5.62453233e-02 -6.54179454e-02 -7.35880435e-02
  8.44000205e-02 -6.15466712e-03 -5.89127466e-03 -5.12624867e-02
  3.09382472e-02  7.56113231e-02  6.93902839e-03 -3.87794562e-02
  9.17530432e-02 -4.28893976e-03 -2.14019907e-03 -4.59109731e-02
 -1.80483684e-02  5.12490189e-03  1.57770030e-02 -1.07997090e-01
 -2.25617383e-02 -7.58406073e-02 -6.59103468e-02  1.41247762e-02
 -3.72912921e-02 -5.14245480e-02 -2.95324624e-03 -1.82800379e-03
  1.77066047e-02  1.05314106e-02  4.84736264e-02  8.43433812e-02
  1.65640786e-02 -1.71784163e-02  1.74788702e-02  1.45579362e-02]"
EmmaStone,"[ 9.16997250e-03 -1.58960577e-02 -2.11937819e-02 -2.22983230e-02
  4.97904681e-02  2.87501998e-02  7.68214464e-03 -4.93078642e-02
  3.33146080e-02 -9.24658403e-03  4.98580076e-02 -2.30770670e-02
  8.48838761e-02 -4.52542640e-02  2.35824902e-02 -4.15510200e-02
  3.78507115e-02  4.68294211e-02  1.71010464e-03  1.04933351e-01
 -5.31973038e-03 -3.48196998e-02  1.15892567e-01  1.49065154e-02
 -1.77117940e-02 -3.38056474e-04  8.42050165e-02  2.05093971e-03
 -1.41375344e-02  2.02712324e-02  3.46761569e-02  4.25381549e-02
 -8.86659250e-02 -1.90035421e-02  1.72925238e-02 -3.65328193e-02
  3.01995296e-02  2.87484191e-03 -1.51239370e-03 -3.67289707e-02
  5.22823632e-02 -2.96365307e-03 -8.12901258e-02  6.91575510e-03
 -1.57131674e-03  2.16657834e-04  4.22600955e-02  4.69270162e-02
 -6.03862517e-02 -5.43446392e-02 -8.63548145e-02 -1.98081788e-02
 -2.88837403e-02  6.44460022e-02 -4.05312590e-02  2.71505937e-02
  1.33969206e-02  1.51056228e-02  5.12820147e-02  1.89867783e-02
  4.58106399e-02  5.18527674e-03 -2.55495459e-02  6.70868321e-04
  6.82210997e-02 -2.97844540e-02  2.93349046e-02 -1.09689854e-01
 -2.62978338e-02  5.65795526e-02 -2.79889698e-03  1.09385187e-02
 -1.35344658e-02 -9.54307429e-03 -1.42412633e-02 -2.21218374e-02
 -6.32999539e-02 -6.11146428e-02 -2.64683180e-03 -1.91251319e-02
  2.70141382e-02  5.44387810e-02 -8.86662770e-03  2.50173733e-02
  1.49218477e-02 -1.20546594e-02  2.41370481e-02  5.61098978e-02
 -2.62220744e-02  2.86123855e-03 -2.83453874e-02 -2.30634026e-02
  1.36840213e-02  2.42015868e-02  1.29067786e-02 -7.21209124e-02
 -4.02708091e-02  4.53612283e-02 -1.30494162e-02 -2.56542508e-02
 -3.13538611e-02  2.12146761e-03 -7.96535313e-02  4.63814326e-02
 -1.10858018e-02  3.44963297e-02 -4.49914336e-02  4.18984517e-02
 -2.26536151e-02  5.51950186e-02 -9.67544224e-03  1.06426980e-02
 -1.13232195e-01 -2.80465521e-02  2.17065569e-02  4.94569577e-02
 -1.06986472e-02  3.31417583e-02  1.18974810e-02  1.48919160e-02
  4.28229123e-02 -6.24441206e-02  3.29970382e-02 -9.60476755e-04
  2.87174452e-02  2.18642354e-02  1.87256467e-02 -1.94594599e-02
 -1.20271578e-01 -5.98633289e-02 -8.05320311e-03 -1.67097468e-02
 -5.73538691e-02 -2.24320106e-02 -2.49278042e-02  6.62439037e-03
 -5.34527451e-02 -1.16221802e-02 -5.64028211e-02 -2.45995652e-02
 -5.78654930e-02 -1.26421237e-02 -1.45966308e-02  8.07482377e-02
  1.96217168e-02 -1.50910802e-02  3.37508246e-02  1.28048649e-02
  1.60508696e-02 -5.54052740e-02 -2.68934146e-02  4.49401326e-02
  6.12051822e-02  4.38637547e-02 -1.45649733e-02 -5.82971275e-02
 -4.01053019e-03 -2.76399590e-02  2.00031530e-02 -1.35025308e-02
  3.33267227e-02  6.28544912e-02  3.74522130e-03 -1.69596635e-02
 -7.16995262e-03 -2.38694027e-02 -2.48637404e-02 -5.26127294e-02
  3.91496941e-02 -4.38582040e-02 -1.93794724e-03 -8.51762306e-04
  8.75089038e-03 -4.84151728e-02 -2.31910758e-02  4.55779582e-02
 -6.50010630e-03  1.36586204e-02  4.10686713e-03  2.26371326e-02
  3.36012729e-02  3.77917401e-02 -2.64517367e-02  2.73930877e-02
  1.03806794e-01  4.55744341e-02 -3.27205355e-03  4.91632298e-02
 -3.58232856e-02 -9.40426812e-02 -4.28895280e-02 -7.06071705e-02
 -1.33108709e-03 -7.00124279e-02  6.26449436e-02 -6.58746213e-02
 -1.07211366e-04 -7.27841258e-02  5.31710610e-02  6.36578351e-02
  4.63040434e-02 -4.77263704e-02 -4.60484102e-02 -4.23237542e-03
 -3.18867117e-02  7.59202465e-02 -5.64199686e-02 -4.38573249e-02
  7.32614473e-02  4.17717658e-02 -1.22864805e-02  3.54276039e-02
 -1.35738552e-01 -5.90540208e-02 -5.94916418e-02  4.59808148e-02
  2.82680895e-02  5.82868271e-02  3.47090885e-02 -4.60815942e-03
 -4.40319953e-03  1.50948847e-02 -4.34524976e-02 -2.23050825e-02
  1.86043773e-02  5.40976003e-02 -1.67345293e-02  8.76701549e-02
 -1.90532617e-02 -3.44753377e-02 -7.66719878e-02 -5.81083782e-02
  9.50715616e-02  9.73301195e-03  2.90768757e-03  6.49875030e-02
 -3.75686362e-02 -2.62641236e-02 -2.50386056e-02  1.61304679e-02
  5.20706549e-02  1.95889696e-02 -2.98200790e-02 -4.03864011e-02
  3.38068493e-02 -2.12566350e-02 -1.18733697e-01 -2.26356797e-02
 -1.40167065e-02  2.41754912e-02  7.07798749e-02  9.50397644e-03
 -1.18116457e-02  5.01057645e-03  8.35028142e-02  4.08416567e-03
  5.12241237e-02  3.71020623e-02  5.26789855e-03  1.68337133e-02
 -1.77042931e-02 -8.60742480e-02 -1.42695457e-02  7.36783072e-03
 -1.83620397e-02 -2.34399922e-02  8.00102577e-02  2.27264203e-02
  4.13630083e-02 -8.61421507e-03  1.76449288e-02 -1.70312473e-03
  1.27837565e-02 -4.82506193e-02 -2.53401846e-02  6.71483949e-02
 -1.99151114e-02  1.10076759e-02  4.94651757e-02 -5.03376983e-02
  2.09859349e-02  1.44950626e-02  1.90771129e-02  4.61927205e-02
  4.08667140e-02 -5.36446087e-03  4.95321117e-02 -1.48812367e-03
 -2.56887954e-02 -8.16527158e-02  2.19368208e-02 -4.31921706e-03
 -1.63661931e-02  7.71344965e-03 -3.20325755e-02  7.38227088e-03
  5.55608682e-02  5.77710681e-02  3.45249800e-03 -5.70873059e-02
  8.12083110e-02  2.18954440e-02 -4.94347699e-02 -1.42373051e-02
  4.80497396e-03 -3.51502597e-02  1.29271317e-02 -2.94392165e-02
 -9.49486718e-02 -6.95604505e-03  6.30124584e-02 -9.13626328e-02
 -1.54095944e-02 -8.50907806e-03 -7.84389600e-02  2.84705237e-02
 -4.01633866e-02  2.19868142e-02  8.90352950e-03  8.58735573e-03
 -2.04291232e-02 -4.94922921e-02  4.97938804e-02  8.22136775e-02
 -2.15221569e-03 -6.55361786e-02  9.01373178e-02  7.68815167e-03
  7.55755603e-02 -4.99487817e-02  8.77823122e-03 -8.28174800e-02
  1.04242943e-01 -4.37108763e-02  5.88058606e-02 -1.44469514e-02
  7.60078132e-02 -3.71556804e-02  5.21507785e-02  1.87598113e-02
  2.14265529e-02 -5.39510138e-02 -9.09146741e-02  3.30602154e-02
  1.90354679e-02  2.20787264e-02 -1.06997881e-02  7.31777027e-02
 -4.37530084e-03  1.08802281e-01  1.14856392e-01 -2.95684702e-04
 -2.42092628e-02  2.03347784e-02 -3.18648815e-02  6.59152716e-02
 -6.10345742e-03 -2.36444119e-02  1.93875022e-02  8.30507949e-02
  6.10309616e-02 -1.71370283e-02 -3.73134129e-02 -3.19477208e-02
 -2.08503567e-02  1.25623802e-02  3.42396498e-02 -3.88596430e-02
  2.56873555e-02  2.69807782e-03 -3.78134511e-02 -2.08033063e-02
 -1.35996230e-02 -1.47443246e-02  1.27569377e-01 -1.10155074e-02
  1.05519434e-02 -4.85343002e-02 -2.53120880e-03 -7.38994626e-04
  4.59980369e-02 -2.36573126e-02 -1.36599271e-02 -8.61128327e-03
 -5.30161932e-02 -2.24195421e-02  4.95443912e-03  4.87605445e-02
  8.48574117e-02  1.93201210e-02 -2.22313479e-02 -6.62931334e-03
 -1.15182810e-01 -2.76189875e-02  1.74450744e-02  1.57713592e-02
  3.61397564e-02 -3.58516350e-02 -1.59978177e-02 -5.64410798e-02
 -5.77649437e-02  7.59054348e-02  6.22242317e-02 -2.90051810e-02
  2.22549904e-02  5.85635845e-03 -4.49094735e-02  9.93336271e-03
  1.20124768e-03 -3.72550227e-02  6.26372620e-02  1.11487173e-02
 -8.43521440e-04  5.66683188e-02 -2.74886303e-02 -1.90216675e-02
  7.09551899e-03  8.68106037e-02 -2.86118109e-02 -1.05179735e-02
 -1.46436132e-02 -4.31576520e-02 -8.37639645e-02  1.13349743e-01
 -1.12432679e-02 -6.17604423e-03 -1.82428919e-02 -1.00069381e-01
 -5.25342152e-02 -1.39322225e-02 -2.92613562e-02  3.59716974e-02
  6.20848425e-02  5.76753430e-02 -9.90386903e-02 -1.55483494e-02
 -3.54908109e-02  1.02998212e-03 -7.89368618e-03 -1.71691310e-02
 -1.46126654e-02  1.30593553e-02 -3.05438899e-02  1.96099039e-02
 -1.07605755e-03 -1.13836536e-03  2.86801765e-03 -4.06977721e-02
 -2.43242402e-02  9.06928033e-02  3.26794870e-02  2.54131155e-04
  2.70143617e-02  8.62441864e-03  1.55996801e-02  4.20167260e-02
 -6.28994172e-03  4.78538126e-02  2.58733635e-03 -9.23195109e-03
 -2.27362420e-02 -3.30415531e-03 -4.73819152e-02  1.78633984e-02
  2.00638566e-02  5.89159913e-02 -7.95510709e-02  2.17598472e-02
  6.37904331e-02  3.11820656e-02  4.65325788e-02  8.24243482e-03
 -1.31194238e-02 -9.88777145e-04  3.26043218e-02  2.08087657e-02
  4.85708304e-02  5.06940112e-02 -7.61332512e-02 -2.50898972e-02
  7.15390518e-02 -2.75266003e-02 -2.02124249e-02 -4.15503979e-02
  1.98335815e-02  3.58916633e-02  3.30809541e-02  4.82114684e-03
  1.17685631e-01 -4.69892658e-02 -1.31390579e-02 -6.57363683e-02
 -6.86336085e-02  6.63125217e-02 -3.69305909e-02 -3.13166603e-02
 -4.87711392e-02 -7.14486092e-02 -4.96571064e-02  1.64315123e-02
 -3.83683704e-02 -8.10491666e-02 -2.41159219e-02  5.55924280e-03
 -2.92380173e-02 -2.70297807e-02  3.91819701e-02 -1.01684208e-03
  6.24981057e-03  2.01626327e-02  5.85263595e-02  7.10518612e-03]"
EmmaStone,"[ 1.63016822e-02 -3.17161856e-03 -1.59657337e-02 -1.48424627e-02
  7.89797157e-02  2.10460112e-03 -1.52257709e-02 -3.03499121e-02
  5.80571499e-03 -1.94386747e-02  4.49097790e-02 -2.56128125e-02
  1.48748225e-02 -8.32110047e-02  6.11357242e-02 -4.80422489e-02
  3.52758132e-02  2.59658545e-02  9.85048898e-03  4.36363071e-02
 -3.63505259e-02  2.17973981e-02  6.77872375e-02  5.75604150e-03
 -1.87730584e-02  6.37060031e-03  9.36020687e-02 -1.84716228e-02
  2.35366542e-02  7.78318616e-03 -3.34334224e-02  9.23069660e-03
 -4.00802866e-02 -1.79887377e-02  9.18785855e-03  1.79681741e-02
  3.73364426e-02  2.13428028e-02  2.42080633e-02 -2.31908150e-02
  7.92042017e-02 -2.27481183e-02 -3.66943479e-02 -2.16168948e-02
 -3.60819437e-02 -1.77215580e-02 -1.23227434e-02  1.62322298e-02
 -8.66251141e-02 -3.06474119e-02 -1.10624149e-03  1.19066043e-02
 -3.39368060e-02  6.80863336e-02 -5.93909733e-02 -3.90788727e-03
  2.68964022e-02  1.54795423e-02  7.86497537e-03  7.87460245e-03
  3.91156860e-02  1.48359369e-02 -4.84092087e-02 -4.16036323e-02
  5.14993072e-02 -2.29710229e-02  5.04865684e-02 -6.32183924e-02
 -2.62599578e-03  4.81491797e-02  6.68245777e-02 -3.16820666e-03
 -9.01676528e-03 -5.54169603e-02 -7.37044495e-03 -1.59571022e-02
 -2.86465064e-02 -2.44484227e-02 -3.55197452e-02  4.49603759e-02
  2.55001355e-02  6.97650686e-02 -1.06707029e-02  1.53419236e-02
  5.69369681e-02 -2.48222630e-02  2.70384885e-02  5.42699471e-02
 -1.02332598e-02  4.74983975e-02 -2.04479937e-02 -1.86484084e-02
 -5.73000032e-03  2.73536444e-02 -1.77694019e-02 -9.41098109e-02
 -4.41422239e-02  4.53328863e-02 -8.71046782e-02 -2.49082688e-02
 -7.13368878e-02 -1.42692970e-02 -5.79647794e-02  3.34688947e-02
 -1.31895654e-02  4.10657004e-02  3.98162454e-02  6.15997650e-02
  1.77101288e-02  4.53551561e-02 -1.27844913e-02 -4.27094400e-02
 -1.04360148e-01  9.63412970e-03  1.97500996e-02  4.51766029e-02
  1.41985239e-02  1.34294964e-02  3.38007435e-02  2.56702360e-02
  1.79377180e-02 -5.84121197e-02 -1.47309564e-02  1.77839752e-02
  5.60930837e-03  1.03047583e-02 -3.37731559e-03 -1.86385531e-02
 -9.57097560e-02 -2.45831930e-03 -2.29835361e-02 -1.46900555e-02
 -2.59355418e-02 -3.29654962e-02 -7.04797804e-02  1.86545812e-02
 -2.32888795e-02 -8.20929091e-03 -6.13458902e-02 -2.90128887e-02
 -3.65140587e-02 -3.75242010e-02 -9.16966144e-03  9.05949399e-02
 -2.33611315e-02 -1.97728612e-02  2.09772456e-02 -4.10333946e-02
  2.38231439e-02 -8.73216838e-02 -2.35993080e-02  1.86347682e-02
  8.06499366e-03  1.01015791e-02  4.05897386e-02 -5.69308847e-02
  3.87722962e-02  6.20120065e-03  3.70908044e-02  5.69911897e-02
  5.47835603e-02 -1.23434362e-03 -7.71580031e-03 -2.59063207e-02
  7.07364827e-03 -1.92880761e-02 -2.12648604e-02 -2.60448810e-02
  3.10471877e-02 -8.35893769e-03 -1.98981278e-02 -9.54488665e-03
 -5.02472147e-02 -4.92464267e-02 -1.90672819e-02  3.84733453e-02
  6.50203079e-02 -3.80388610e-02 -1.04724998e-02  1.04125738e-02
  3.57279405e-02  1.52473273e-02 -5.15418760e-02  1.33122085e-02
  7.04929829e-02  2.51272656e-02 -3.65364142e-02  3.91035490e-02
 -3.70127000e-02  6.43945299e-04 -5.91246448e-02 -6.55689165e-02
 -1.27592683e-02 -5.27312569e-02  7.44956136e-02 -5.58693781e-02
  1.06559638e-02 -3.16144787e-02  2.41081566e-02  7.67539740e-02
  1.85597055e-02 -7.30966628e-02 -2.77303942e-02  6.03517378e-03
 -7.88256600e-02  6.30416796e-02 -2.27766093e-02 -1.95644833e-02
  3.25573422e-02  8.77592713e-02 -1.07570440e-02 -9.08113271e-03
 -1.34459570e-01 -4.66708690e-02 -8.83474126e-02 -1.16515541e-02
 -1.16504617e-02  7.53525347e-02  1.55819784e-04  1.39764212e-02
 -4.30771522e-03 -1.75250378e-02 -2.49640774e-02 -2.08174754e-02
 -1.37348091e-02  9.44100786e-03 -4.37329113e-02  5.25681339e-02
 -1.25782955e-02 -2.97046173e-02 -7.41259977e-02 -5.06825037e-02
  8.52125436e-02 -1.13933822e-02  2.67960550e-03  1.95816979e-02
 -3.57428454e-02 -2.77771875e-02 -5.26476316e-02  2.61906926e-02
  3.16680446e-02 -4.93954681e-02 -3.01127713e-02 -1.73235424e-02
  7.45458305e-02  2.16195621e-02 -9.30011645e-02 -2.30619628e-02
  7.39268959e-03 -2.01097839e-02  9.33851749e-02  4.51981500e-02
 -2.91267559e-02 -4.06121425e-02  4.80364673e-02 -8.10029078e-03
  8.19914266e-02  2.83434149e-02 -4.31165518e-03 -9.68722813e-03
  3.29683418e-03 -3.48871015e-02 -5.46330288e-02 -2.82513648e-02
  3.76280688e-04  2.66194846e-02  6.42743781e-02 -1.06630509e-03
 -1.80386044e-02  4.00674604e-02 -3.88282537e-02 -6.52869279e-03
 -1.42245810e-03 -1.03551194e-01 -1.06018316e-02  7.33466372e-02
 -4.22840677e-02 -3.55311893e-02  3.64971831e-02 -3.57656144e-02
  1.67491995e-02  5.80003336e-02 -2.14241724e-03  2.26021912e-02
 -1.05545903e-03 -5.80851780e-03  2.09997687e-02  4.49938066e-02
  4.51598689e-02 -9.97720659e-02 -1.19861541e-02 -6.33283556e-02
  1.32352831e-02 -3.78876999e-02 -2.79077142e-02  8.79534491e-06
  9.15229395e-02  9.25298929e-02 -8.02383665e-03 -1.53980656e-02
  4.65992205e-02 -1.55051677e-02 -5.88199012e-02 -3.18888351e-02
 -3.53550203e-02 -1.01164140e-01  2.93156691e-02 -2.87703704e-02
 -8.01692382e-02 -4.60032560e-02  9.41724330e-02 -4.19568717e-02
 -3.06758168e-03  4.27618157e-03 -2.46103723e-02  1.64762568e-02
  1.58586763e-02 -1.46627019e-03  2.03350326e-03  1.39489956e-02
  5.53407706e-02 -3.76997120e-03  5.63207902e-02  8.82354081e-02
  1.84680838e-02 -7.74536952e-02  7.71783739e-02  4.84649949e-02
  9.37065408e-02 -4.05264869e-02  1.92078147e-02 -6.37401640e-02
  1.04090668e-01  3.08930408e-02  6.16783760e-02 -6.07893197e-03
  5.21239499e-03 -6.44430593e-02  4.23299745e-02  3.77098620e-02
  1.06138699e-02 -1.47950361e-02 -1.06529035e-01  2.65851766e-02
  4.66862097e-02 -2.54810583e-02 -2.66818032e-02  3.50639895e-02
  1.07582705e-02  3.92753445e-02  5.88673279e-02  2.29032356e-02
 -7.87264630e-02  2.59538516e-02 -4.41275798e-02  7.69540295e-02
 -2.32573599e-02 -5.48570463e-03  1.61847658e-02  9.03631598e-02
  7.71309361e-02  1.41507257e-02 -6.10982217e-02  1.49532687e-03
 -5.68038858e-02 -7.22216442e-03  6.35681152e-02 -2.05632988e-02
  4.39164862e-02 -2.73938663e-02 -3.36629339e-02 -8.73006210e-02
 -2.83212634e-03 -3.55785191e-02  1.02465957e-01 -1.01444917e-02
 -1.50054768e-02 -3.83118466e-02 -2.90938597e-02 -4.55327407e-02
  7.14214146e-02 -3.53496382e-03 -5.47526889e-02  1.88782029e-02
 -3.30596603e-02 -2.86820177e-02 -5.24122156e-02  6.42446801e-02
  1.24121338e-01 -1.45944487e-02 -1.60249919e-02 -1.87375844e-02
 -1.21180944e-01 -6.96799979e-02 -2.65541747e-02 -2.61837821e-02
  3.68425772e-02 -5.28354682e-02 -2.42535155e-02  1.56453103e-02
 -8.32341015e-02  1.02818288e-01  2.22000033e-02 -6.21781647e-02
  5.54228714e-03  4.39338759e-03  1.56356348e-03 -5.01172990e-02
  4.27739397e-02 -3.45334783e-02  7.14883357e-02  1.44253979e-02
  1.56878997e-02  3.34802754e-02 -1.13392351e-02 -1.90085005e-02
 -3.82747911e-02  9.31958780e-02 -3.34573984e-02 -1.79924872e-02
 -1.92231033e-02 -3.38931344e-02 -8.25407207e-02  6.78278133e-02
 -3.32247727e-02 -2.51709390e-02 -6.16074130e-02 -8.16943720e-02
 -1.85713992e-02 -6.06703712e-03 -1.26266731e-02  4.65815738e-02
  3.25066000e-02  4.06970493e-02 -1.37486368e-01 -8.22898373e-02
 -2.15195660e-02 -3.41723040e-02 -2.74796113e-02  3.43565969e-03
  2.12136395e-02  3.23541537e-02 -5.06622568e-02 -9.76150110e-03
 -7.78349489e-02  5.44269686e-04 -5.93601447e-03 -8.63479450e-03
 -4.59320061e-02  5.41429818e-02 -2.05280748e-03  7.38224993e-03
 -2.52945814e-02 -2.20804494e-02 -4.68679843e-03  3.48091163e-02
  1.29005769e-02  6.58121333e-02 -3.65607552e-02  3.12404726e-02
  5.58668002e-03 -4.63450551e-02 -3.06695867e-02  1.12499483e-02
  4.15429734e-02  3.34779508e-02 -4.98636104e-02  1.86982565e-03
  1.76272597e-02 -7.14703370e-03  5.20142019e-02  6.70697866e-03
  2.49859923e-03 -3.68307382e-02 -3.18313669e-03 -5.11458784e-04
  8.71657282e-02  5.01997396e-02 -1.06175072e-01 -3.65615077e-02
  5.66436686e-02 -2.51460224e-02  2.52864999e-03 -8.16899091e-02
  1.78600959e-02  5.03527373e-02  3.07221487e-02 -2.14797817e-02
  3.69034223e-02 -3.16163735e-03  1.32628614e-02 -5.15530668e-02
 -3.63363177e-02  2.08361614e-02 -4.85252254e-02 -4.78904508e-02
 -4.51859944e-02 -6.13147989e-02 -8.49153101e-02  1.93336699e-02
 -4.81705032e-02 -2.65144408e-02 -3.02800387e-02  3.50000933e-02
  5.01245596e-02 -3.00367642e-02  5.11718988e-02 -9.02951322e-03
 -2.06067692e-02 -1.39036914e-03  7.22040758e-02 -2.15395447e-02]"
EmmaStone,"[ 0.03822881 -0.03391376 -0.01907168 -0.05354483  0.04257339  0.04595863
 -0.00404006 -0.01586327 -0.03234309 -0.01800025  0.03487555  0.0003466
  0.06167768 -0.05543143  0.06159997 -0.05182215  0.02838452  0.01424012
 -0.01024831  0.0780215  -0.01738013  0.03478025  0.11090131 -0.01617891
  0.00700316  0.02160938  0.08876225 -0.01861165 -0.00285471  0.00320548
  0.02023374  0.04365466 -0.04791407  0.00119844  0.01455389  0.01196277
  0.01529367  0.02367976  0.01745524 -0.04122548  0.08404785 -0.02688145
 -0.04079334 -0.01285219 -0.0320717  -0.02002421  0.0304634   0.01851973
 -0.08398486 -0.0613192  -0.04820189 -0.01581534 -0.01685387  0.05458487
 -0.05264121  0.02772464  0.02020548  0.03800835  0.02216189  0.0043706
  0.03464667  0.03543654 -0.05469182 -0.02682534  0.07206475 -0.02313109
  0.05347817 -0.11146513  0.00372943  0.05721274  0.0440004   0.01292486
 -0.00291109 -0.0499654  -0.03407758  0.00290707 -0.03700381 -0.06728544
 -0.02886328 -0.00628975  0.02465679  0.05256926 -0.00923142  0.00198921
  0.04749126 -0.0393757   0.00782986  0.04350737 -0.03652765  0.03138437
 -0.01738713 -0.02749882  0.00079208 -0.00356149  0.0209477  -0.11758388
 -0.05864398  0.03442553 -0.07360259 -0.03713454 -0.02602363  0.01751671
 -0.0233672   0.06275825  0.00584263  0.0430792   0.03353756  0.05258061
 -0.01729688  0.05568539 -0.05934467 -0.02416857 -0.08390557 -0.03665131
 -0.01200696  0.00615186 -0.0226929   0.03738921  0.0481605   0.00614423
  0.00626017 -0.08626334  0.00177692  0.00106422 -0.02368074  0.04404966
  0.02480256 -0.01896121 -0.08146922 -0.0739808   0.00980597 -0.00559304
 -0.08363898 -0.02288405 -0.06342945  0.01575305 -0.0163957   0.02358171
 -0.05877305 -0.03639925 -0.042557   -0.04495282 -0.01970731  0.05736349
 -0.02300594 -0.02849684  0.02415251 -0.0694357   0.03412258 -0.04497471
 -0.00103541  0.00700349  0.01417572  0.0309185   0.02539245 -0.03828243
  0.02855266 -0.0245914   0.02586142  0.04266501  0.01051697  0.00909006
 -0.01039087 -0.02939892  0.01061127 -0.03998402 -0.01601581 -0.05883641
  0.03137163 -0.05056741 -0.02508005  0.00335202 -0.05667781 -0.04736627
 -0.00500302  0.03688382  0.02095053 -0.01790033 -0.00228783  0.04840118
  0.01180623  0.04104677 -0.03824715  0.0272166   0.08918106  0.02611255
  0.01668031  0.06633732 -0.03166943 -0.05046889 -0.00898447 -0.08720057
 -0.02540763 -0.05075375  0.07530982 -0.0242695  -0.00559616 -0.03299525
  0.01862882  0.0846952   0.03524093 -0.03010063 -0.05518499  0.00622147
 -0.05893281  0.0754841  -0.0524525  -0.03422967  0.03279097  0.04994937
 -0.01040475  0.00590031 -0.13111316 -0.04094562 -0.09844574  0.00342055
  0.01690684  0.04371868  0.03765107  0.01450108 -0.0296994   0.00605203
 -0.04078466 -0.00134071  0.01627556  0.03471638 -0.04052802  0.05037022
 -0.0075359  -0.02310849 -0.06177786 -0.04229107  0.08990059  0.00292643
  0.01191012 -0.0035257  -0.02839912 -0.04910383 -0.02949067 -0.0019448
  0.02981355 -0.03950389 -0.01696279 -0.04993039  0.06769364 -0.00828003
 -0.11265708 -0.03480723 -0.01121423  0.01675821  0.09109767  0.02669409
 -0.05779096 -0.03516554  0.06797865 -0.00499392  0.10547104  0.04197738
 -0.00057817  0.00205012  0.00643671 -0.05857841 -0.02245122 -0.00604327
 -0.00132136 -0.00029906  0.06757559  0.01749958  0.03962789  0.04003289
 -0.00818139  0.00088392  0.00582316 -0.09286162 -0.03075629  0.07180541
 -0.02931076 -0.04044377  0.02458434 -0.04764748  0.04966022  0.03103014
  0.00283023  0.00543882  0.00436336 -0.02209519  0.00778147 -0.00867086
  0.03014599 -0.07284205  0.01213615 -0.02809978 -0.00182468 -0.03000783
 -0.03916978 -0.01798069  0.07448225  0.05934256 -0.03823126 -0.03095778
  0.06369562 -0.02143852 -0.05294917 -0.04461966 -0.00584691 -0.07913506
 -0.01258945 -0.01578787 -0.10271716 -0.00795095  0.08026778 -0.07546964
 -0.0457007   0.01003239 -0.07514191  0.03985082 -0.04198143  0.01623947
 -0.00532403  0.0156771   0.03438373 -0.04678392  0.02494228  0.06983742
  0.01958946 -0.04239092  0.07331757  0.02669673  0.08588551 -0.05839869
  0.0258331  -0.06779022  0.10481828 -0.02522617  0.08390087 -0.01417811
  0.05076227 -0.06064355  0.02435886  0.02201374 -0.0041633  -0.01748766
 -0.09587682  0.02504092  0.01423195  0.04100718  0.0251184   0.03297151
 -0.00936362  0.06588013  0.07572802  0.01927627 -0.02635598  0.00154773
 -0.02100104  0.05423781 -0.02320456 -0.02649583  0.01960405  0.08574149
  0.06650821 -0.02775343 -0.04450978 -0.02962324 -0.03341464  0.01350934
  0.06411124 -0.03912614  0.02935173 -0.0080735  -0.06142663 -0.07275351
 -0.01318864 -0.04137058  0.11420108 -0.01609068 -0.01130352 -0.00967975
  0.00204001 -0.0116401   0.04656791 -0.03564974 -0.04536335 -0.02555851
 -0.02967629 -0.02427504  0.01009832  0.05013295  0.10521635  0.00797153
 -0.02445889 -0.0132643  -0.12407955 -0.04288844  0.02385169  0.01814484
  0.01680783 -0.03814914 -0.02759781  0.01213992 -0.07925717  0.10403865
  0.05614401 -0.05470335 -0.00254934  0.021601   -0.02674386 -0.0406011
  0.01144089 -0.04761138  0.06257807 -0.0080137   0.03310885  0.05091017
 -0.01705781 -0.04147076  0.01489054  0.07549192 -0.01000598 -0.05729071
 -0.02306036 -0.03182736 -0.09788057  0.10160714  0.00653026 -0.05962525
 -0.03418005 -0.07055034 -0.01222921 -0.01696211 -0.01169332  0.04179377
  0.03114142  0.03138988 -0.09654241 -0.04100411 -0.00471996  0.00250915
 -0.01304947 -0.0426416   0.00094795 -0.00167902 -0.02551274 -0.00869401
 -0.02929704 -0.01438922  0.00904631 -0.00695637 -0.0535681   0.08497411
  0.03387672  0.01941046  0.01158922 -0.01368547  0.02797418  0.02499403
  0.0166085   0.06053321 -0.02565559  0.00970142 -0.04024726 -0.02200304
 -0.03382513  0.01526877  0.04650997  0.04672084 -0.07715928  0.02662218
  0.05522228  0.01444117  0.051108    0.03216388  0.02631719 -0.00222164
 -0.00830123 -0.03834619  0.06549096  0.05189095 -0.12355862 -0.04140919
  0.05379993 -0.03225796  0.02131492 -0.0715609   0.02819015  0.04545625
  0.04795269 -0.01389276  0.06392116 -0.0161833  -0.00843688 -0.07171322
 -0.04253099  0.03783011 -0.08059617 -0.05712282 -0.02705498 -0.07488753
 -0.04523076  0.02725001 -0.04500775 -0.06118674 -0.03978126  0.02808601
 -0.00580072 -0.04449321  0.06066094  0.00393818 -0.04664058  0.0424441
  0.05226012 -0.01376231]"
EmmaStone,"[ 4.94299643e-02 -3.30950320e-02 -2.62359087e-03 -1.40202455e-02
  6.54259399e-02  2.75706686e-02  8.31177831e-03 -6.86524063e-02
 -1.45428833e-02 -1.40498849e-02  5.65881059e-02 -4.09681313e-02
  1.78089049e-02 -8.56869444e-02  6.71645030e-02 -7.66081363e-02
  2.35348120e-02  4.69651744e-02  5.69278374e-03  9.75661054e-02
 -3.13495728e-03  3.02802101e-02  7.91611969e-02  1.98111683e-02
 -5.18248528e-02  5.54896407e-02  5.90355285e-02 -1.70011763e-02
 -2.78259218e-02 -3.64769105e-04  1.04539152e-02  2.31723581e-02
 -6.82291240e-02 -4.10938114e-02  1.58778820e-02 -1.29217263e-02
  3.45892459e-02  1.20266760e-02  6.00671098e-02 -2.09203809e-02
  6.95011243e-02 -1.57100298e-02 -3.76315974e-02 -2.50030104e-02
 -6.84893224e-03 -5.35132457e-03  1.15206949e-02  4.31026109e-02
 -1.02160901e-01 -3.54654230e-02  9.39766876e-03  4.29046946e-03
 -4.65433449e-02  9.24582407e-02 -3.32353152e-02 -1.47981215e-02
  3.71023975e-02  3.38963023e-03  3.39660677e-03  1.64600275e-02
  3.15424874e-02  3.82334925e-02 -5.56231774e-02 -4.89960536e-02
  2.07395609e-02 -3.76930758e-02  5.56255914e-02 -9.35619026e-02
 -7.17403600e-03  5.68343624e-02  6.56008646e-02  3.22470926e-02
 -4.78679501e-02 -4.76284996e-02 -4.47537303e-02 -3.33901346e-02
 -2.42889151e-02 -6.22167401e-02 -2.74624266e-02 -2.79452256e-03
  1.51695497e-02  1.01991035e-01 -2.71851942e-02  3.39972926e-03
  1.74769033e-02 -1.84605531e-02  3.32854167e-02  5.74990874e-03
 -2.84024235e-02  2.74937898e-02 -1.37524866e-02 -2.81171277e-02
  1.02504380e-02  3.18682268e-02  3.61302979e-02 -6.21688925e-02
 -5.01285754e-02  4.16039191e-02 -6.68714568e-02 -3.23515497e-02
 -6.90397322e-02  6.04806608e-03 -5.55264205e-02  3.93809043e-02
  1.23216510e-02  1.64487250e-02 -7.67083745e-03  8.10958296e-02
 -3.80970612e-02  4.58923727e-02  2.36181784e-02 -2.12129354e-02
 -9.46287289e-02 -6.31011557e-03  4.44702879e-02  3.14756371e-02
  3.03794015e-02 -2.35404680e-03 -1.11593981e-03  1.06060300e-02
  3.35140707e-04 -2.85625234e-02  1.91158094e-02  7.42419669e-03
  1.81640312e-02  3.46218981e-02 -3.04155368e-02 -2.85122190e-02
 -8.52756798e-02 -2.99420487e-02 -3.36658850e-04  1.71113631e-03
 -5.87225184e-02 -3.76751907e-02 -7.79497698e-02  7.13821966e-03
 -5.51674031e-02  5.59312338e-03 -2.55068131e-02 -1.19300745e-03
 -3.01434658e-02 -5.49418107e-02 -7.20709143e-03  8.67679119e-02
 -3.54964137e-02 -3.05885822e-02  4.69749533e-02 -4.41753194e-02
  4.31330316e-03 -6.27842546e-02 -1.64633635e-02  1.89412944e-02
 -9.22197010e-04 -4.23538871e-03  4.28150743e-02 -6.64467290e-02
  4.31937762e-02  9.94674489e-03  3.98637652e-02  4.65520658e-02
  2.60914918e-02 -1.84004642e-02 -2.52870098e-02 -2.16124337e-02
 -9.52700444e-04 -5.84470574e-04 -2.11727191e-02 -4.31654118e-02
  2.83380300e-02 -3.80137078e-02 -3.26886289e-02  1.46191809e-02
 -3.83076109e-02 -6.02649637e-02  1.11834146e-02  6.90080523e-02
  1.75434984e-02 -1.12007056e-05  2.75271144e-02  3.97698730e-02
 -7.62406178e-03  1.32954922e-02 -3.73441689e-02 -1.73080228e-02
  5.50251603e-02  3.35652716e-02 -1.72900502e-02  5.77520393e-02
 -5.11829683e-04 -1.48005551e-02 -1.45769119e-02 -9.92775783e-02
  1.60678159e-02 -4.28177603e-02  5.91272339e-02 -6.63550347e-02
  3.67631414e-03 -3.93511839e-02 -3.24300979e-03  3.42544802e-02
  3.94565612e-02 -6.24832101e-02 -4.30034921e-02  1.26379980e-02
 -5.05437776e-02  8.92318636e-02 -3.09445783e-02 -6.81266235e-03
  2.45526154e-02  5.41564375e-02 -3.01374076e-03 -1.04845483e-02
 -1.14647537e-01 -6.68835565e-02 -9.05809626e-02 -3.06358300e-02
  1.34722795e-02  5.40328175e-02  6.25851424e-03 -6.62638759e-03
 -1.15988925e-02 -4.72039469e-02 -1.81436650e-02  2.08249359e-04
 -2.72995932e-03  2.37606000e-02 -1.23237241e-02  8.18353817e-02
 -9.20101255e-03 -4.34791893e-02 -2.80302353e-02 -6.01588376e-03
  5.94951324e-02  1.71967223e-02  1.68728009e-02  8.05270113e-03
 -9.87540856e-02 -1.65838376e-02 -1.23921810e-02  3.27750156e-03
  7.98360165e-03 -2.96442434e-02 -1.83809008e-02  1.37734720e-02
  7.54105598e-02 -3.11912838e-02 -5.73042631e-02 -1.20217148e-02
 -2.58186590e-02  2.83095501e-02  6.44085556e-02  2.27509364e-02
 -1.58135016e-02 -5.26487082e-02  9.79382992e-02 -2.53785085e-02
  5.36024608e-02  2.00421121e-02 -2.81603783e-02 -5.00568422e-03
  4.50245943e-03 -5.18615469e-02 -1.42029440e-03 -7.52214342e-03
 -1.54548530e-02  3.04828398e-02  7.10998252e-02  1.48113659e-02
  1.68476943e-02  2.59196069e-02 -3.78372855e-02  2.78247357e-03
  2.04615220e-02 -9.52451527e-02 -1.15574887e-02  6.45293966e-02
 -9.29108448e-03 -1.80161130e-02  4.91294004e-02 -7.82587975e-02
 -1.32029736e-02  5.60194924e-02  2.25144308e-02  2.55458825e-03
 -2.46391725e-03 -2.72888364e-03  3.53080407e-02  1.09026311e-02
 -4.37181356e-04 -6.68481216e-02  1.48583315e-02 -2.80643515e-02
  7.33171916e-03 -7.37690926e-03 -2.27889176e-02  1.36055984e-02
  6.07192256e-02  3.64582539e-02 -3.74129973e-02 -8.65241960e-02
  4.21560481e-02 -9.51944757e-03 -5.05891219e-02 -4.02455255e-02
 -2.87652947e-04 -5.97230308e-02 -4.16702442e-02 -2.83278478e-03
 -5.87136522e-02  8.55200645e-03  1.20032854e-01 -6.63587674e-02
  1.21149551e-02  4.39777337e-02 -5.31448610e-02  1.76119301e-02
 -5.10008112e-02 -7.01223081e-03 -1.77620277e-02  5.25736585e-02
  3.97751853e-02  4.66543846e-02  3.85925025e-02  1.10654086e-01
  3.02291233e-02 -6.82791993e-02  7.25465566e-02  2.95844283e-02
  4.65520136e-02 -4.28211428e-02 -3.43331359e-02 -6.84483126e-02
  1.01066403e-01  3.93498354e-02  8.00605118e-02 -7.22184852e-02
  5.73334508e-02 -4.31079268e-02  3.51451896e-02  3.20006646e-02
  1.75808240e-02 -5.97202517e-02 -7.08558336e-02  2.66292263e-02
  1.76195912e-02  6.42486801e-03  3.60180251e-02  1.44830896e-02
  1.40323061e-02  2.62256376e-02  4.58000824e-02  4.99780960e-02
 -6.15998730e-02 -1.06517030e-02 -1.77626014e-02  1.01176791e-01
  1.43358251e-02 -5.25779314e-02  2.58712042e-02  7.31999204e-02
  1.15959875e-01  3.58754992e-02 -2.38699131e-02 -1.78765710e-02
 -5.09458855e-02 -6.81019388e-03  2.37469673e-02 -3.27782929e-02
  3.18658985e-02 -5.54321408e-02 -4.25706916e-02 -8.39625075e-02
 -4.03521070e-03 -4.00367677e-02  9.60867032e-02  4.44068052e-02
 -1.96412243e-02 -1.12683466e-02  1.80333611e-02 -2.31974591e-02
  7.83803612e-02 -3.94418687e-02 -4.48828414e-02  3.46054770e-02
 -1.36317816e-02 -3.55406478e-02 -6.16274122e-03  2.71966979e-02
  6.89620376e-02  6.36893883e-03 -6.46666251e-03 -3.05896974e-03
 -1.00066110e-01 -1.28558129e-02 -1.77572723e-02  1.68933701e-02
 -1.48419756e-02 -2.16928273e-02 -3.31226252e-02  1.36210378e-02
 -9.54969451e-02  5.79359494e-02  2.58766524e-02 -2.62545012e-02
  1.78879441e-03  9.25031956e-03 -3.22323069e-02 -2.67386474e-02
  4.01308984e-02 -6.74942136e-02  7.12689310e-02  1.66556593e-02
  1.59501266e-02  1.08104758e-02 -2.07990725e-02 -1.31992362e-02
 -2.41318084e-02  8.76827836e-02  2.02536266e-02 -6.07540719e-02
 -3.35920081e-02 -8.64169523e-02 -1.36562496e-01  4.76066284e-02
 -3.00952960e-02 -3.88430469e-02 -5.40595967e-03 -8.09393078e-02
 -1.35097681e-02  2.05868343e-03 -1.00679761e-02  7.10527003e-02
  7.61694536e-02  3.08974534e-02 -1.03464723e-01 -4.08097133e-02
 -2.33626906e-02 -5.95262228e-03 -2.40199734e-02  5.03000524e-03
  3.58621986e-03  4.24542055e-02 -6.42003864e-02  9.66468453e-03
 -5.21804169e-02 -9.47455782e-03  2.28124131e-02 -4.96006105e-03
 -1.38004599e-02  3.68918814e-02 -4.22861725e-02  1.26027996e-02
 -2.91653834e-02 -3.21525671e-02 -1.16662551e-02  4.63396981e-02
  7.61344656e-03  3.98136899e-02 -4.58293110e-02 -6.24519133e-04
 -4.13960889e-02 -4.03221361e-02 -4.22108509e-02  4.89273965e-02
  1.14687823e-03  3.02688889e-02 -7.30100125e-02  5.85667528e-02
  3.23268175e-02  3.75095494e-02  8.32719877e-02  4.31820415e-02
 -1.23711061e-02 -4.12630057e-03 -2.53996979e-02 -2.70295031e-02
  8.45151767e-02  5.73289059e-02 -1.46564573e-01 -3.70219089e-02
  1.38955601e-02 -3.24834771e-02  4.91761491e-02 -3.55736278e-02
  1.52134635e-02  7.38691092e-02  2.14953385e-02  1.56136253e-03
  8.98546576e-02 -4.09666449e-02 -1.28926607e-04 -5.57801984e-02
 -4.01585996e-02  4.40018512e-02 -5.11883311e-02 -2.00516712e-02
 -1.80422142e-02 -9.55092832e-02 -7.55294636e-02  4.36775014e-02
 -1.26043754e-02 -7.01782703e-02 -2.49259770e-02  1.03708552e-02
  4.46724221e-02  2.84139090e-03  5.99048771e-02  1.88811608e-02
 -3.17240022e-02  1.67457890e-02  5.53802550e-02 -3.73779461e-02]"
Jacob_Elordi,"[-5.83142489e-02 -7.73192570e-02  1.51509605e-03 -2.76004197e-03
 -5.22413328e-02  6.86990619e-02  2.83147451e-02 -7.96168204e-03
 -4.32312787e-02 -7.19790086e-02  1.14853317e-02  4.04325351e-02
  2.64512524e-02  6.16946444e-02  2.27480326e-02 -1.86596625e-02
 -5.83602823e-02  2.02398431e-02 -5.46126440e-03 -2.03863736e-02
 -5.10425344e-02 -2.66938303e-02  7.03765370e-04  2.00638548e-02
  2.31339149e-02 -4.86303195e-02 -4.43443507e-02  7.97859877e-02
  1.46845635e-02 -6.21646382e-02  1.01743087e-01 -1.17675290e-02
  4.02043387e-02 -3.78383361e-02 -5.10034990e-03  1.41656836e-02
  4.10992978e-03  6.11758940e-02  4.74075489e-02 -5.48383296e-02
  4.09202389e-02 -1.47609329e-02  1.21412892e-02 -7.21060634e-02
  8.81627947e-02 -8.08241665e-02  1.91078000e-02 -4.78195250e-02
  9.20216069e-02 -2.84099504e-02 -4.69197407e-02  1.01912841e-01
  3.23986523e-02 -3.99615541e-02 -1.95692871e-02  5.17192632e-02
 -3.26308645e-02  1.46757383e-02 -1.61538832e-02  5.34565113e-02
 -2.41374671e-02 -1.69374477e-02  3.95156369e-02  4.78214845e-02
  2.46136207e-02  3.00102886e-02  2.42447611e-02  1.52210856e-03
 -4.48086597e-02 -2.68008392e-02 -2.93888878e-02  1.21401763e-03
  4.31924164e-02 -8.06430005e-04 -3.25998589e-02 -1.84304379e-02
  7.30716065e-02 -4.29018065e-02 -2.64174212e-02 -2.62498092e-02
 -8.36725980e-02  4.63479646e-02 -1.38526103e-02  7.01110065e-02
  7.78604522e-02 -3.76771577e-02  5.22464737e-02 -1.50919484e-03
 -3.42388488e-02  4.31575580e-03  3.56348082e-02  2.65749707e-03
  1.77306402e-02 -6.71837386e-03 -1.13010798e-02 -4.73002950e-03
 -1.84429865e-02 -6.58321604e-02  5.84951341e-02  6.40085782e-04
  5.32721810e-04  2.01843791e-02  5.67492582e-02 -2.53420323e-02
 -7.09147891e-04  7.35124154e-03 -6.38069138e-02  8.14162120e-02
  2.76309606e-02  1.18493494e-02  5.76466974e-03  8.78466964e-02
 -2.93729343e-02  7.01372921e-02 -1.15115161e-03  6.27732603e-03
 -3.02469674e-02 -6.83779654e-04 -1.16702856e-03 -3.74674909e-02
 -3.79970372e-02 -2.84056179e-02  4.76948805e-02  6.53870627e-02
 -2.16365755e-02  9.07040834e-02 -2.35633515e-02  2.90600508e-02
  2.91429553e-03 -3.93170454e-02  1.99727677e-02  2.56199483e-03
  2.71499101e-02  2.83299424e-02  1.61124039e-02  3.31965229e-03
  9.49593168e-03  3.25442329e-02 -1.56413689e-02 -6.69964477e-02
 -3.93829085e-02 -2.69101318e-02  5.17558791e-02 -2.31875926e-02
 -3.86031121e-02 -1.82850547e-02 -1.03502356e-01  4.51909937e-03
  3.87695283e-02 -1.29974177e-02 -2.68274290e-03  3.10536083e-02
  5.50946444e-02 -5.95956594e-02  5.61450236e-03  2.72648837e-02
  9.40625668e-02 -3.73510271e-02  2.21163146e-02  4.77638207e-02
 -6.52481616e-02  3.25500662e-03  8.61808434e-02 -7.70536140e-02
 -3.49561800e-03 -5.10666668e-02  1.48526952e-02  3.21261515e-03
  2.19983440e-02  1.66347530e-02 -4.22613472e-02  5.82869202e-02
 -1.95234958e-02 -9.74177867e-02 -5.10893278e-02 -6.13971874e-02
  2.91256048e-03  7.65863899e-03  2.20721085e-02  4.64864485e-02
 -3.19226980e-02  4.88294512e-02  3.71179613e-03 -1.37144607e-02
 -4.50191088e-02 -6.52879700e-02 -7.23614544e-02 -3.45598124e-02
 -6.65368587e-02 -4.50847447e-02 -3.52379829e-02 -6.24968596e-02
 -6.34116009e-02  1.22341439e-02 -7.30813742e-02  5.53572923e-02
  3.07764243e-02 -5.47303585e-03 -5.59642864e-03  2.39862558e-02
 -1.82574503e-02  5.40179797e-02 -5.17529175e-02 -3.80637385e-02
 -4.01720628e-02 -6.06722049e-02 -1.30526453e-01 -2.50024479e-02
 -3.74582782e-02  2.33912934e-03 -3.49749089e-03  8.73599853e-03
 -1.42922010e-02 -7.64141139e-03 -2.80690882e-02  4.56482247e-02
 -3.82809974e-02  2.93768141e-02  4.66342419e-02 -1.02191433e-01
  4.79276069e-02  6.52152523e-02 -4.03757347e-03 -1.40287168e-02
 -1.88027620e-02  1.83953799e-03  8.51256996e-02  7.19883805e-03
 -1.10650882e-02 -9.73037072e-03  2.62536127e-02 -3.43083292e-02
  4.77273837e-02  4.74256948e-02  1.26828123e-02  8.40850454e-03
  2.08720583e-02  5.24839154e-04  3.46521996e-02 -3.66060026e-02
 -6.51397854e-02 -2.86957622e-02  3.38267460e-02 -6.37291446e-02
 -8.30950914e-04 -1.13740601e-01  1.20093534e-02  3.41460258e-02
 -8.10158923e-02  1.52246673e-02  4.12053987e-03 -6.97951615e-02
 -4.51817624e-02  9.96989384e-02  8.20764825e-02  2.15305090e-02
  4.94790636e-02 -4.72818725e-02  3.19728293e-02  2.33080089e-02
  2.78892368e-02  7.82365352e-03 -3.96495312e-03  1.63766146e-02
  5.82539253e-02 -2.42093150e-02 -4.07031700e-02 -1.97245134e-03
  8.59112516e-02  7.93029368e-02 -9.40333307e-02 -1.40913315e-02
 -7.20403669e-03  1.46903191e-02  5.43338060e-02 -8.48571286e-02
 -4.61102128e-02 -3.67458127e-02 -2.52748486e-02  9.92773753e-03
 -3.28600630e-02 -4.43856865e-02 -8.38306174e-03  6.06998522e-03
  4.03931513e-02  2.28589941e-02 -8.99549108e-03  3.88823524e-02
  2.45385710e-02 -6.57090694e-02  7.58534893e-02  5.06269597e-02
  3.39019448e-02 -5.69118112e-02  1.20770885e-02  1.04102410e-01
  2.78272163e-02  1.04338210e-02 -4.38530650e-03  2.94472855e-02
 -8.04727525e-03  2.05780528e-02  8.69444087e-02 -5.13754487e-02
  3.78713608e-02 -1.37196835e-02 -4.20166738e-02  7.92063400e-03
 -9.83769307e-04 -4.42728177e-02  3.96859087e-03 -1.30710835e-02
 -7.29297567e-03  3.00943851e-03 -3.19270827e-02  5.37893064e-02
  1.92774311e-02 -2.12585740e-02 -7.26752207e-02  4.41843197e-02
  1.72150508e-03 -5.97440004e-02  1.14612374e-02 -1.81691442e-02
  1.15501180e-01 -4.90417294e-02 -1.47632761e-02 -4.79180217e-02
  4.10695821e-02 -2.43139863e-02 -3.77474390e-02 -1.99116971e-02
  3.06202248e-02  1.17424615e-02  2.42941473e-02 -2.30548047e-02
  1.96491275e-02  8.49656314e-02 -5.67919761e-02  2.85352301e-02
  1.25441533e-02 -7.25796074e-02  4.24036905e-02  7.12864427e-03
  1.59641560e-02  7.07951374e-04  8.11455920e-02 -2.37680897e-02
  3.48402075e-02  5.87136261e-02  1.72479562e-02 -7.48981759e-02
  1.87288430e-02  4.29604352e-02  1.17445976e-01 -5.75365499e-03
 -4.97808717e-02 -3.34987640e-02  2.79665086e-02  1.80261806e-02
 -7.76460534e-03 -1.96721661e-03  1.34413689e-02 -3.58375683e-02
 -4.79993857e-02 -2.36917995e-02 -2.45938655e-02 -3.14910733e-03
 -1.53233884e-02 -3.99680771e-02  9.36344489e-02  1.85700338e-02
  2.28525512e-02  1.88640766e-02  3.34003642e-02 -2.84791626e-02
  2.30221674e-02  1.78038646e-02  5.66996299e-02 -6.35269471e-03
 -7.50309899e-02  8.28659609e-02 -5.49197569e-03 -2.32031364e-02
 -4.80206236e-02 -4.68149781e-02  2.96958070e-02 -4.58672531e-02
  4.31018136e-02 -3.50051932e-02 -1.50561398e-02 -3.65420221e-03
  4.98200357e-02 -5.54415286e-02  5.98398000e-02  4.11631577e-02
 -1.77538153e-02 -2.01478228e-02 -2.24479362e-02  8.66225213e-02
  1.41477119e-02 -2.15144046e-02 -5.59038818e-02 -7.68958554e-02
 -6.54070824e-02  2.89533008e-02  6.81437850e-02  2.30249148e-02
 -3.96357104e-02 -5.19751720e-02 -2.60523744e-02  6.27275482e-02
  1.42621165e-02 -1.39056174e-02  4.01530452e-02 -2.89000701e-02
 -4.91039939e-02  2.51108203e-02 -3.23291123e-02 -6.11666543e-03
  4.11628522e-02 -1.39852753e-02 -7.89333135e-02  2.81945840e-02
  4.58945967e-02 -6.03684746e-02  1.66115779e-02  5.76188192e-02
 -5.15794940e-03 -1.60715599e-02 -1.71137229e-02  2.09669434e-02
  3.98681909e-02  2.06462722e-02 -6.83451965e-02 -4.88265641e-02
  3.94284427e-02  1.61862001e-02 -5.11774756e-02 -7.23402500e-02
  8.09094682e-02  1.16491383e-02  1.56133901e-02 -9.89072919e-02
 -1.91376712e-02 -1.46747893e-02  4.45334651e-02  2.03249650e-03
  3.71248722e-02  1.03484519e-01  3.02004497e-02 -1.03593534e-02
  5.00587560e-02  4.39769439e-02  1.58856269e-02 -8.24580621e-03
  1.69711877e-02 -2.06684973e-02 -9.33807436e-03 -3.05395778e-02
 -1.10944860e-01 -6.24628253e-02 -6.86756372e-02 -2.67640091e-02
  3.60296890e-02 -2.13089911e-03  1.88913438e-02 -8.68588593e-03
 -2.86184698e-02  4.28150482e-02 -5.75248748e-02  3.15935090e-02
 -4.61237840e-02 -3.99304880e-03  3.44508626e-02 -3.95189300e-02
 -4.40979935e-02 -2.12458465e-02  4.12466042e-02 -2.90518105e-02
 -2.61744186e-02 -4.34570424e-02 -3.15217264e-02 -1.16632609e-02
 -4.06246446e-02 -2.70718336e-03  6.18660823e-02 -8.72857422e-02
  5.04620234e-03  6.25392981e-03 -5.25824875e-02  1.14638954e-01
 -3.38121168e-02  8.56249779e-03  1.92063376e-02 -2.83408836e-02
 -4.71893288e-02 -4.08153385e-02 -6.90412447e-02  5.05587272e-02
 -2.83593684e-02  1.02277119e-02 -8.73158574e-02  2.39376128e-02
  7.13013718e-03 -7.67696798e-02  3.74298915e-02  1.25801394e-04
  3.98276225e-02  6.03072233e-02 -5.95657434e-03 -1.26233110e-02]"
Jacob_Elordi,"[-4.13291082e-02 -8.09761286e-02  3.56187904e-03  3.33936401e-02
 -9.48947296e-02  7.82235339e-02  1.22327795e-02  4.54959124e-02
 -5.70255443e-02 -6.47453293e-02  4.76234294e-02  4.40637358e-02
  6.63883984e-02  3.11852992e-02 -2.21144361e-03 -3.56175029e-03
 -3.71378995e-02  9.13713314e-03  2.32060142e-02 -5.03533781e-02
 -9.99295991e-03 -1.58429076e-03  1.69801749e-02  1.55786481e-02
  4.13783826e-02 -6.22322708e-02 -6.76069781e-02  7.38816261e-02
 -1.16856564e-02 -3.92234884e-02  5.27921729e-02  3.09565244e-03
  2.18096375e-02 -5.75452596e-02 -2.17674151e-02  1.30615281e-02
 -1.03790294e-02  3.10780536e-02  4.18447442e-02 -8.07127059e-02
  4.50088605e-02  6.47356883e-02  4.57825847e-02 -6.18411191e-02
  7.62793869e-02 -7.45384162e-03  1.80820897e-02 -3.09785120e-02
  6.25432283e-02 -3.98667566e-02 -5.38501218e-02  8.52307007e-02
  7.27823228e-02 -2.58747973e-02  5.70629770e-03  5.29586151e-02
  8.98683351e-03  4.82684784e-02 -3.16114463e-02  4.63333689e-02
 -2.03277767e-02 -6.89390872e-04  1.17527936e-02  2.95617059e-02
  2.94251833e-02  6.16487674e-02  1.19668478e-02 -1.33346478e-02
 -1.07090250e-02 -2.45792642e-02 -2.46153567e-02  2.86703780e-02
  3.88967656e-02  2.30436586e-02  2.53420677e-02 -9.73879825e-03
  3.88628989e-02  7.15106819e-03 -4.49974313e-02 -2.63989195e-02
 -6.22945093e-02  2.09699031e-02 -4.14771773e-02  2.21978202e-02
  6.36184514e-02 -1.61210187e-02  5.29499389e-02  3.63635807e-03
 -3.81391719e-02 -6.53370796e-03  1.61508955e-02  7.44965579e-03
 -5.28055383e-03 -5.82107110e-04 -2.93428190e-02  1.70169380e-02
  1.15686897e-02 -8.18069205e-02  3.99191380e-02  6.37835562e-02
 -3.83030511e-02 -1.73737798e-02  3.93335782e-02 -3.65772955e-02
  1.18858963e-02 -5.84820006e-03 -4.78432551e-02  5.82693107e-02
  8.15417245e-03  2.48091239e-02  3.31500545e-02  9.25252065e-02
 -1.36300428e-02  1.67976804e-02 -1.32277301e-02  7.23381992e-03
 -3.78346443e-02  2.05486845e-02 -2.44737267e-02 -6.46151137e-03
 -6.32962510e-02 -1.91640705e-02  5.45863509e-02  3.22975554e-02
  2.04165690e-02  9.84788090e-02  2.21716370e-02  3.84406410e-02
  2.79855896e-02 -8.09637532e-02  2.97529828e-02 -3.46204340e-02
  3.24002244e-02  5.99467494e-02  1.57781485e-02  7.69050866e-02
  2.68646013e-02  7.76289925e-02  7.26274960e-03 -7.20534846e-02
 -6.01123497e-02 -3.84988934e-02  7.09693283e-02 -4.12410721e-02
 -3.06939762e-02 -6.86766161e-03 -9.51376483e-02  3.31391916e-02
  4.39696237e-02  6.94416696e-03  1.21236304e-02 -2.70668529e-02
 -8.69576447e-03 -5.54535091e-02  2.52817124e-02  5.07903844e-02
  6.89227358e-02 -6.01503812e-03 -2.77220015e-03  6.15507662e-02
 -4.84115854e-02 -2.11259627e-04  4.81066629e-02 -4.93464507e-02
  6.59267278e-03 -3.29036042e-02 -3.02264141e-03 -4.42148512e-03
  1.27858017e-03  3.08644064e-02 -3.88747044e-02  3.83197069e-02
  1.65052805e-02 -1.00563154e-01 -2.85470411e-02 -4.49107885e-02
  4.45431657e-02  2.65163220e-02 -1.22087551e-02  4.43457477e-02
 -3.49621549e-02  2.01188903e-02  5.14594279e-02 -1.34905279e-02
 -4.68292721e-02 -5.13623133e-02 -2.07860433e-02 -4.35948633e-02
 -4.50285748e-02 -6.57438934e-02 -2.39037946e-02 -5.21379896e-02
 -1.24628814e-02 -1.39721110e-03 -5.31031266e-02  7.37059191e-02
  3.22397016e-02 -2.62667071e-02 -2.57826168e-02  1.82746593e-02
  1.89705212e-02  9.34251919e-02 -2.48098802e-02 -5.78789115e-02
 -4.50881906e-02 -3.58337872e-02 -1.56787127e-01 -4.88710217e-02
 -3.82735841e-02 -1.21825207e-02  3.67757492e-02  5.39780632e-02
  1.14617627e-02 -1.04633113e-02 -3.53896320e-02  8.36727768e-02
  1.41500710e-02 -3.54799442e-02  4.50362526e-02 -1.24513574e-01
  6.22418933e-02  4.95714769e-02  5.23592520e-04 -2.13253330e-02
 -7.92044774e-03 -2.65529356e-03  4.71099094e-02  2.11952701e-02
  2.36138999e-02 -1.58397518e-02  2.78472658e-02  1.64864417e-02
  3.03212740e-02  2.68549602e-02  3.45749967e-03  5.18601909e-02
  2.95392722e-02 -2.22660741e-03  3.53937745e-02 -1.17990239e-04
 -7.74518624e-02  6.92136725e-03  1.59801431e-02 -3.81731354e-02
  2.59690173e-02 -8.40114132e-02 -1.28054814e-02  1.09532438e-02
 -4.36966904e-02 -4.67202300e-03 -9.82132973e-04 -4.09792811e-02
 -5.45999184e-02  9.57103595e-02  1.09674297e-01  3.50058936e-02
  6.59500249e-03 -7.23203123e-02  3.65751460e-02  2.84720492e-02
 -1.69618391e-02 -2.41295975e-02 -2.60989618e-04  2.38324795e-02
 -1.41336992e-02 -3.75248343e-02 -6.23528883e-02 -1.30307302e-02
  5.27003966e-02  7.52309784e-02 -9.67890918e-02  3.22661884e-02
 -5.62812714e-03  2.08680816e-02  4.51749116e-02 -8.88787806e-02
 -5.68766221e-02 -5.44545539e-02 -3.50066833e-02  7.47385481e-03
  4.85791964e-03 -2.70363856e-02 -2.42164731e-02 -5.63773252e-02
  4.42068093e-02  6.10294193e-02  1.94361974e-02 -1.53412425e-03
 -3.90678048e-02 -4.37974669e-02  9.44076777e-02  4.59528342e-02
  2.87464820e-02  2.90488116e-02  1.32164937e-02  8.94834474e-02
  1.97357647e-02  7.64130149e-03 -4.96389419e-02  3.45507897e-02
  1.55465733e-02  4.20765467e-02  1.16872489e-01 -1.63569506e-02
  4.25744988e-02  1.82125717e-02 -4.98361215e-02  3.29541159e-03
  1.09869074e-02 -7.15701580e-02 -1.53050954e-02 -1.99462008e-02
  5.10952016e-03  2.72329338e-02 -2.05815025e-03  4.86108623e-02
  4.09698375e-02 -4.28566933e-02 -5.85046001e-02  2.60486901e-02
 -7.44868396e-03 -5.43612055e-02 -2.14882661e-02 -4.11841981e-02
  1.16149507e-01 -2.04205792e-02  8.89854971e-04 -6.76424056e-02
  2.86368411e-02 -1.93510223e-02 -3.28883938e-02  8.32080375e-03
  2.15163510e-02  1.93200652e-02  5.42120151e-02  1.60898883e-02
  1.77890677e-02  8.77497569e-02 -4.05672938e-02  1.21729430e-02
  5.30906022e-02 -5.25388829e-02  5.67797497e-02  2.79554576e-02
 -8.03575665e-03 -3.56394351e-02  1.14901707e-01 -9.10080317e-03
  1.24862278e-02  4.94755805e-02  2.68067867e-02 -3.87829132e-02
  1.84532162e-02  7.02001229e-02  8.34030733e-02  1.46376938e-02
 -1.79985240e-02 -4.10949960e-02  1.80137474e-02  2.10037623e-02
  2.11265720e-02 -4.46965219e-03  6.17730990e-03 -1.89683512e-02
 -5.68336099e-02  4.49394546e-02 -4.06176932e-02 -3.57066840e-02
 -4.68750298e-02 -8.55824538e-03  7.72004873e-02  3.66106257e-02
  1.98485162e-02 -3.61434859e-03  2.68574655e-02 -6.80999178e-03
  2.30358969e-02 -3.50748636e-02  7.01535419e-02 -3.74771259e-03
 -6.64345324e-02  7.36279190e-02  4.35677059e-02 -1.25631155e-03
 -2.01000292e-02 -2.30320469e-02  5.29356673e-02 -7.90871382e-02
  3.38519812e-02 -3.60435545e-02  2.88779940e-02 -2.25969572e-02
  5.03462851e-02 -7.34778866e-02  6.10316470e-02  5.40098995e-02
  1.47892702e-02 -2.81275604e-02 -9.20929573e-03  9.69594419e-02
  2.83275545e-03 -2.18567671e-03 -3.07676122e-02 -6.71102628e-02
 -6.22475445e-02  5.39458683e-03  5.97181246e-02  6.67452738e-02
 -2.39984691e-03 -3.95891257e-02  2.24993359e-02  2.94739250e-02
 -2.20173039e-03 -3.63627784e-02  4.84120892e-03 -3.76891457e-02
 -4.28509228e-02  2.63288915e-02  2.56601870e-02  2.40777358e-02
  2.26252526e-02 -1.45174358e-02 -6.06302135e-02 -1.70031074e-03
  4.54351492e-02 -8.35567117e-02  4.14273441e-02  2.62309406e-02
  2.22911499e-02 -2.74751838e-02  3.81285395e-03  5.66401370e-02
  5.49133681e-02  2.01852098e-02 -5.06595746e-02 -4.42378893e-02
  6.92548901e-02  1.81058627e-02 -3.57684046e-02 -1.03323966e-01
  7.34457374e-02  5.83460741e-03  4.25471589e-02 -7.09976405e-02
  4.31763530e-02 -5.77047281e-02  1.41225616e-02  4.16827500e-02
  8.49811733e-03  6.44549578e-02  1.70763396e-02 -5.82949594e-02
  5.33941202e-02  1.22814858e-02  1.52492505e-02 -4.31856848e-02
  7.93400258e-02 -1.31338704e-02 -4.59436793e-03 -2.63206083e-02
 -1.12214722e-01 -3.22075598e-02 -5.69918007e-02 -3.77287492e-02
  3.92736867e-02  2.12608147e-02  8.15675873e-03  4.32597939e-03
 -3.53702419e-02  1.66874658e-02 -3.57001536e-02  1.49369463e-02
 -2.41974220e-02 -2.47013066e-02  7.48887938e-03 -7.76629448e-02
 -8.50803852e-02  2.90075084e-04  4.25041392e-02 -9.53673013e-03
 -5.83409630e-02 -5.06449528e-02  1.36827994e-02 -6.50387956e-03
 -6.30105361e-02 -3.40599194e-02  6.54041991e-02 -5.72541356e-02
 -8.16231500e-03  1.60538387e-02 -2.47464925e-02  9.02205259e-02
 -2.68645063e-02  1.22926303e-03  2.84573417e-02 -1.79917011e-02
  6.09034952e-03 -2.24069338e-02 -4.16094437e-02  4.03689109e-02
 -3.38943601e-02  1.95812862e-02 -5.84783554e-02  2.73427311e-02
 -2.90179979e-02 -8.08728114e-02  4.22792137e-02  2.20028800e-03
  4.72419187e-02  6.06177077e-02 -8.63808021e-02 -3.71075012e-02]"
Jacob_Elordi,"[-7.37111792e-02 -7.89340362e-02 -2.48062387e-02  5.27809151e-02
 -3.42243575e-02  6.37359768e-02 -3.18617336e-02  3.38839591e-02
 -5.71591593e-02 -1.94437262e-02  3.91601175e-02 -8.24515987e-03
 -4.78229299e-03  1.08363358e-02  3.52582312e-04  1.98570229e-02
 -6.63712919e-02  1.18340002e-02 -4.05069062e-04 -3.30645405e-02
 -5.98779172e-02  2.39020288e-02 -5.26954159e-02  2.42317524e-02
  5.98094007e-03 -6.42868727e-02 -7.61144310e-02  6.64240047e-02
 -7.09760282e-03 -1.67581122e-02  2.45743990e-02  9.50255152e-03
  4.96927053e-02 -5.60750673e-03 -1.80408359e-02  2.30554435e-02
 -3.48971337e-02  2.54462436e-02  2.37665847e-02 -2.54443344e-02
  4.35564965e-02  2.57604122e-02  3.48338932e-02 -5.78999668e-02
  8.68549272e-02 -8.34351219e-03  2.78950762e-02 -1.68766025e-02
  6.84644431e-02  1.77305043e-02 -1.15312394e-02  7.05385208e-02
  1.33253381e-01  1.03356119e-03  6.41287863e-03  6.90970793e-02
 -2.24727839e-02  4.03912775e-02 -1.26939930e-03 -1.92237161e-02
  2.95324773e-02 -5.22235930e-02  4.82397042e-02  2.15926152e-02
 -3.06190480e-03  3.50323170e-02 -5.43006870e-04  3.05836853e-02
 -5.45016527e-02  2.08997689e-02 -4.39253077e-02  1.95562169e-02
 -1.60930790e-02  1.25197014e-02 -4.89705661e-03 -1.04591446e-02
 -2.42681522e-02  4.65033017e-03  2.01108605e-02 -2.82605141e-02
 -6.84353383e-03  7.58803636e-02 -6.99478388e-02  6.76692277e-02
  5.86951114e-02  4.36814874e-03  7.48101324e-02 -1.16218068e-03
 -9.45799332e-03 -1.68358199e-02  4.86031249e-02  8.32237769e-03
  1.13850562e-02 -2.42431276e-02  5.38747478e-03  5.50815798e-02
  5.64510487e-02 -2.38892436e-02  6.24828860e-02  2.38852110e-02
  3.51159438e-03  5.86617785e-03  4.51139025e-02 -4.64047007e-02
 -7.94297643e-03 -2.79324446e-02 -5.72389215e-02  4.84960154e-02
  6.46502152e-03  2.61829887e-03  3.80593203e-02  8.76651928e-02
 -1.48358587e-02 -1.02437707e-02 -6.89474284e-04  4.99131419e-02
  2.96543958e-03  3.42803821e-02 -4.73033525e-02 -1.52905211e-02
 -7.86518827e-02 -3.60690504e-02  2.43375842e-02  6.31856918e-02
  4.97865826e-02  1.08629219e-01  4.95858043e-02  1.63702294e-02
 -1.35770033e-03 -4.97269705e-02  1.12707028e-02 -4.79472503e-02
  5.09138554e-02  1.89450139e-03  4.17809226e-02 -6.14052964e-03
  2.66388208e-02  9.50836837e-02  8.15497711e-03  2.39078291e-02
 -5.29466234e-02 -3.17402370e-02  4.25142422e-02 -4.60939296e-02
  7.62981456e-03  2.06846669e-02 -8.43957365e-02  6.86881766e-02
 -1.15526868e-02 -1.19982250e-02  2.74347067e-02  1.69743281e-02
 -2.34317277e-02 -9.68104824e-02 -7.19930418e-03  4.31782976e-02
  6.41202927e-02 -7.49724917e-04  3.16759236e-02  4.76202033e-02
 -6.91069961e-02 -3.12303808e-02  8.96686018e-02 -5.36009222e-02
 -8.24042037e-02 -6.88490495e-02 -3.03108972e-02  6.15367154e-03
  3.05527467e-02  3.09371557e-02 -1.17272232e-02  3.01137567e-02
  5.69690540e-02 -6.02966174e-02 -1.83414724e-02  5.21881469e-02
  2.13716459e-02  4.44519557e-02 -2.46755704e-02 -1.21633597e-02
 -5.88556007e-02  8.00624397e-03  7.95034412e-03  2.76530646e-02
  2.74161738e-03  7.17529655e-03 -1.45430770e-03  2.02123802e-02
 -4.44044098e-02 -3.93475965e-02  1.33573068e-02 -5.28940856e-02
  1.96821541e-02  8.63802433e-03 -3.86118293e-02  3.06442566e-02
  6.26718719e-03 -3.61910202e-02 -6.93746880e-02 -7.20757153e-03
 -1.65115111e-02  6.12905547e-02 -4.15472873e-03 -7.87940174e-02
 -4.43723910e-02 -5.18079028e-02 -8.05357546e-02  1.00441498e-03
 -1.70120560e-02 -3.07972659e-03 -2.43065320e-02  2.71560960e-02
  7.38732237e-03 -7.65452720e-03 -1.34256128e-02  1.12127408e-01
 -1.98551863e-02  2.63612960e-02  2.52109878e-02 -1.28922462e-01
  3.39771323e-02  7.80314133e-02 -3.75221856e-02  3.54225226e-02
  3.14401574e-02 -1.08195385e-02  4.91749980e-02  7.97418784e-03
  1.18865175e-02  4.33773994e-02  2.29902081e-02 -2.79482175e-02
  3.68114002e-02  1.27872722e-02 -1.81440338e-02  1.02218725e-02
  2.66778357e-02  3.32115637e-03  4.27326970e-02  1.46932225e-03
 -8.59371424e-02  1.98877268e-02 -5.12388721e-02 -7.16224536e-02
  1.65623259e-02 -1.02602817e-01  6.47111889e-03  3.25757056e-03
  1.09160440e-02  2.48648552e-03 -2.38052569e-02 -3.74286436e-02
 -7.31201917e-02  6.87688589e-02  1.33476570e-01  7.04071522e-02
  9.94156394e-03 -4.98687886e-02  2.40782052e-02  6.82094991e-02
 -1.17282560e-02 -4.01757546e-02  3.46936025e-02  1.76921561e-02
  7.52133178e-03 -7.61733428e-02 -1.31411580e-02  1.53471697e-02
  6.72682747e-02  3.07777878e-02 -1.11499794e-01  2.36757826e-02
 -4.43009473e-02  3.05605419e-02  1.82814170e-02 -7.37234503e-02
 -1.53538734e-02 -2.86441315e-02 -1.82336215e-02  1.18713314e-02
 -1.39717935e-02 -1.02729127e-02  3.63262147e-02 -1.77982729e-02
  5.98351099e-02  1.00436918e-01  1.78932361e-02  2.71735638e-02
 -4.26045619e-02 -7.23483115e-02  6.76067695e-02  9.23421457e-02
  9.35318097e-02  1.94434002e-02  1.05677149e-03  6.18474670e-02
  3.07350904e-02  1.10523216e-02  1.68991666e-02  2.69564856e-02
  6.66491920e-03  6.28564954e-02  9.41637456e-02  6.29931781e-03
  6.35361671e-02  2.99990997e-02  8.61424394e-03 -2.60098893e-02
 -1.80806909e-02 -2.89939754e-02 -3.20558511e-02  5.61829843e-03
  1.53444223e-02  2.35786717e-02  1.66576337e-02 -1.96781778e-03
 -1.58513747e-02 -1.23024927e-02 -2.80232169e-02  4.60701957e-02
  1.55135209e-03 -1.53553893e-03 -1.37948720e-02 -5.99408858e-02
  1.08842283e-01 -4.70563732e-02 -1.85406860e-02 -6.87450320e-02
  2.09432822e-02  3.35189290e-02 -4.20402922e-02  1.03313345e-02
  1.17489127e-02 -7.02736387e-03  8.46655946e-03  3.36926989e-02
 -2.09406414e-03  7.40641057e-02 -5.42245395e-02 -7.13705178e-03
  4.46265712e-02 -2.44876295e-02  1.12022579e-01  1.42029673e-02
 -1.04890391e-02 -3.70016098e-02  3.95704061e-02 -4.33298340e-03
  4.43115383e-02  5.70190996e-02 -1.40599106e-02 -5.30528426e-02
 -6.76942095e-02  4.10679057e-02  7.80151635e-02 -4.40301038e-02
 -5.01700817e-03 -6.05165251e-02  2.08860766e-02 -4.52117249e-02
  2.30782921e-03 -2.24132780e-02  1.01102237e-02 -8.44216533e-03
 -4.73388545e-02 -2.50889100e-02 -4.97185029e-02  1.60677023e-02
 -4.88916636e-02 -7.18203783e-02  9.85914171e-02  4.07343060e-02
 -3.08355112e-02 -3.35748717e-02  1.42667154e-02 -1.56701002e-02
 -4.24399935e-02 -3.59212235e-02  4.16880101e-02 -2.03696415e-02
 -5.07533811e-02  2.91126799e-02  2.25610491e-02 -4.20564972e-03
 -3.38881426e-02 -7.61562884e-02  4.70870696e-02 -6.06427267e-02
  3.62684578e-02 -8.46274011e-03  3.19713876e-02 -1.00412108e-02
  7.43657723e-02 -8.93008038e-02  3.89940967e-03  6.41322508e-03
 -1.43023971e-02 -2.72056572e-02  3.71552333e-02  9.03090835e-02
 -6.41755201e-03 -1.35310867e-04 -4.46254127e-02 -9.40888003e-02
 -1.63709167e-02  4.00417186e-02  4.23850827e-02  5.70067875e-02
 -1.31410435e-02 -8.28090757e-02  1.48939735e-05  5.65026328e-02
 -1.00151161e-02 -7.27805644e-02  1.89213306e-02 -1.81626286e-02
 -4.98347022e-02  4.62363511e-02 -1.86510328e-02  2.03547776e-02
  3.39070447e-02 -7.30021223e-02 -1.94887090e-02  3.78281437e-02
  1.03349052e-02 -6.88782558e-02  1.01859763e-01  1.08272843e-02
 -2.03566980e-02 -6.29002526e-02  1.23134218e-02  1.10935932e-02
  5.41622415e-02 -1.79162361e-02  6.76631927e-03 -6.53413609e-02
  5.47785275e-02 -3.62485573e-02 -8.42794925e-02 -7.23012537e-02
  4.15765755e-02 -1.73799377e-02 -1.25971809e-02 -2.34113690e-02
 -3.88249084e-02  7.01986020e-03  2.08613873e-02  4.19123843e-02
  3.01636755e-02 -1.69327110e-02  2.74253041e-02 -2.90610027e-02
  7.51686841e-02  4.29299660e-02  1.89107545e-02 -3.45958136e-02
  5.53236417e-02 -4.44283150e-02 -2.94582844e-02 -4.18374948e-02
 -1.05987765e-01 -2.15581786e-02 -4.35971953e-02  2.38486603e-02
  5.51582500e-02  2.54539028e-02  5.36475629e-02 -3.18387784e-02
 -6.42226413e-02  1.68388207e-02 -7.58027062e-02 -2.80647110e-02
 -9.74347070e-02  5.32175507e-03 -1.14427507e-02 -1.21017052e-02
 -5.32314964e-02 -9.41495877e-03  8.29452649e-02 -1.98810268e-03
 -4.41422127e-02 -5.29640429e-02 -4.05595601e-02 -4.78926562e-02
 -2.69040130e-02 -8.21956098e-02  5.39101996e-02 -7.14818910e-02
  1.12877749e-02 -2.42882222e-02 -3.87836248e-02  1.01914331e-01
  8.20497237e-03  5.79940062e-03 -2.52820253e-02 -1.10673420e-02
  3.25798169e-02 -3.74447629e-02 -3.12553868e-02  3.94437052e-02
 -3.43362615e-02  4.62969020e-02 -2.96845641e-02  9.73788742e-03
 -1.30068194e-02 -4.63612564e-02  1.81755424e-02 -6.03305176e-02
  6.33781478e-02  1.56975333e-02 -3.41041610e-02  8.37311801e-03]"
Jacob_Elordi,"[-7.63667747e-02 -2.82229222e-02  6.45238021e-03  3.80764459e-03
 -6.43339604e-02  5.40786460e-02  1.05805593e-02  6.21019267e-02
 -3.02396286e-02 -5.87841496e-02  4.23130095e-02  1.41212046e-02
  3.87650132e-02  1.22236088e-02  2.53172405e-02 -8.63191299e-03
 -4.21146899e-02 -3.05252988e-02 -1.59730483e-02 -5.22697009e-02
 -7.58324564e-02 -2.15766821e-02 -8.70764535e-03  4.66143005e-02
  6.40252382e-02 -5.98047674e-02 -6.18913136e-02  6.38654828e-02
  9.77844559e-03  1.03502665e-02  7.37218140e-03 -1.80611629e-02
  1.72144920e-02 -1.56769971e-03 -1.68236084e-02  3.15974504e-02
 -3.61321643e-02  4.70178872e-02  3.39335576e-02 -2.79195085e-02
  7.08431378e-02  1.82078686e-02  4.87410948e-02 -3.66440639e-02
  4.66207042e-02  1.07645430e-02  3.26432548e-02 -1.27873579e-02
  8.87122750e-02 -1.64359882e-02 -1.13883531e-02  9.50131267e-02
  6.97248429e-02 -2.39244420e-02  3.12228743e-02  9.40290019e-02
 -3.21639925e-02  8.01519211e-03 -4.75165881e-02  2.00420544e-02
 -5.87894693e-02 -3.52138914e-02 -1.67365675e-03  2.19314042e-02
  3.50642167e-02  5.45681547e-03 -5.81425689e-02  2.62324661e-02
 -3.00024990e-02 -3.60976681e-02 -1.25117330e-02  6.92724362e-02
 -4.55302671e-02 -4.19557318e-02  1.55590717e-02 -1.20584741e-02
  5.50357020e-03 -3.19314338e-02 -2.50928830e-02 -1.21279582e-02
 -6.42465129e-02 -2.33179587e-03 -2.82829665e-02  1.24685448e-02
  6.93777576e-02  1.25576472e-02  1.28749637e-02 -4.83573563e-02
  3.28045711e-02  1.48337213e-02  4.31978479e-02  5.45112928e-03
 -5.03026415e-03 -5.07670604e-02 -7.66424974e-03 -1.93583907e-03
  8.31914600e-03 -4.48833629e-02  8.33004862e-02  1.66972950e-02
 -4.15817425e-02  2.12714244e-02  5.56507073e-02  8.57082196e-03
  6.54670736e-03  2.41914932e-02 -6.43746108e-02  9.00750905e-02
  2.80748364e-02  1.99082140e-02 -1.52564154e-03  8.36274102e-02
  2.11889092e-02  2.79753879e-02 -3.56104188e-02  4.99168523e-02
 -2.83558872e-02  3.78351212e-02 -5.91356903e-02 -7.14487955e-02
 -3.33584845e-02  1.21430401e-02  6.32431209e-02  7.34381797e-03
  7.90499747e-02  9.82221812e-02  3.08683235e-02  1.59143414e-02
 -6.06851606e-03 -7.81755224e-02  2.12318823e-03  1.10200597e-02
  4.12481576e-02  5.04835360e-02  4.63946648e-02 -3.01391701e-03
 -8.43947171e-04  5.08016832e-02 -1.42346900e-02 -8.53458699e-03
 -5.45714647e-02 -4.98341434e-02  4.22269702e-02 -6.11847155e-02
 -2.13055890e-02  3.68771181e-02 -6.49687797e-02  5.54933921e-02
 -1.39709441e-02 -2.69177295e-02  4.10566218e-02 -3.06899957e-02
  1.53102502e-02 -2.80232020e-02 -2.78962832e-02  7.33605698e-02
  8.75749066e-02 -1.09394046e-03  3.94846015e-02  7.06960782e-02
 -2.02622358e-02 -3.67269083e-03  2.61223428e-02 -7.36590475e-02
 -3.01547050e-02 -3.29901390e-02  2.52004918e-02 -1.49343954e-02
 -3.36571448e-02  2.52747796e-02 -2.60028578e-02  7.02921003e-02
  3.81122828e-02 -7.32614622e-02  3.87257407e-03  6.60212385e-03
  5.12718819e-02 -1.65419672e-02 -4.04184610e-02  5.67714451e-04
 -2.05838424e-03  2.18944363e-02  2.75783334e-02  3.47063616e-02
 -2.21452657e-02 -2.89453715e-02  3.29412200e-04  1.73488737e-03
 -4.45726439e-02 -3.99251655e-02  5.02174441e-03 -2.23684143e-02
 -2.01099571e-02 -5.77481501e-02 -7.25781694e-02  2.88862512e-02
  4.01556827e-02 -5.11940755e-02 -6.52692318e-02 -3.20067666e-02
 -2.88690124e-02  4.69093360e-02  3.73988189e-02 -8.58526155e-02
 -1.92814786e-02 -2.31258497e-02 -1.19543105e-01 -3.05098090e-02
 -2.32397299e-02  2.98701775e-06  2.33825902e-03  2.40518227e-02
  1.58241671e-02 -6.66732043e-02  2.68400065e-03  3.71677615e-02
 -9.34614800e-03 -2.24911515e-02  3.07439137e-02 -1.29472315e-01
  2.29903832e-02  2.68391911e-02 -4.02442142e-02 -3.95558402e-02
 -2.22225022e-02  2.22139377e-02  6.98283017e-02  6.29950911e-02
  1.54302735e-02  4.70415968e-03 -2.70359572e-02 -1.66503135e-02
 -1.16193313e-02  4.47271392e-02  2.10689753e-02  1.96229238e-02
  2.38299295e-02 -3.64456722e-03  1.69506464e-02  3.18221189e-02
 -8.86376128e-02  5.53956581e-03 -4.06793691e-02 -7.64396638e-02
  3.14763375e-02 -6.50784150e-02 -1.59838870e-02  3.01451292e-02
 -3.83003280e-02 -1.47138219e-02  3.52947377e-02  1.70096643e-02
 -3.51367705e-02  7.21634552e-02  1.08727686e-01  8.07914510e-02
  4.13661860e-02 -6.56503215e-02  6.00240310e-04  5.33680320e-02
  2.32976060e-02 -5.40797263e-02  3.22838724e-02  3.07342876e-02
 -1.20524410e-03 -5.23416065e-02 -7.07061887e-02  2.36514937e-02
  3.47716548e-02  5.56177534e-02 -1.35286182e-01  4.06072177e-02
 -1.73703693e-02  3.18636075e-02  2.08864473e-02 -8.30888972e-02
 -4.59770449e-02 -3.58365029e-02 -2.02492345e-02  1.33717537e-03
 -5.24004772e-02 -2.45419219e-02  1.23008648e-02 -1.90903060e-02
  1.59449875e-02  4.36071791e-02  3.13466638e-02  4.28083278e-02
 -5.19471355e-02 -8.74928981e-02  6.57199696e-02  5.60160205e-02
  5.30625992e-02  1.23859318e-02  4.38862480e-02  6.38436079e-02
  5.76285226e-03 -1.49708353e-02 -8.95717554e-03  3.29718329e-02
 -1.66443884e-02  1.83723494e-02  8.53187218e-02 -6.61643744e-02
  8.32442194e-02 -1.28354030e-02  1.97771918e-02  1.67510344e-03
  1.73778702e-02 -3.45024690e-02 -2.84080654e-02 -2.61475146e-02
 -1.09936036e-02  1.64314415e-02  4.42641564e-02  4.06858884e-03
  1.36991590e-03  1.48163354e-02 -7.11235479e-02  3.04151513e-02
 -1.02390852e-02 -1.43852492e-03 -3.85160954e-03 -3.62213254e-02
  8.11560750e-02 -1.33816404e-02 -3.54625806e-02 -4.03321460e-02
  3.66615579e-02 -3.36635415e-03 -3.66758555e-02 -1.45249302e-02
  4.33332622e-02  2.99983378e-02  3.26970443e-02  1.81241725e-02
  7.86079094e-03  1.33787379e-01 -3.73193100e-02  6.46813810e-02
  6.99027022e-03 -5.07719144e-02  4.95588109e-02  3.74236442e-02
  2.30715759e-02 -4.82388064e-02  1.10604651e-01  2.78259479e-02
  3.21439914e-02  2.49124952e-02  1.54148387e-02 -1.98346935e-02
 -5.96768036e-03 -5.38053084e-03  9.42034274e-02 -1.47677958e-02
 -2.80797463e-02 -7.49123544e-02 -7.38186110e-03 -4.07808386e-02
  1.72937270e-02 -4.03107777e-02 -9.69437789e-03 -2.89253797e-02
 -4.63825576e-02 -1.29230348e-02 -4.63869609e-02 -1.94230080e-02
 -2.07862835e-02 -8.25596321e-03  8.16257522e-02 -1.08165070e-02
  3.61898132e-02 -5.99338524e-02  2.82896236e-02 -1.69367213e-02
  2.91826036e-02 -7.18834102e-02  3.83731350e-02 -7.73742190e-03
 -7.76926428e-02  1.81331988e-02 -2.71099620e-03 -6.81189913e-03
 -3.77640873e-02 -4.94114459e-02  4.91999686e-02 -2.23768447e-02
  6.47228509e-02 -6.03367575e-02  6.44475082e-03  1.52485920e-02
  3.59891020e-02 -3.62942703e-02  3.55407931e-02 -3.36635672e-02
  4.44968678e-02 -3.40570360e-02  8.23757518e-03  9.89226401e-02
  1.18824979e-03  4.34037708e-02 -1.01934362e-03 -7.96615481e-02
 -8.28648433e-02  7.44576100e-03  7.38445893e-02  5.13558015e-02
 -3.17587554e-02 -3.72757092e-02 -4.87293452e-02  5.38252592e-02
 -4.04286236e-02 -5.22370115e-02  1.46452719e-02 -3.90149727e-02
 -5.40389605e-02  3.28851305e-02  3.40861231e-02 -8.18064995e-03
  5.29903285e-02 -1.97864287e-02 -7.32274503e-02  3.64384688e-02
  3.93619984e-02 -1.00321971e-01  3.30884047e-02 -8.71921796e-03
  2.02429220e-02 -4.71693538e-02  2.56534945e-02  3.15261744e-02
  6.32775724e-02  4.56682593e-02 -1.89542826e-02 -7.49859214e-02
  6.64505213e-02 -2.76759043e-02 -8.22718069e-02 -8.46947059e-02
  2.82739867e-02  7.32384948e-03  5.87784015e-02 -7.73329735e-02
  4.67847846e-03  1.02124372e-02  6.25297725e-02 -1.63347218e-02
  2.61957739e-02  4.67603505e-02 -3.14823128e-02 -4.60196771e-02
  1.16291516e-01 -9.96167772e-03  2.18290146e-02 -5.71743678e-03
  1.00561611e-01 -9.97889973e-03 -4.36017215e-02 -8.94839615e-02
 -8.86524022e-02 -2.29682736e-02 -5.98899536e-02 -3.55813950e-02
  5.51489294e-02 -1.07580628e-02  2.23773196e-02 -3.82506065e-02
 -3.89490761e-02 -5.46015939e-03 -6.29858449e-02 -1.21934684e-02
 -7.81657323e-02  1.76001340e-02  5.71525609e-03 -1.59067027e-02
 -2.40569003e-02  3.99369523e-02  2.34436076e-02 -1.37922075e-02
 -2.00035218e-02 -3.71823981e-02 -3.84360664e-02 -5.77657744e-02
 -3.91461141e-02 -7.85169937e-03  5.85318543e-02 -6.17517196e-02
 -3.23980302e-02  3.18224952e-02 -6.03646226e-02  8.54737535e-02
 -7.85905123e-03 -1.63810160e-02  1.46298483e-02  7.01956358e-03
 -4.35499139e-02 -3.87996361e-02 -3.27704921e-02  4.47151512e-02
 -4.13565822e-02 -4.48897891e-02 -1.06195360e-02 -1.24286078e-02
  1.37856491e-02 -3.36104855e-02  1.09645333e-02  2.51145344e-02
  1.26531765e-01  3.82430442e-02 -5.07719629e-02 -4.38357927e-02]"
Jacob_Elordi,"[-3.50508913e-02 -9.65343565e-02 -8.86425190e-03  4.31733169e-02
 -5.17614931e-02  5.15837036e-02  5.31016365e-02  5.76542318e-02
 -5.15377112e-02 -1.43757891e-02  4.22772728e-02  6.34619296e-02
  2.72197109e-02  1.26044229e-02  7.34067662e-03  3.73670342e-03
 -5.05983531e-02  1.51533894e-02 -2.15479862e-02 -1.83982085e-02
 -2.80543957e-02 -1.54231247e-02  1.89306214e-02  2.34793611e-02
  3.93876340e-03 -4.97397259e-02 -5.43428697e-02  6.32630661e-02
 -1.62015029e-03 -5.19628711e-02  9.56109464e-02 -8.71787965e-03
  1.78968068e-02 -4.88617308e-02 -1.10209165e-02 -4.74754395e-03
  1.89568773e-02  1.70872379e-02  2.55838465e-02 -5.53569719e-02
  5.72549142e-02  5.49215898e-02  5.91184385e-02 -4.54878509e-02
  8.25021416e-02 -1.15309330e-02  3.61318402e-02 -1.43785216e-02
  6.24904037e-02 -2.99015194e-02 -3.11941858e-02  1.06141500e-01
  9.97397974e-02 -1.75565667e-02 -1.23202652e-02  3.69764529e-02
 -1.86326932e-02  3.99297774e-02 -6.57185689e-02  5.42380512e-02
 -5.73167577e-02 -1.59132096e-03 -1.56936608e-02  2.54601315e-02
  1.00137945e-02  1.52587974e-02 -1.31862741e-02 -2.92221317e-03
  1.93496570e-02 -4.31195833e-02 -1.39546720e-02  2.81750895e-02
  4.00303537e-03 -1.87279726e-03  8.23972560e-03 -7.06479605e-03
  5.63594550e-02 -3.04181781e-02 -5.69381006e-02 -1.40027497e-02
 -8.04092810e-02  3.48382108e-02 -4.72456291e-02  2.41228733e-02
  4.51663658e-02  1.01885265e-02  4.62324917e-02  2.69424496e-03
 -2.39336658e-02 -4.54037776e-03  9.88108944e-03  6.31229079e-04
 -4.46582818e-03 -1.70875825e-02 -2.09220108e-02  2.78033130e-02
  7.21836090e-03 -6.72459900e-02  4.03667875e-02  5.55244200e-02
 -5.29580750e-02  2.54435521e-02  5.05514778e-02 -2.29828302e-02
  3.80029976e-02 -1.50413802e-02 -7.93739408e-02  5.46379276e-02
  4.47154380e-02  1.11036720e-02  7.28077218e-02  1.05816796e-01
 -3.94160710e-02  4.92054690e-03  1.90058164e-02  2.67313439e-02
 -1.94236599e-02 -1.88222304e-02 -4.65623662e-02 -2.20858175e-02
 -2.81313546e-02  5.82387578e-03  6.30982444e-02  2.26395130e-02
  1.41219925e-02  7.96275735e-02 -1.23747475e-02  4.43484820e-03
  3.56608257e-02 -7.52700642e-02  3.11729964e-02 -1.17718419e-02
  6.32653609e-02  4.96079102e-02  1.53385615e-02  3.27836275e-02
 -1.19056990e-02  3.52392457e-02  3.59097496e-02 -4.90342453e-02
 -5.13776839e-02 -3.08188777e-02  6.19951822e-02  6.50344044e-03
 -3.52614895e-02  9.43283364e-03 -9.09169093e-02  4.36105914e-02
  5.63970171e-02 -1.92755333e-03  8.09652545e-03 -6.98658545e-03
  1.67784449e-02 -4.55237329e-02 -2.07095221e-03  3.96132283e-02
  5.06297313e-02  1.67202186e-02 -5.88156143e-03  3.80438231e-02
 -2.98543423e-02  7.15214480e-03  3.71278673e-02 -5.36223054e-02
  2.08469164e-02  8.37750081e-03 -3.99389192e-02  2.49081547e-03
  1.15173720e-02  2.39110403e-02 -4.40123416e-02  1.09237926e-02
 -1.62725169e-02 -7.35545680e-02 -6.47332566e-03 -2.01000888e-02
  1.18666375e-02  2.20294241e-02  6.29083347e-03  2.70782430e-02
 -8.23450536e-02  3.41034010e-02  6.00423217e-02 -4.36008237e-02
 -2.39896663e-02 -7.62438327e-02 -2.30804216e-02 -6.89492226e-02
 -3.55241410e-02 -5.99442236e-02 -1.48663260e-02 -4.16524410e-02
 -2.27129143e-02 -2.44451128e-02 -4.73745763e-02  5.76010905e-02
  4.54062633e-02 -3.35561186e-02 -5.10001730e-04  8.26165359e-03
  9.62144975e-03  5.85911497e-02 -1.31429797e-02 -1.02911778e-01
 -2.27250233e-02 -1.98122170e-02 -1.10459492e-01 -2.23444402e-02
 -5.36546335e-02 -4.32733912e-03 -2.20866501e-02  5.01930639e-02
  2.14767028e-02 -4.26753946e-02 -2.40214374e-02  8.53683054e-02
  4.39121621e-03 -1.20047331e-02  2.77000703e-02 -1.23781532e-01
  3.72773446e-02  2.62045767e-02  2.62402669e-02 -1.60253067e-02
 -1.91001892e-02 -1.63782854e-02  7.15848058e-02  2.68003140e-02
  3.89651805e-02 -1.19381938e-02  2.43808739e-02  2.89363437e-04
  4.38213535e-02  3.25960442e-02  8.21141177e-04  3.17183733e-02
  1.65314004e-02  3.24977823e-02  3.25961113e-02 -1.10144103e-02
 -7.44491667e-02 -1.41986273e-02  3.70089784e-02 -2.42894422e-02
  4.34704423e-02 -9.78910998e-02  1.86718181e-02  2.19775364e-02
 -7.80843347e-02  7.18933810e-03  2.52938159e-02 -2.49790642e-02
  9.38546564e-03  1.02083594e-01  9.08389911e-02  1.17766950e-02
  1.54993206e-03 -5.57174273e-02  4.42836620e-02  2.08564419e-02
  3.18377130e-02 -2.74219140e-02 -7.42259156e-03  2.18816884e-02
  5.82492584e-03 -5.19470572e-02 -7.74098709e-02  9.42910649e-03
  5.46167530e-02  5.30325361e-02 -1.11550786e-01  2.99708284e-02
 -1.30569059e-02  1.48923369e-02  3.98841798e-02 -1.07329600e-01
 -7.25836083e-02 -1.84416678e-02 -3.42028961e-02  3.38470377e-02
 -4.59352210e-02 -2.03850940e-02 -5.10106329e-03 -3.30551527e-02
  1.76868774e-02  2.78849192e-02  4.77825329e-02  3.22665833e-02
 -2.97720619e-02 -4.97454256e-02  7.42885768e-02  6.06586896e-02
  2.25567389e-02  4.61655222e-02  2.93224994e-02  1.23627976e-01
  3.57303303e-03 -1.93391703e-02 -5.61474450e-02  3.09907086e-02
  1.25318412e-02  4.85596508e-02  9.69487652e-02 -2.26510800e-02
  7.36698210e-02 -1.49073284e-02 -5.21607101e-02  4.41842340e-03
  5.01743378e-03 -5.87049574e-02  2.25980058e-02 -1.55842938e-02
 -3.11310571e-02  3.77323553e-02  1.53373089e-02  6.74103275e-02
  5.69100678e-02 -1.94767974e-02 -4.23264913e-02 -1.01056630e-02
 -4.32981877e-03 -4.81951945e-02  1.01170419e-02  1.17831044e-02
  9.25733075e-02 -1.88068822e-02 -2.30840761e-02 -5.41968904e-02
  9.70481150e-03 -1.97988898e-02 -3.95088270e-02  2.27192491e-02
  2.33008172e-02  3.26866470e-02  5.23133129e-02  1.71635486e-02
  4.75792885e-02  1.28413811e-01 -4.88866344e-02  1.96179897e-02
  5.49974702e-02 -9.22405943e-02  4.81317937e-02  4.34156358e-02
  9.97413043e-03 -6.98037595e-02  1.17486060e-01 -3.57489265e-03
  4.83150259e-02  3.53557095e-02  3.11883669e-02 -2.13239621e-02
  2.76726838e-02  4.36828844e-02  1.27136722e-01  3.45156454e-02
 -3.34964544e-02 -2.89918426e-02  1.72688644e-02  1.86884031e-02
  2.66075451e-02  7.39677809e-04  1.11483922e-02 -3.36439274e-02
 -4.95041497e-02  4.43991125e-02 -7.39096627e-02 -4.88965889e-04
  1.72144938e-02 -1.36922793e-02  9.57070813e-02  1.44120026e-02
  2.82295626e-02 -9.27123893e-03  4.18172358e-03  1.52994292e-02
  2.14051921e-02 -1.36316121e-02  1.13482974e-01 -7.82470312e-03
 -8.29624981e-02  9.69146639e-02  2.45722923e-02 -3.21219522e-05
 -2.23093741e-02 -5.89711219e-03  7.30285421e-02 -7.86240399e-02
  1.25107337e-02 -6.10131845e-02  1.75059289e-02 -3.31520685e-03
  3.03347465e-02 -3.85003015e-02  6.82502389e-02  1.95096862e-02
 -2.09456962e-03 -1.57401140e-03  1.44994585e-02  6.65565878e-02
  2.80528162e-02 -2.93471739e-02 -4.16593300e-03 -5.24254069e-02
 -9.40685272e-02  9.60556674e-04  6.89785704e-02  4.31923941e-02
 -2.68778857e-02 -5.31781502e-02  4.37544547e-02  2.12063808e-02
 -3.35089639e-02 -6.47595450e-02 -1.77637395e-02 -1.99417211e-02
 -5.94034158e-02 -5.70566719e-03  2.54837666e-02  1.73410552e-03
  7.74795339e-02  6.92316005e-03 -6.80057332e-02  1.71714090e-02
  2.31829323e-02 -6.25817478e-02  3.86025235e-02  5.04484251e-02
  2.09564064e-02 -3.70758176e-02 -1.84490420e-02  8.64441469e-02
  7.18029141e-02  2.95650382e-02 -6.37815744e-02 -6.70914352e-02
  3.87115441e-02  3.74740995e-02 -7.32068121e-02 -7.83844590e-02
  2.05407180e-02  2.20309827e-03  2.23646462e-02 -7.02247992e-02
  9.62976366e-03 -5.42059094e-02  4.27993871e-02  1.06515305e-03
  3.54611203e-02  4.06595282e-02  8.93235393e-03 -5.19414581e-02
  5.59296273e-02  3.34977023e-02  2.46740170e-02 -7.23978132e-03
  5.11243418e-02 -1.26093691e-02 -1.87792052e-02 -5.65277897e-02
 -7.23781362e-02 -1.95828676e-02 -3.54099050e-02 -2.61026956e-02
 -3.97178950e-03  7.40784593e-03  3.48206982e-02 -3.15099023e-03
 -4.55161780e-02  2.44242102e-02 -1.14322267e-02  4.14893366e-02
 -5.22501506e-02 -2.53022481e-02  5.04487427e-03 -1.36964992e-02
 -7.04348385e-02  1.03669399e-02  5.27011454e-02 -1.46200135e-02
 -6.59334734e-02 -3.63340192e-02 -1.08069379e-03 -1.59730017e-02
 -3.32521945e-02 -3.29431593e-02  3.79281528e-02 -6.27516508e-02
  1.12295952e-02 -3.64958569e-02 -3.34566757e-02  8.08839947e-02
 -4.13437374e-02  3.91714182e-03  6.72355369e-02 -1.87963862e-02
 -1.83574762e-02 -3.62115838e-02 -5.08987159e-02  6.98161498e-02
 -3.82259600e-02 -1.16371978e-02 -7.51982704e-02  2.31353231e-02
 -3.07034235e-02 -6.79789931e-02  2.61800028e-02  3.25215682e-02
  8.39466006e-02  3.77551913e-02 -6.55526519e-02 -5.40264174e-02]"
Jacob_Elordi,"[-5.79006374e-02 -6.67930320e-02 -9.88043100e-03  1.70517787e-02
 -7.80577362e-02  4.67175245e-02  2.86561567e-02  5.72648756e-02
 -5.27911112e-02 -4.85056788e-02  3.54449637e-02  1.75232477e-02
  3.81380469e-02  2.26187445e-02  3.29290479e-02  2.31225919e-02
 -9.24286805e-03  2.16442104e-02 -9.07792244e-03 -6.13821410e-02
 -2.72129849e-02 -2.14859638e-02  9.78343654e-03  4.39099073e-02
  4.26822081e-02 -5.13372645e-02 -9.58338082e-02  9.35601965e-02
  1.26066897e-02 -1.11928461e-02  1.05472365e-02 -2.25590691e-02
  1.27914045e-02 -5.61191328e-02 -3.38661112e-03  1.48365619e-02
 -1.04508735e-02  2.34497301e-02  2.35526897e-02 -5.71616665e-02
  5.60977571e-02  4.54469323e-02  4.54214104e-02 -3.80969010e-02
  7.12630525e-02 -1.03182299e-02  3.81946154e-02 -2.98783723e-02
  7.66334534e-02 -5.64336916e-03 -3.54263112e-02  8.78559723e-02
  6.09079562e-02 -5.96001893e-02  9.77644138e-03  5.62582761e-02
 -2.75259856e-02  1.28152771e-02 -3.73750888e-02  5.68628795e-02
 -5.79546466e-02  3.95929394e-03 -2.07075290e-02  1.77882798e-02
  9.03746486e-03  2.37296298e-02 -2.64406553e-03  3.35049741e-02
 -1.48570612e-02 -3.81925963e-02 -1.32168755e-02  5.01592420e-02
  3.56340175e-03 -2.46676411e-02  1.58005953e-02 -1.95418112e-02
  6.13807887e-02  1.19770188e-02 -3.14914994e-02 -1.63598079e-02
 -8.79169479e-02 -1.06711686e-02 -3.31465118e-02  4.33790796e-02
  5.56327812e-02 -1.95030123e-02  2.68947612e-02  1.25378650e-02
 -1.57720726e-02 -9.04075522e-03  2.27434319e-02  3.09381663e-04
 -4.41448810e-03 -6.22773776e-03 -2.64313119e-03  3.21871904e-03
  3.80154024e-03 -9.12278891e-02  5.67340851e-02  6.08096644e-02
 -6.21309467e-02  5.79025783e-03  3.99433970e-02  1.01826880e-02
 -8.35781626e-04  3.30793741e-03 -4.91468683e-02  7.01724291e-02
  3.84881534e-02  4.24583107e-02  3.52484826e-03  6.44086972e-02
  2.07645167e-02  2.94732898e-02 -5.50737940e-02 -1.50347892e-02
 -2.85803173e-02  1.34935370e-02 -5.42960763e-02 -2.72324849e-02
 -1.12675678e-03 -7.65481452e-03  4.47369963e-02  2.66869329e-02
  3.51931527e-02  1.10670455e-01 -5.44201932e-04  5.35101667e-02
  3.68358158e-02 -6.55750781e-02  1.80379488e-02 -2.58441381e-02
  4.89613004e-02  5.63718677e-02  4.20611650e-02  4.81645800e-02
  2.53557079e-02  4.94407751e-02  1.71327908e-02 -3.70813049e-02
 -5.42384759e-02 -6.19687289e-02  6.48271441e-02 -6.25735521e-02
 -3.15194279e-02  1.02331853e-02 -9.83425379e-02 -5.61230723e-03
  3.77443358e-02 -9.82117094e-03  1.35280192e-02 -4.31823097e-02
  3.11281160e-02 -4.76788320e-02  1.17668067e-03  1.27928481e-02
  6.67297989e-02 -8.55978206e-03  2.72309920e-03  6.74251616e-02
 -5.45905307e-02 -2.54567824e-02  1.79307777e-02 -2.40495820e-02
  1.28151700e-02 -2.68775094e-02  2.79595088e-02 -6.98757032e-03
 -1.85316317e-02  1.27195171e-03 -3.35738920e-02  6.50385320e-02
 -8.25814158e-03 -7.46429190e-02 -2.35734228e-02 -1.94141138e-02
  7.07686692e-02  4.76375818e-02 -8.02282616e-03  1.54290097e-02
 -4.06455956e-02  2.81579588e-02  4.90986034e-02  1.28665762e-02
 -4.84218858e-02 -6.51473254e-02 -3.70151959e-02 -5.71873970e-02
 -4.72472571e-02 -4.44609523e-02  4.02138103e-03 -4.67068069e-02
 -1.93340685e-02 -6.21773815e-03 -6.60339221e-02  7.96842873e-02
  4.69672401e-03 -6.56780554e-03 -7.16681555e-02  1.10187102e-02
  4.24368819e-03  9.91277695e-02  8.64539295e-03 -9.37532857e-02
 -5.01999483e-02 -4.08532508e-02 -1.31371439e-01 -2.24484745e-02
 -5.73121607e-02 -1.34132737e-02  3.61326039e-02  3.33117172e-02
  2.06288807e-02 -1.84193254e-02 -2.41807178e-02  6.76408112e-02
 -1.61069687e-02 -3.73602770e-02  1.06002018e-02 -1.07278720e-01
  8.08251798e-02  3.72107327e-02 -2.43752301e-02 -2.57635899e-02
 -5.57080097e-02  2.35297997e-03  6.31937385e-02  2.42683757e-02
  4.94629238e-03  5.11997100e-03 -1.56043805e-02 -1.68847758e-02
 -4.55321337e-04  1.36380391e-02  1.15729095e-02  3.94013040e-02
  3.18033509e-02  1.52060073e-02  3.53951752e-02  6.13686163e-03
 -9.65458825e-02 -9.61290207e-03  1.96006838e-02 -5.43066859e-02
  3.62112522e-02 -6.80937245e-02  1.67202614e-02  6.69710189e-02
 -2.35815141e-02  7.21179787e-03  9.92475916e-03 -7.63585558e-03
 -4.98214960e-02  5.56427054e-02  6.27131388e-02  5.63533530e-02
  3.84360291e-02 -7.31927902e-02  1.36361634e-02  9.65819694e-03
  1.22106832e-03 -2.89445166e-02  2.83864141e-03  3.72833312e-02
  2.67379377e-02 -5.77682145e-02 -1.08799189e-01  5.33231359e-04
  4.67110462e-02  6.54489100e-02 -1.27780646e-01 -2.99051462e-04
  1.13571957e-02  3.35267223e-02  2.49923598e-02 -1.20693170e-01
 -7.78252184e-02 -4.60331477e-02 -5.48038445e-02  1.14331776e-02
 -2.43169907e-02 -3.64578404e-02 -1.09833116e-02 -3.38766463e-02
  4.63693030e-02  4.23643440e-02  1.74534637e-02  3.46144959e-02
 -3.89436334e-02 -6.84033856e-02  7.13657439e-02  3.53827216e-02
  3.35026942e-02  1.28303617e-02  3.51815298e-02  7.86927193e-02
  2.32339427e-02 -1.50837470e-02 -3.33774835e-02  2.08049212e-02
 -1.42092435e-02  5.89555455e-03  1.17280267e-01 -5.46520427e-02
  6.29036278e-02  3.03030685e-02 -6.56880904e-03 -1.38691934e-02
  3.71773578e-02 -5.12155592e-02 -1.56036206e-02  1.19419135e-02
 -2.32407227e-02  3.48859560e-03  2.84721386e-02  4.63862568e-02
  2.34999452e-02  1.40177994e-03 -5.47987260e-02 -2.11092643e-02
 -1.75149348e-02 -4.58361618e-02  3.21140327e-03 -3.25771943e-02
  9.31711122e-02 -1.41713768e-02 -6.03704043e-02 -2.77272779e-02
  2.65307743e-02 -1.47605091e-02 -4.75166030e-02  2.29019206e-02
  1.46241486e-02  3.49805132e-02  4.78824936e-02  1.11406008e-02
  1.19452598e-02  1.22109264e-01 -8.39831606e-02  3.95420194e-02
  2.04310287e-02 -2.64795590e-02  4.12033908e-02  4.87217084e-02
  1.43944146e-02 -2.72165332e-02  1.23706594e-01  2.00268645e-02
  2.55046487e-02  2.43624914e-02  4.25940268e-02 -2.92454753e-02
  1.82727166e-02  3.88993546e-02  1.11841977e-01 -4.33257176e-03
 -4.02328037e-02 -4.02749144e-02  3.39245535e-02 -2.50551570e-02
 -2.68045277e-03  2.06822809e-02 -1.32518755e-02 -4.14232351e-02
 -7.94567689e-02  2.91876774e-02 -4.64200936e-02 -3.50664966e-02
 -2.69031487e-02 -2.81381514e-02  7.69203901e-02  1.12376744e-02
  4.07422297e-02 -1.63961332e-02  7.43163237e-03  7.24091846e-03
  3.33849229e-02 -9.97691974e-03  4.77614179e-02 -2.49762498e-02
 -6.26236424e-02  6.56241030e-02  2.04322282e-02  3.34460139e-02
 -5.01735881e-03 -1.55229615e-02  4.15445156e-02 -6.59875721e-02
  3.11508551e-02 -7.79319629e-02  9.77375451e-03  9.52688424e-05
  4.83149663e-02 -4.99419868e-02  5.01420014e-02 -7.43076857e-03
  1.04169240e-02 -3.67765613e-02  4.88730706e-03  1.02521807e-01
  1.54424468e-02  1.53365200e-02 -3.32889333e-02 -5.04548773e-02
 -7.85562694e-02 -4.19995887e-03  9.56320018e-02  2.57787127e-02
 -1.20430673e-02 -3.17417234e-02 -1.34022692e-02  5.19902669e-02
 -1.38415210e-02 -4.09202948e-02  3.68000977e-02 -2.10384540e-02
 -2.26083789e-02  1.29500655e-02  4.47517522e-02  2.14476208e-03
  6.86936826e-02 -2.27522831e-02 -7.24408105e-02  3.81969591e-03
  5.09930030e-02 -8.23952928e-02  5.55216298e-02  2.84815207e-02
 -7.83429760e-03 -1.27909901e-02 -7.25122727e-03  4.04027216e-02
  4.06756960e-02  1.44878896e-02 -2.32452694e-02 -3.38790938e-02
  8.48538056e-02  2.33758464e-02 -5.32682315e-02 -9.02449191e-02
  4.62099947e-02  1.52062001e-02  4.21294346e-02 -7.95189664e-02
  3.30741331e-02 -4.92538624e-02  6.05049767e-02  2.21354775e-02
  1.99061837e-02  7.03877658e-02 -6.11153571e-03 -3.90675217e-02
  7.82160312e-02  1.37057751e-02  3.82138081e-02 -3.91493663e-02
  7.00864792e-02  1.90572534e-03 -3.06957718e-02 -5.71363829e-02
 -8.55126455e-02 -2.20862888e-02 -7.97274709e-02 -3.62164453e-02
  7.51070008e-02  7.67468102e-03  2.07465328e-02 -4.24261317e-02
 -2.70388909e-02  9.50659625e-03 -3.02717295e-02  2.52639875e-02
 -4.61838804e-02 -4.57028719e-03  1.35298194e-02 -4.60857339e-02
 -5.45779429e-02  2.56508514e-02  4.04857509e-02  7.27495924e-03
 -6.51235208e-02 -5.08439355e-02 -1.30869243e-02 -1.75829791e-02
 -7.02119842e-02 -4.41015745e-03  4.14618403e-02 -7.72321150e-02
 -2.44627036e-02  1.28909331e-02 -2.53679473e-02  9.18555483e-02
 -4.31295857e-02 -2.44628824e-02  3.88564542e-02 -2.66049989e-02
 -5.82831865e-03 -7.37911602e-03 -6.42137527e-02  4.33450677e-02
 -5.19460291e-02 -1.60680972e-02 -2.98950020e-02  4.82754176e-03
 -5.57531044e-03 -5.21745570e-02  6.15962269e-03  4.90515679e-02
  7.78862834e-02  6.01285025e-02 -8.64623785e-02 -7.03156888e-02]"
Jacob_Elordi,"[-4.82822396e-02 -9.88641456e-02  1.56747457e-02  2.77301315e-02
 -2.93222293e-02  8.47231448e-02  3.75443175e-02  9.35948174e-03
 -3.51206101e-02 -2.52739619e-02  5.64060546e-03  6.00806102e-02
  1.90443918e-02  6.80804700e-02 -1.80148967e-02 -1.44127384e-02
 -6.00285791e-02  3.42236832e-02 -4.23583155e-03 -3.71918529e-02
 -8.98612216e-02 -2.17009299e-02  5.13491267e-03  1.30262198e-02
  1.02599626e-02 -5.10512814e-02 -9.24390778e-02  6.43296689e-02
 -2.38049142e-02 -6.93081319e-02  6.86690211e-02 -2.05482412e-02
  5.60660735e-02 -3.37257423e-02 -1.35902092e-02 -3.35399760e-03
 -2.50663236e-02  2.29340736e-02 -2.92719156e-03 -5.31714968e-02
  6.02912717e-02  1.93040110e-02  2.97389850e-02 -5.76389842e-02
  8.59331563e-02 -5.26963174e-03  1.84314698e-02  6.61787519e-04
  6.01681247e-02 -5.88906929e-02 -2.26727631e-02  9.91251990e-02
  7.65470192e-02 -1.59643665e-02 -3.16246413e-02  3.22959088e-02
 -3.81388329e-02  4.24087085e-02 -4.69456427e-02  3.44047397e-02
 -5.70097268e-02 -2.91763321e-02  4.28779051e-02  4.50790972e-02
 -2.73912679e-02  1.17061771e-02  5.62215783e-03  5.66810975e-03
 -2.10699048e-02 -1.75281905e-03 -4.37008264e-03  7.78620038e-03
  4.23952304e-02  1.18761277e-02 -2.66919117e-02 -2.57377736e-02
  5.71255572e-02 -1.65339541e-02 -5.26763871e-03 -3.29691451e-03
 -5.57146966e-02  6.67634234e-02 -4.62410115e-02  7.49224201e-02
  5.48607372e-02  3.26462761e-02  9.61721763e-02 -2.89806705e-02
 -4.41428386e-02 -9.36327688e-03  2.11244151e-02  8.37947056e-03
  3.21340896e-02 -1.61772370e-02  2.19697542e-02  3.35318819e-02
  7.09087169e-03 -2.26701293e-02  5.65231740e-02  3.50971781e-02
  9.92328487e-03  4.77363132e-02  3.83727811e-02 -2.57227872e-03
  1.67943873e-02 -2.19391864e-02 -4.32706699e-02  1.06976449e-01
  3.34442854e-02 -1.69071648e-02  5.06815352e-02  6.96587563e-02
 -4.84401211e-02  9.66426264e-03 -4.03481489e-03  2.27985997e-02
  9.72555671e-03 -8.58120900e-03 -2.21318230e-02 -3.47873531e-02
 -3.28433700e-02 -1.51128042e-02  3.34196314e-02  2.94255652e-02
  9.47400089e-03  7.47444928e-02  6.27716118e-03  4.02577594e-02
 -2.13988265e-03 -5.73010184e-02  9.16619692e-03 -1.73142757e-02
  3.28649841e-02  4.60270457e-02 -2.65367283e-03  7.68171623e-03
  3.13057331e-03  4.37579453e-02  1.39408782e-02 -8.27976316e-03
 -3.63871306e-02 -2.44944245e-02  6.36792779e-02 -8.92416574e-03
 -4.18508565e-03 -2.77923271e-02 -1.00655898e-01  4.09403145e-02
  1.69482939e-02 -3.25264819e-02  2.98351999e-02  5.71927335e-03
  1.34631312e-02 -3.23024429e-02 -1.42266657e-02  1.68310776e-02
  7.87788033e-02 -2.38272008e-02 -1.44287506e-02  4.15976569e-02
 -6.37144148e-02  4.44882996e-02  6.36534095e-02 -6.21926263e-02
 -6.69842679e-03 -1.90522596e-02 -2.62668543e-02  2.59549711e-02
 -2.40586922e-02  6.02068566e-02 -3.23207937e-02  4.34738509e-02
 -1.06558260e-02 -9.12662223e-02 -1.30012687e-02 -1.08769825e-02
  1.67614669e-02  2.29445696e-02  1.31434354e-03  4.54211645e-02
 -6.09677508e-02  6.93873093e-02  2.19563656e-02  1.42647922e-02
  6.95538474e-03 -6.14993237e-02 -3.23133655e-02 -5.52146211e-02
 -8.34890548e-03 -4.91845198e-02  1.62396263e-02 -4.78089638e-02
 -4.15972993e-02 -3.41040418e-02 -3.24130282e-02  3.37981358e-02
  2.34177466e-02 -3.18351649e-02 -2.02396084e-02  1.15517313e-02
  2.76173856e-02  6.30907938e-02 -4.17318717e-02 -5.83789796e-02
 -4.04000506e-02 -3.72093394e-02 -1.21613279e-01  1.34972781e-02
 -1.37181766e-02  9.11727827e-03 -2.60204524e-02 -1.02768012e-03
 -8.30895558e-04 -2.93694623e-02  3.27032554e-04  6.82882890e-02
 -2.04693973e-02  3.98375206e-02  3.84849012e-02 -1.01556428e-01
  3.14714499e-02  4.91098836e-02  1.96608296e-03 -3.37621085e-02
 -3.30730490e-02  1.89471859e-02  8.34022835e-02  3.30934487e-02
  3.44932126e-03 -2.18993379e-03  4.31616902e-02 -1.56214340e-02
  2.31402405e-02  4.70633768e-02 -1.15895104e-02 -1.62698876e-03
  1.43911839e-02 -1.48819806e-02  5.83093017e-02 -5.07984404e-03
 -6.37853593e-02 -2.38803886e-02  1.66952256e-02 -4.06940579e-02
  3.22917923e-02 -1.21305838e-01  4.49199416e-02  2.77126599e-02
 -6.43709600e-02  2.97591519e-02  3.95597480e-02 -5.33333495e-02
  5.06358361e-03  1.10131174e-01  1.09964140e-01  7.98460916e-02
  1.61397401e-02 -4.09086756e-02  1.05937535e-03  7.64718279e-02
  9.61683865e-04  3.02523822e-02  1.86558198e-02  9.02052224e-03
  8.79466627e-03 -3.64964269e-02 -7.68393697e-03  1.57662686e-02
  1.06108308e-01  7.82903209e-02 -1.27321020e-01 -1.43678682e-02
 -1.46412170e-02  8.15122109e-03  5.06303720e-02 -1.23018906e-01
 -3.22169699e-02 -2.17613559e-02  7.80451531e-03  1.32387253e-02
 -3.22076418e-02 -2.17760738e-04 -1.18388580e-02 -2.71648522e-02
  2.16481946e-02  3.09266876e-02 -1.84926135e-03  5.62365986e-02
 -1.54869333e-02 -7.38202706e-02  8.76838416e-02  5.34544103e-02
  7.45358244e-02 -2.32286062e-02  5.63351326e-02  8.92350748e-02
  1.05042495e-02  1.38080949e-02 -2.73715481e-02  8.14064872e-03
  1.61455548e-03  1.32085793e-02  1.05854407e-01 -4.43882169e-03
  6.24459200e-02  8.50228500e-03 -6.93872273e-02 -4.12325487e-02
  1.37316706e-02 -4.85342331e-02 -2.64612939e-02  6.87487517e-03
 -1.18010752e-02  4.40134630e-02  1.47845561e-03  1.84668582e-02
  2.23015808e-03 -3.86671862e-03 -3.88657786e-02  4.22179550e-02
  1.38927642e-02  3.29725957e-03  2.05421112e-02 -3.65368612e-02
  7.96704143e-02 -3.64858396e-02 -4.58843820e-02 -6.98120967e-02
  2.28511132e-02 -4.24428806e-02 -5.67473732e-02  1.06746415e-02
  5.03999256e-02  2.18721572e-02  5.91843762e-02 -1.84312020e-03
  8.01051334e-02  1.20074585e-01 -8.35715011e-02 -6.57448126e-03
  1.93272159e-02 -5.02123721e-02  9.23580453e-02 -2.67658886e-02
 -2.23640837e-02 -2.87119802e-02  7.01210722e-02 -3.67264869e-03
  5.53994514e-02  4.05895784e-02  2.81828176e-02 -4.36616726e-02
 -1.04593374e-02  5.44192828e-02  1.10368736e-01 -2.60218494e-02
 -2.84702349e-02 -2.54657697e-02  2.73817498e-02  1.78632811e-02
  8.62383563e-03  1.28391199e-02  6.03016876e-02 -1.63577013e-02
 -8.16417709e-02 -2.44731009e-02 -6.40625954e-02  6.48760982e-03
  5.84957888e-04 -4.82884645e-02  1.05261214e-01  1.74837299e-02
  1.09273242e-02  1.15970159e-02  3.02040204e-02  2.56577507e-02
 -1.06006935e-02  3.18030566e-02  9.09687355e-02  4.48033586e-02
 -7.40890875e-02  7.42013007e-02 -3.48954238e-02  2.16478240e-02
 -2.63042320e-02 -5.00720739e-02  3.75990123e-02 -6.58007637e-02
  4.38282788e-02 -2.81032678e-02 -1.04783010e-02  6.50088629e-03
  7.50717223e-02 -2.72770394e-02  3.48362625e-02  2.99909823e-02
 -1.09512974e-02 -3.73855159e-02  3.25457714e-02  8.66175592e-02
  4.35131975e-03 -3.94831114e-02 -6.26375377e-02 -7.88343996e-02
 -4.12328690e-02  1.86650772e-02  6.88784122e-02  2.59241611e-02
 -3.04485429e-02 -6.63008466e-02 -4.35135234e-03  4.94191945e-02
  2.51386948e-02 -4.85873818e-02  2.13623997e-02 -3.33953798e-02
 -5.15619926e-02  2.92058904e-02 -1.01777269e-02 -3.75056443e-05
  5.97094931e-02 -4.19488996e-02 -7.23836571e-02  2.61820257e-02
  2.87324339e-02 -5.59861585e-02  3.51467282e-02  2.28762235e-02
 -9.43144504e-03 -7.81877190e-02  1.73921045e-02  5.12727574e-02
  5.21742441e-02  2.79158633e-02 -4.34462242e-02 -4.40046638e-02
  1.53732235e-02  1.46718714e-02 -6.23699501e-02 -8.78596529e-02
  2.38919724e-02  4.55050776e-03  2.05943305e-02 -4.00777310e-02
 -2.87311822e-02 -2.36303397e-02  1.70367323e-02 -9.73472837e-03
  4.12913077e-02  1.81984100e-02 -1.23046450e-02 -1.81323271e-02
  7.19005167e-02  1.69824958e-02  1.55751994e-02 -2.22341958e-02
  3.23732793e-02 -2.58486848e-02 -9.14749224e-03 -5.67140579e-02
 -1.08611211e-01 -3.00830696e-02 -4.87609990e-02 -2.64952648e-02
  4.59549576e-02  1.57063734e-02  9.41717997e-03 -1.42038027e-02
 -2.96141002e-02  4.27606814e-02 -3.75673845e-02 -6.74634287e-03
 -8.76378939e-02 -9.01086070e-03 -2.71019666e-03 -1.09034088e-02
 -3.71694495e-03 -2.95582740e-03  6.70781732e-02  3.08983400e-02
 -4.65357006e-02 -2.99240109e-02 -4.31925654e-02 -3.45702209e-02
 -2.93513630e-02 -3.30085866e-02  3.53212506e-02 -7.49170855e-02
  3.64599563e-02 -2.80884635e-02 -9.46530774e-02  1.11334808e-01
 -3.32282074e-02 -1.29558553e-03  3.19068395e-02 -3.61413844e-02
 -6.09086081e-02 -2.38149408e-02 -5.21633178e-02  6.54833168e-02
 -3.75772193e-02  3.84727260e-03 -7.48454705e-02  1.09091196e-02
  1.42621272e-03 -5.61090484e-02  2.36485470e-02 -1.19464593e-02
  6.14278801e-02  7.54409470e-03 -5.25787659e-02 -3.82815972e-02]"
Jacob_Elordi,"[-2.35714018e-02 -8.85951966e-02 -5.86352427e-04  2.19827648e-02
 -7.69152865e-02  7.36093298e-02  2.14967914e-02  3.13229598e-02
 -5.53779639e-02 -4.19419259e-02  1.61403846e-02  3.63421999e-02
  2.20878255e-02  1.12342816e-02 -4.50754724e-03 -1.07463300e-02
 -6.53194934e-02  5.19799115e-03  1.19186649e-02 -5.46786264e-02
 -5.64352497e-02 -1.03977602e-03  5.43735921e-03  3.42949703e-02
  2.22785641e-02 -5.78665994e-02 -5.78899756e-02  6.31685033e-02
 -2.35034749e-02 -4.23056968e-02  1.03250004e-01 -2.11425242e-03
  5.52382804e-02 -4.57626209e-02 -6.90359902e-03 -1.19663021e-02
  1.16880937e-02  5.77846728e-02  4.47109528e-02 -1.01938896e-01
  6.22909032e-02  1.93239562e-02  4.05001454e-02 -4.64988351e-02
  8.44919756e-02 -3.82032953e-02 -3.51965940e-03 -5.49682528e-02
  7.03272969e-02 -2.77621634e-02 -1.85852926e-02  1.09222896e-01
  6.25464916e-02 -3.24378125e-02 -3.32881398e-02  6.70800880e-02
 -2.38565076e-03  1.50757357e-02 -5.22060804e-02  7.75849223e-02
 -4.35349345e-02 -1.18476730e-02  1.97278280e-02  4.26959470e-02
  5.44133643e-03  3.13301645e-02  2.40833294e-02  1.66395940e-02
  4.51238034e-03 -2.90994141e-02 -5.29510947e-03  2.22055614e-02
  2.95916554e-02  2.45244429e-02 -1.92930400e-02 -1.13143241e-02
  2.58346181e-02 -2.45371740e-02 -1.75760202e-02 -1.07743789e-03
 -5.77969402e-02  3.33104543e-02 -3.96526419e-02  5.63196130e-02
  6.10434450e-02 -6.98002707e-03  4.74803746e-02 -4.45272587e-03
 -1.58157237e-02 -2.62273941e-03  3.80406389e-03 -8.58723477e-04
  8.14481452e-03  7.41235353e-03 -2.84584425e-02  3.53536056e-03
 -1.05003370e-02 -7.61277005e-02  3.44799906e-02  3.17838304e-02
 -2.51364484e-02  3.16372067e-02  4.66367379e-02 -1.17786089e-02
  3.83296311e-02  8.65062047e-03 -7.98795447e-02  5.51399402e-02
  3.53001356e-02 -4.63105878e-03  4.27105650e-02  9.87341404e-02
 -4.15109135e-02  2.81712711e-02  1.63157601e-02  3.78187262e-02
 -1.02376333e-02 -2.33187852e-03 -7.79830525e-03 -1.47666382e-02
 -4.04319353e-02 -1.40759973e-02  4.14617546e-02  4.40947749e-02
  3.19896359e-03  1.21527046e-01  2.14117975e-03  1.98666491e-02
  3.33122388e-02 -5.33208475e-02  2.38875262e-02 -3.26185464e-03
  4.01206836e-02  3.70565765e-02  1.72718875e-02  1.30674616e-02
 -2.45810580e-02  3.09807584e-02  8.74199439e-03 -4.02205847e-02
 -7.31736794e-02 -3.01494151e-02  6.44821376e-02 -4.41472456e-02
 -4.92916517e-02 -1.96948573e-02 -9.74851623e-02  2.65124571e-02
  4.43155691e-02 -1.46491528e-02 -3.35964723e-04 -5.30504948e-03
  4.28152345e-02 -7.72957355e-02 -4.20786440e-03  5.20837940e-02
  7.12138563e-02 -5.90456231e-03  1.01686381e-02  4.83964495e-02
 -4.67879102e-02  2.92841182e-03  6.33658767e-02 -9.95653570e-02
 -3.89401359e-03 -4.33622487e-02 -1.47940191e-02  2.26162560e-02
  2.20583882e-02  4.87398095e-02 -4.70300354e-02  5.09375446e-02
 -1.83657371e-02 -7.22507909e-02 -2.99370736e-02 -2.54733656e-02
  3.45637649e-02  3.08942199e-02  2.66642831e-02  1.58001296e-02
 -4.32730950e-02  5.25472499e-02  5.26946075e-02 -1.80454422e-02
 -1.48928193e-02 -6.69321939e-02 -2.42312159e-02 -2.63236985e-02
 -4.33793105e-02 -4.60375957e-02 -1.23865856e-02 -6.51276037e-02
 -2.88890507e-02 -8.24453216e-03 -4.30560075e-02  4.98632863e-02
  5.77640086e-02 -1.19951423e-02  1.70366524e-03  2.71941517e-02
  1.00265201e-02  7.20795244e-02 -1.36832828e-02 -6.09076656e-02
 -4.51429933e-02 -2.34610792e-02 -1.19102553e-01 -4.07906831e-04
 -3.58647071e-02  4.67577484e-04 -1.40802423e-02  4.56122011e-02
 -1.13416445e-02 -1.80771027e-03 -1.78453811e-02  6.98687881e-02
 -8.73119198e-03 -1.93281216e-03  4.21764553e-02 -1.08137205e-01
  3.64292748e-02  6.35642633e-02 -1.04467187e-03  2.66593252e-03
 -2.94515844e-02 -2.49193143e-02  7.07786158e-02  1.64387878e-02
  2.33539883e-02 -3.13866208e-03  4.12621759e-02 -2.40224767e-02
  4.75246720e-02  3.46114896e-02 -1.19016832e-02  1.69440303e-02
  9.71806049e-03  1.77023988e-02  3.45147438e-02 -2.68663168e-02
 -5.77200167e-02 -7.33863190e-03  1.69592537e-02 -5.40369861e-02
  2.79988423e-02 -9.89974663e-02  2.94218790e-02  5.01368158e-02
 -6.99136183e-02 -4.48180782e-03  1.14860255e-02 -6.08841889e-02
 -9.39006452e-03  1.14664674e-01  8.32258984e-02  1.52925113e-02
  3.76295522e-02 -5.94492145e-02  2.60146391e-02  3.91372293e-02
  4.18704040e-02 -1.65660568e-02 -1.65787749e-02  2.34198105e-02
  2.70708743e-02 -3.08615342e-02 -4.62587550e-02  1.30377105e-02
  8.50197524e-02  8.47885981e-02 -1.14355139e-01  9.16927122e-03
  1.08652869e-02  1.02624781e-02  3.81167904e-02 -7.38921389e-02
 -4.59018126e-02 -4.33082916e-02 -3.42076160e-02 -7.43390387e-03
 -4.82994244e-02 -1.14942491e-02 -9.55415983e-03 -3.86778414e-02
  2.96160374e-02  4.33992147e-02  1.09389042e-02  2.05196533e-02
 -7.62671651e-03 -6.24315813e-02  6.13942482e-02  4.46139909e-02
  2.91181747e-02  2.55061360e-03  2.49664485e-02  1.13731027e-01
  2.09433977e-02  7.58256856e-03 -2.72812862e-02  3.89207117e-02
  2.27703550e-03  1.81973651e-02  1.12813868e-01 -4.06823270e-02
  3.60314846e-02 -8.02566484e-03 -5.22511713e-02 -1.60045717e-02
  1.09826885e-02 -6.17208034e-02  1.59251187e-02 -1.86322071e-02
 -3.02487682e-03  2.74773780e-02 -4.97786468e-03  1.86266173e-02
  1.23465415e-02 -8.26989766e-03 -5.11399321e-02  2.37264857e-02
  8.19626078e-03 -6.76883683e-02  9.32005234e-03 -1.34596312e-02
  1.19658358e-01 -3.24508809e-02 -1.16025861e-02 -8.18968415e-02
  4.55264747e-02 -3.68410423e-02 -2.64689345e-02 -8.81571043e-03
  1.25828357e-02  3.52107733e-02  5.49671836e-02  1.46313272e-02
  3.26523557e-02  9.62433070e-02 -4.89282347e-02  3.17838937e-02
  4.30986471e-02 -8.97854567e-02  7.26226270e-02  2.75855372e-03
 -2.30110250e-02 -7.54883364e-02  9.81129035e-02 -1.79760661e-02
  3.05182394e-02  7.12011606e-02  1.63999386e-02 -2.87961401e-02
 -5.17576607e-03  4.80055287e-02  1.04291633e-01  1.39670800e-02
 -3.51929478e-02 -3.67273316e-02 -2.27444340e-03 -1.19767115e-02
  8.69006477e-03 -7.80022843e-03  2.62860991e-02 -3.77645381e-02
 -6.23320676e-02  1.38168910e-03 -4.89841066e-02 -4.91910288e-03
 -1.59088802e-02 -1.56167001e-02  9.75491181e-02  2.25523822e-02
  9.03181452e-03 -1.12772249e-02  4.30166088e-02 -2.42574923e-02
  2.00848673e-02 -2.13402100e-02  9.41299126e-02  1.41971996e-02
 -7.35684335e-02  9.74864960e-02  1.24633731e-02  1.62015727e-03
 -4.94632199e-02 -4.23718728e-02  7.07708150e-02 -6.10783212e-02
  4.13409583e-02 -6.32079169e-02  5.43250097e-03 -2.62859762e-02
  2.80221570e-02 -6.27535507e-02  7.22056031e-02  2.40454823e-02
  6.32108946e-04 -5.98657317e-03 -3.89095885e-03  7.76021779e-02
  8.68456496e-04 -2.07699332e-02 -3.36565524e-02 -6.52118698e-02
 -6.88828453e-02 -1.49043556e-02  8.01660046e-02  4.36443649e-02
 -3.43998037e-02 -5.94509058e-02  1.51156001e-02  4.57410105e-02
 -1.27886152e-02 -3.41694690e-02  1.32055450e-02 -3.28284502e-02
 -6.93796501e-02  2.11616643e-02  5.11505129e-03  9.01509821e-03
  4.08432335e-02 -3.80103057e-03 -7.42396787e-02  2.58594770e-02
  3.11111268e-02 -7.41218477e-02  1.88692827e-02  4.40235697e-02
  7.68148899e-03 -4.23930362e-02 -6.17314037e-03  3.71081308e-02
  4.76460643e-02  2.31695157e-02 -7.31008798e-02 -5.98885082e-02
  6.54812977e-02  3.68625186e-02 -6.49203658e-02 -8.00336674e-02
  2.25477275e-02 -1.51406886e-04  2.26727556e-02 -1.08944342e-01
 -5.35355555e-03 -2.60050446e-02  3.26106250e-02  9.59557667e-03
  3.67615335e-02  4.06362005e-02  5.51542733e-03 -2.75882632e-02
  7.45518506e-02  3.41519974e-02 -2.19689775e-02 -2.51880232e-02
  4.00905423e-02  6.71292190e-03 -3.40484455e-02 -2.19562706e-02
 -1.03947781e-01 -5.89515828e-02 -4.77819964e-02 -1.23527339e-02
  2.55500730e-02  3.17564514e-03  7.13223219e-03 -3.89420390e-02
 -3.54510173e-02 -8.62695379e-05 -3.19389557e-03  1.34483334e-02
 -6.48964345e-02 -2.14345548e-02 -2.08054986e-02 -5.12041040e-02
 -3.37885134e-02 -1.30346399e-02  4.17178683e-02 -6.70357654e-03
 -4.56743948e-02 -5.57341948e-02 -5.89538133e-03 -1.96772553e-02
 -4.25732322e-02 -2.99429651e-02  3.66657004e-02 -9.23555344e-02
  5.57616586e-03 -2.15189680e-02 -5.92525564e-02  8.72400701e-02
 -2.84248274e-02 -2.34754253e-02  4.47467640e-02 -1.98992994e-02
 -2.79997084e-02 -5.04723042e-02 -7.80224577e-02  4.92058024e-02
 -1.85795426e-02 -7.88797904e-03 -7.28626773e-02  5.31530157e-02
  3.51821887e-03 -7.99463093e-02  2.90541127e-02  1.87508240e-02
  7.23388866e-02  4.79703471e-02 -5.40754795e-02 -7.33519122e-02]"
Jacob_Elordi,"[-0.05278457 -0.09841166  0.02625056  0.03112702 -0.03960255  0.07816759
  0.01511502  0.0296596  -0.02870698 -0.06089743  0.06292325 -0.00331196
  0.04290682 -0.00391379 -0.00152125  0.00124263 -0.0366004   0.01061651
 -0.00616256 -0.04190736 -0.03365044 -0.02079677 -0.0196083   0.00907759
 -0.01115687 -0.02812406 -0.06312019  0.07649136  0.01594254 -0.01777694
  0.03768626  0.02152221  0.04443625 -0.04032797  0.00259365  0.01059738
 -0.02330067  0.01150677  0.03433121 -0.00771953  0.07296479 -0.02021214
  0.03792932 -0.04330133  0.11190271  0.01669732  0.01456971 -0.0390086
  0.09672499 -0.02276912  0.00266918  0.09253856  0.06002381  0.03714863
  0.01564327  0.0551162   0.01717958  0.04202285 -0.01123532  0.00950822
 -0.00097643 -0.05501312 -0.02367148 -0.0186417  -0.01489785  0.07936484
 -0.01256168 -0.00663871 -0.05309417 -0.02456491 -0.01825122  0.04253447
 -0.02362491 -0.01215224  0.01591428  0.01101078  0.0320464  -0.01593707
 -0.10187654 -0.00872538 -0.09069063  0.05007406 -0.01185425 -0.00171548
  0.06835236 -0.0104432   0.08136448 -0.00374168  0.01895907  0.03510456
  0.01708446 -0.04909508  0.03779508 -0.00042331 -0.00350447  0.03545021
  0.0154678  -0.01991699  0.02512472  0.06149129 -0.03498634 -0.0308019
  0.08503974 -0.03044298 -0.00873171 -0.01566908 -0.02385862  0.05312923
 -0.02829245  0.02742554 -0.00173463  0.09735546 -0.07460644 -0.01805393
 -0.02142235  0.01002364 -0.02003596  0.00544192 -0.01744607 -0.0124424
 -0.0422505   0.00356354 -0.00892682  0.06041587  0.04523731  0.06327694
  0.01685865  0.01139901  0.02687633 -0.08918212  0.01654592 -0.04228065
  0.03162299  0.06959789  0.01497513  0.01237162  0.01760354  0.046365
  0.00088989 -0.02175054 -0.00999054 -0.0309045   0.01294614  0.00375591
  0.00306885  0.02842577 -0.05567002  0.03005876  0.0151463   0.00841296
  0.05752894  0.01147186 -0.02613826 -0.04678259 -0.00302606  0.00898496
  0.0383089   0.0128342   0.07701446  0.07875086 -0.05129091 -0.06299913
 -0.00701592  0.00215238 -0.0236943  -0.01872922  0.03827913 -0.04096451
  0.05174051  0.04341863 -0.00113322  0.08897487  0.0022723  -0.12506236
 -0.01280206  0.01684135  0.01979189  0.00421346 -0.0316634  -0.01395455
 -0.01491171  0.03546727 -0.02304713  0.0189478  -0.00760382 -0.01647681
 -0.03513714 -0.03479143 -0.04446743 -0.05054843  0.03080045 -0.01393429
 -0.02610014 -0.03906029 -0.07234251 -0.00722338  0.0281219  -0.05663785
 -0.08561051 -0.04420618  0.01568298  0.08490023  0.00868238 -0.06065067
 -0.05455119 -0.01610482 -0.13639233 -0.04013739 -0.03388492  0.02423026
  0.03572189 -0.02784418  0.02444076 -0.02349998 -0.03215199  0.04983349
 -0.04701874 -0.00852489  0.03351535 -0.07105972  0.06930856  0.01325319
 -0.0501174  -0.02956621 -0.0661485   0.00038027  0.05946105  0.03170815
  0.00283928  0.02551806 -0.00119586 -0.02054974 -0.01048285  0.02678772
  0.01428836  0.06632873  0.03747716  0.01297284  0.01199168  0.03019452
 -0.06983922  0.06846846  0.01848016 -0.03305079  0.01940426 -0.1313902
 -0.00314651  0.00033741 -0.03702166 -0.00248807  0.01982258 -0.00480142
 -0.05735247  0.02896996  0.13311164  0.07598662  0.03642984 -0.07135973
  0.03496117  0.06300035  0.02094093 -0.01010253  0.03595154  0.04420438
 -0.00812083 -0.0575636  -0.03810334  0.0033724   0.00050418 -0.00796029
 -0.11730399  0.07298648 -0.02578718  0.02507946  0.08460302 -0.11415228
 -0.05343325 -0.06571019 -0.0240206  -0.00734855 -0.03768189 -0.00242476
 -0.01067488 -0.0441906   0.03057948  0.01934995  0.01593765  0.06011914
 -0.06106136 -0.09754324  0.07500696  0.10427038  0.06107274 -0.01002118
  0.04935187  0.08241169  0.03148216 -0.00270038  0.01270965  0.01638216
  0.0080044   0.0249433   0.11819632 -0.03988695  0.04644957 -0.00462175
  0.02085098  0.0208647   0.01696643 -0.02347031 -0.00276702 -0.01791688
  0.01918329 -0.01053481 -0.01259147  0.04528982  0.02191731 -0.00735225
 -0.02666778  0.0066585   0.02204531 -0.01511464 -0.01226811 -0.05753102
  0.08510265 -0.07993414 -0.01102859 -0.06120196  0.01508924 -0.00200964
 -0.05714368  0.00717003  0.08085109  0.03648307  0.04703615  0.05293179
 -0.00451177  0.07882541 -0.03753153 -0.02888124  0.02023239 -0.0351475
  0.07028688  0.0282192  -0.01049648 -0.02997131  0.08899875  0.00974979
  0.01243184  0.03101398  0.01406381 -0.04284769 -0.01774299  0.05987624
  0.09471931  0.016333    0.04929809 -0.02709446 -0.01119452  0.01433523
 -0.03558452  0.03655209  0.03101889  0.0034313  -0.04399794 -0.02984351
 -0.04823777  0.02020212 -0.03665472 -0.02787672  0.12920296 -0.002496
 -0.04130916 -0.03993274 -0.03100843 -0.00832829  0.02768969 -0.03684774
  0.01119901 -0.05466143 -0.08038372  0.04102476  0.00314017  0.00433592
 -0.02020964 -0.03689492  0.01608054 -0.10274832 -0.00354315 -0.05282572
  0.0410702   0.01079488  0.03340409 -0.06832897  0.03665948 -0.01063025
  0.06654777 -0.01358837 -0.00660998  0.08977723  0.02382934  0.02445874
 -0.03556945 -0.05198586 -0.09329578  0.02313661  0.0513257  -0.01719588
 -0.02887776 -0.05428484 -0.00087934  0.01583633 -0.02335173 -0.07966636
  0.04159959 -0.00995292 -0.05757305  0.04065495  0.01326121  0.03719436
  0.06053373 -0.02235566 -0.03344522  0.02228973 -0.0134363  -0.07465283
  0.05105631  0.01095159 -0.00853516 -0.08975217  0.00361674  0.08382823
  0.03877129  0.02208665 -0.02286801 -0.05181519  0.08970716  0.01445534
 -0.02247    -0.08986074  0.04463155  0.02545791  0.00909939 -0.03988878
 -0.00953072 -0.0327744   0.08877449 -0.03024677 -0.01676772  0.05576484
 -0.01754558 -0.02190726  0.05017119  0.01993701  0.02378468 -0.00264876
  0.05155407 -0.02714347 -0.05573118 -0.0350242  -0.13057415 -0.00952819
 -0.02664382 -0.01859712  0.0257689   0.00724338 -0.01098577  0.00754305
 -0.0030586  -0.03470806 -0.02513742  0.01675606 -0.04550226  0.00703995
  0.03758065 -0.00657611 -0.05222798  0.02686523  0.04859256 -0.02149099
 -0.05636219 -0.0380064  -0.00492403 -0.04168109 -0.02331845 -0.02618437
  0.03960504 -0.06245553 -0.01728547 -0.02560979 -0.0414817   0.11903988
  0.00951598 -0.03152585  0.03012661  0.01266324 -0.00706366 -0.07727917
 -0.03769565  0.0683021  -0.04385459 -0.00977861 -0.03734119 -0.02904013
 -0.00096487  0.0088616   0.05041017 -0.03734771  0.06372618  0.05131961
 -0.08493171 -0.02260063]"
Jacob_Elordi,"[-6.46057129e-02 -7.22290426e-02  2.40409337e-02 -1.81247313e-02
 -6.79291636e-02  1.00177988e-01  2.95431633e-02 -2.44140215e-02
 -2.16476806e-02  6.64232066e-03  2.74441987e-02  7.46524185e-02
  7.80847250e-03  4.23735268e-02 -2.49892585e-02  1.20542636e-02
 -2.95585208e-02 -2.55482532e-02  3.56418639e-03 -3.96041609e-02
 -5.17857037e-02 -3.56169343e-02  2.87490897e-02  3.84598821e-02
  1.80486683e-02 -7.65007213e-02 -8.09852928e-02  7.19937012e-02
 -9.08274297e-03 -3.66544798e-02  6.63046986e-02 -1.59496199e-02
  4.65747230e-02 -1.38624338e-03 -1.40702967e-02  7.00129988e-03
  3.08030136e-02  2.79837307e-02  3.97031754e-02 -2.36815307e-02
  8.53769034e-02 -1.10091893e-02  1.66391302e-02  4.11343109e-03
  3.23889367e-02 -2.73046270e-02  4.46999781e-02 -7.92693347e-03
  9.90877151e-02 -5.78694744e-03 -4.39518541e-02  9.96846259e-02
  6.45375699e-02 -2.69040763e-02  5.37406392e-02  6.61883801e-02
 -3.17459460e-03  1.62082594e-02 -1.98624115e-02  4.35075872e-02
 -4.25303876e-02 -8.90198443e-03 -1.04984164e-03  2.13380940e-02
  4.81494367e-02  1.52230011e-02  1.41078141e-02  2.74550933e-02
 -3.03197838e-02 -3.20232958e-02 -3.28003173e-03  3.33585776e-02
  9.98398010e-03  3.36904302e-02 -2.32808907e-02  1.06368791e-02
  2.25999132e-02 -1.01968832e-02 -3.63338701e-02 -1.03615932e-02
 -1.06534310e-01 -2.96376199e-02 -4.60163504e-02  6.96857572e-02
  6.01197071e-02 -1.87598635e-02  2.54749786e-02 -3.02705821e-02
 -3.93322818e-02 -2.53015608e-02  4.67336997e-02 -1.56185301e-02
 -2.29429249e-02 -1.48100022e-03 -3.16009037e-02 -2.03812169e-03
  1.23089170e-02 -2.83619352e-02  8.93188566e-02  7.22622573e-02
  3.60739115e-03  3.44123282e-02  3.21086943e-02 -4.87410389e-02
  1.35763930e-02  1.70990564e-02 -9.25864354e-02  6.41962066e-02
  1.96781084e-02  3.05327261e-03  4.13158536e-02  7.39675835e-02
 -3.19901183e-02  3.28985862e-02 -2.43161656e-02  7.00024590e-02
  1.15359761e-02 -1.38026103e-02  1.65775064e-02 -5.09381779e-02
 -3.55423219e-03  2.99881538e-03  5.66666760e-02  4.55651730e-02
  3.40145156e-02  1.09816618e-01  1.93921588e-02  2.45427191e-02
  1.15000587e-02 -5.56255169e-02 -2.13466566e-02  6.18784456e-03
  1.81522314e-02  5.35808876e-02 -1.22193620e-02 -2.77937762e-02
 -5.58686480e-02  3.75383571e-02  2.75643356e-02 -4.84583825e-02
 -7.57429227e-02 -5.72039150e-02  9.57266837e-02 -5.02669066e-02
 -2.95536369e-02  1.77395605e-02 -8.89997110e-02  3.55967656e-02
  2.53249090e-02 -4.23713513e-02  3.80148962e-02  1.30550275e-02
  4.25386354e-02 -5.41753024e-02 -2.83830035e-02  6.48086295e-02
  5.41040599e-02  2.21334379e-02  6.21900707e-03  4.19452786e-02
 -5.23498543e-02  1.55967269e-02  4.27146032e-02 -5.14240339e-02
 -4.31958260e-03 -9.58859397e-04  3.36993076e-02 -1.19401366e-02
 -7.89387710e-03  4.13131602e-02 -2.59962212e-02  3.08235660e-02
  1.82048567e-02 -8.08846354e-02 -3.62412515e-03 -4.07855026e-02
  4.02031131e-02  3.80108505e-02  2.24314909e-03 -8.41663312e-03
 -2.26423852e-02  4.20529842e-02  3.69685665e-02  2.53237122e-05
 -4.32369262e-02 -6.66243359e-02 -1.60267297e-02 -1.21090626e-02
 -7.39460364e-02 -8.32739174e-02 -5.58114098e-03 -2.50054672e-02
 -4.73333038e-02 -3.12346276e-02 -9.41218957e-02  2.58345865e-02
  4.54083458e-02  2.49608210e-03 -2.32307408e-02  3.14318165e-02
 -4.08081748e-02  7.26500675e-02  5.32406336e-03 -9.92228538e-02
 -2.52621248e-02 -4.90206964e-02 -1.21906467e-01 -2.09557153e-02
 -1.12765692e-02 -7.93162920e-03 -4.03538495e-02  3.01047303e-02
  2.04118551e-03 -1.72580462e-02 -6.95272116e-03  5.74635081e-02
  1.36427246e-02 -3.37142162e-02  2.82696839e-02 -9.07348245e-02
  2.93120574e-02  3.50637846e-02  4.19652686e-02 -6.80342615e-02
 -5.16535118e-02  7.17646629e-03  5.47435693e-02  3.68824368e-03
  4.22930270e-02  2.25678999e-02  1.08664846e-02 -1.77526549e-02
  5.53430244e-03  6.44915327e-02  2.73062140e-02 -6.45779260e-03
  6.01988286e-02 -5.83285757e-04  1.23784505e-02  8.63529835e-03
 -4.83264737e-02  8.05333536e-03  2.08351966e-02 -4.85109426e-02
  8.13489873e-03 -1.18633397e-01  1.76099893e-02  3.05830762e-02
 -7.13336766e-02 -4.03474569e-02  5.94825558e-02 -4.87534776e-02
  3.63244605e-03  1.02234133e-01  8.09325799e-02  3.92075591e-02
  2.53157988e-02 -5.79925627e-02  3.36130783e-02  7.73987398e-02
  2.66267918e-02 -1.09922956e-03  3.00852553e-04  3.46740708e-02
 -1.84950382e-02 -5.08167185e-02 -3.65104936e-02 -2.87133176e-03
  7.32712224e-02  5.12288772e-02 -7.60128051e-02  3.84610705e-02
 -5.59456758e-02  3.30925621e-02 -1.09243458e-02 -8.63666087e-02
 -6.73655495e-02 -1.19940341e-02 -7.80727714e-03 -1.91200767e-02
 -9.08965245e-03 -1.40137579e-02 -1.07574342e-02  2.50030998e-02
  3.80701274e-02  5.68507565e-03 -1.33239757e-02  1.07722012e-02
  3.86678195e-03 -6.20838292e-02  5.25081232e-02  9.27605256e-02
  3.62424068e-02  1.21744117e-02  3.62733379e-02  1.05244912e-01
 -6.57078531e-03  9.99442860e-03 -2.14170665e-02  3.11376173e-02
  9.43478022e-04  3.30588855e-02  7.23558590e-02 -5.80309774e-04
  6.64319023e-02 -3.69721577e-02 -3.46991466e-03  3.96883674e-03
 -3.38705000e-03 -6.76515847e-02  1.00941369e-02 -6.24707863e-02
 -3.53498720e-02  3.73252598e-03 -3.75248073e-03  1.85307432e-02
  1.23688253e-02 -4.69259964e-03 -5.12199774e-02  3.11847106e-02
  2.95394240e-03 -9.45438165e-03  6.40363432e-05 -1.16639528e-02
  8.44029784e-02 -3.97545518e-03 -2.23708563e-02 -8.00616518e-02
  2.71920264e-02 -7.53398286e-03 -3.94085683e-02 -3.69782709e-02
  8.57560895e-03  2.13787534e-05  3.22889239e-02  1.03627825e-02
  4.44728658e-02  1.12040468e-01 -6.25374615e-02  7.19077885e-02
  1.26170609e-02 -9.13810506e-02  6.64630532e-02  1.06800003e-02
 -1.19396637e-03 -6.11257814e-02  5.40076643e-02 -3.28448936e-02
  4.47657332e-02  6.32243082e-02  2.48731431e-02 -4.31132540e-02
 -1.49222165e-02  4.87884171e-02  1.05028145e-01 -2.40233745e-02
 -8.62684101e-03 -1.80332921e-02 -2.46715508e-02  1.42793944e-02
 -1.06549207e-02 -2.56917384e-02 -7.37996912e-03 -4.39676456e-02
 -5.35951331e-02  1.74408201e-02 -7.29646459e-02  2.62071658e-02
 -3.20824645e-02  8.33217055e-03  9.85309407e-02  2.55603362e-02
 -7.72255519e-03 -1.33663658e-02  4.24201898e-02 -5.94155826e-02
 -6.28155563e-03 -5.59636727e-02  9.95454788e-02  1.90183334e-03
 -7.39111006e-02  7.64241293e-02 -1.51832299e-02 -4.87440312e-03
 -5.34283742e-02 -2.46881321e-02  5.84261976e-02 -3.41560245e-02
  3.01826615e-02 -3.62353623e-02  2.02126987e-02  1.99015662e-02
  5.34206107e-02 -1.06848143e-02  4.13018465e-02 -1.96266510e-02
  8.72344710e-03 -6.46439046e-02  4.40106504e-02  6.48711920e-02
  4.37750071e-02  3.18612941e-02  6.56115450e-03 -7.96967000e-02
 -7.33247101e-02 -3.67543735e-02  9.78645384e-02  3.44364382e-02
 -3.96201871e-02 -2.33486854e-02 -3.67696248e-02  1.91127267e-02
 -3.18371244e-02 -9.91252065e-03  1.07571473e-02 -5.56413420e-02
 -4.80558947e-02  1.72261079e-03  3.18187177e-02 -1.49985915e-02
  4.86856960e-02  4.90863202e-03 -7.17629045e-02  4.74820994e-02
  6.16307706e-02 -6.29651472e-02  4.33825366e-02  4.05075252e-02
 -1.08544016e-02 -3.02800350e-02  3.75428200e-02  7.78227150e-02
  6.48353845e-02  3.96412425e-02 -4.05468829e-02 -7.60842040e-02
  7.14598894e-02  2.67256200e-02 -8.05245936e-02 -9.11026672e-02
  3.60367671e-02 -1.10428222e-02  3.62057798e-02 -9.79066268e-02
 -2.26022098e-02 -5.18983090e-03  5.50872236e-02 -2.60862131e-02
  5.87497186e-03  3.52117568e-02  2.01184191e-02 -8.76065157e-03
  7.47599453e-02  5.01726866e-02  8.62994790e-03 -2.71412153e-02
  4.51062433e-02 -9.50785447e-03 -1.30424276e-02 -6.03906028e-02
 -8.29192027e-02 -2.98832487e-02 -6.25791401e-02 -1.69025008e-02
  7.03143328e-03 -4.08841223e-02  1.31643750e-02 -1.14279082e-02
 -3.42147723e-02 -1.23781646e-02 -8.28168821e-03 -2.42627552e-03
 -3.40230502e-02  1.28451679e-02  2.04593372e-02 -3.02305166e-02
  5.35318535e-03 -1.24349119e-03  2.76756715e-02  1.15432693e-02
 -1.17755774e-02 -4.75438498e-03 -3.14004384e-02 -4.19470035e-02
 -2.85402704e-02 -4.44232998e-03  5.72573729e-02 -8.38407427e-02
 -2.44541210e-03 -1.92968808e-02 -6.72175139e-02  9.12060887e-02
 -3.62607799e-02  4.49210359e-03  2.57350672e-02  1.17966468e-02
 -6.06665090e-02 -2.50175502e-02 -8.33407342e-02  6.67429417e-02
 -5.08073866e-02  1.38177266e-02 -1.46007715e-02  5.08415997e-02
  6.57216040e-03 -8.58989581e-02  1.41626038e-03  4.04737517e-02
  7.59548321e-02  5.60858995e-02 -6.26127273e-02 -3.17072943e-02]"
Messi,"[ 0.00754383 -0.06862924 -0.06213052  0.07689051 -0.04988437 -0.02668361
 -0.0077955   0.01870122 -0.0135318  -0.05349484 -0.01857107 -0.10862477
 -0.0297242  -0.00683364 -0.02226887  0.04692648  0.01176996  0.02547869
  0.09563602 -0.04846792 -0.02812247 -0.00576236 -0.06622014  0.04315893
 -0.0123218  -0.0731521  -0.0157844   0.05565815  0.02085351  0.07423581
 -0.02783214 -0.03085933  0.00299041  0.01857266 -0.05322157 -0.01358006
 -0.05017969  0.07544655  0.02263954 -0.03538274 -0.04919682  0.05015548
  0.04847522  0.03202589  0.12659569  0.03536009 -0.01867974 -0.05595481
  0.03718515  0.0670419   0.02382788  0.07430495  0.06112203  0.03313738
 -0.05594842  0.01024792  0.04535099  0.0073727   0.06858486  0.01759285
  0.03874036 -0.10085743  0.11739358 -0.01548661 -0.00405389  0.08579321
  0.02361689  0.06944812 -0.06675888  0.02973451 -0.09028507 -0.01932598
  0.07759578  0.03187469 -0.02259894 -0.00334605 -0.02909228  0.02488418
 -0.01091589  0.00529259  0.02842523  0.07403188 -0.00818236  0.09734183
 -0.01213716  0.04085199  0.0110712  -0.01365006  0.02813519 -0.00178438
  0.01668135  0.00307757  0.0026187   0.01787458 -0.02188717  0.01774936
  0.02848614  0.01188514  0.00894065 -0.05613266 -0.00394796 -0.07261218
 -0.03391163 -0.03697028 -0.04881372 -0.02301683  0.0009832  -0.005884
 -0.0140361   0.00317903 -0.05009864  0.02640734 -0.00819452 -0.05142623
  0.03404494 -0.01905167 -0.02993639 -0.00428672 -0.00627788  0.02426122
 -0.05603914  0.00778532  0.04267936  0.00165069 -0.0057089   0.02296144
 -0.00870844  0.04971369  0.04426265  0.05624742 -0.0255891  -0.03715891
  0.01944688  0.05683151  0.03358229 -0.01752286 -0.01031689  0.03269489
  0.00309474  0.04504572 -0.01089757  0.04251895  0.04102897 -0.03534037
  0.04025935 -0.00213808  0.0380738   0.03063973 -0.02850815  0.0366118
  0.03141352  0.0143813   0.00686065 -0.03410446 -0.10822515 -0.00970621
 -0.06350198 -0.04624619  0.06190812 -0.03851436 -0.00632002 -0.01882214
  0.03381894 -0.0079929  -0.04889587 -0.03612587 -0.06608106 -0.00270089
  0.06663314  0.02076509  0.05993329  0.03624412  0.07290339  0.00403082
  0.001676    0.07111022  0.0462453   0.03706681  0.0724678  -0.09381856
 -0.02546108  0.02223224 -0.00931896 -0.016906   -0.03281727  0.01841736
  0.03663436 -0.00016245 -0.00178243 -0.02409836  0.0653773  -0.06547462
  0.00628958  0.08146485 -0.0019009  -0.04407602 -0.04545559  0.018906
 -0.10153035  0.05933042  0.0225447   0.11322478  0.01193378  0.01697206
  0.00348653  0.01311375  0.04494186 -0.01598809  0.00572542 -0.00730011
  0.06257597  0.03890982 -0.01712039  0.06309286 -0.00573603  0.06423447
 -0.02549039 -0.00331935  0.03107737  0.02725624  0.03581748 -0.04415543
 -0.09434576  0.01246895 -0.0263512  -0.04159059  0.06846916  0.0321926
 -0.04819771  0.01801109  0.0532362  -0.0678342   0.0592353   0.00275319
 -0.06087149 -0.00252409  0.04738151  0.0219797  -0.02265724 -0.01539304
  0.04328717  0.00361643 -0.02054997 -0.04147929 -0.04630984  0.00828764
 -0.04822601  0.07297024  0.00017761  0.02437365 -0.0647997  -0.00761075
 -0.08700252  0.03981689 -0.03088124  0.0588139  -0.02198179 -0.06707525
  0.06005486 -0.01901263 -0.07320445 -0.08038127 -0.00459096  0.00835711
 -0.00238687  0.02960948  0.01361611 -0.02375378 -0.00855703 -0.00055506
 -0.00712867 -0.01022136  0.00720923  0.10731672  0.01248005 -0.03192928
 -0.00923579  0.04431624 -0.03998274 -0.00203637 -0.03046384 -0.05093849
  0.07278775 -0.07279912  0.04851859  0.04259009 -0.01013381  0.03842926
 -0.0362956  -0.0031325   0.04188378  0.0300593  -0.01743344 -0.00462658
 -0.00524473 -0.03933068 -0.01742849  0.05909671  0.07147218 -0.03992745
  0.01324977  0.01447171  0.06665109 -0.00120755  0.0222469   0.10558422
  0.03787703  0.01772733  0.08396202  0.05658373 -0.01617381  0.06348546
  0.04103703  0.01634882 -0.02329849 -0.04758053 -0.02533704  0.00664677
  0.08470692  0.00781567 -0.04171414 -0.06569079  0.08374549 -0.06348713
  0.03765253 -0.00988067 -0.01183427 -0.08936543  0.0038683  -0.00052753
 -0.01665864 -0.03860211 -0.02413812 -0.00400317 -0.00959412  0.03813506
 -0.03955159 -0.03056332  0.0393772  -0.07497954  0.03277237  0.08836111
  0.05297275 -0.03476231 -0.07214224 -0.05099668 -0.0621572   0.00538126
  0.00033745  0.08671342  0.03252546 -0.04107456 -0.03364364  0.03581573
 -0.02645828 -0.0446034  -0.0125705   0.03789177 -0.02572463 -0.0546141
 -0.07696994 -0.02149632  0.07733709  0.059662   -0.00645676 -0.04298515
  0.00692692 -0.0411328  -0.01087475 -0.06006852  0.00666254  0.10241293
 -0.09033308 -0.03139709 -0.00466435  0.03298642  0.00709325 -0.05302246
 -0.00867804 -0.01015704  0.03053416  0.00408759  0.00012922  0.02137551
 -0.04094022  0.04381777  0.01609599 -0.00608479 -0.00856049 -0.06314348
  0.04653409 -0.0285157   0.04780828 -0.08269477  0.00818568 -0.00253269
  0.01734876  0.01693277  0.02642068 -0.01689117  0.0771954  -0.05631269
 -0.04131068 -0.01839603  0.05573914 -0.01965273 -0.01831454 -0.00672302
 -0.05084236 -0.03306311  0.01165211  0.07150551 -0.03311116  0.00518714
  0.09042559 -0.04419015 -0.03338952  0.01677675 -0.03656008  0.11030726
 -0.03726988  0.00387113  0.09968155 -0.00760292 -0.06112086  0.01025374
  0.05933123  0.0931114  -0.06428169 -0.01958282  0.01386036 -0.05925114
 -0.07222719 -0.04147467  0.00847083  0.06172056  0.0553095  -0.01502009
  0.0690489  -0.00764842 -0.05151005 -0.04574016 -0.00494176  0.00219559
  0.01275009  0.02547865 -0.00979393  0.04782867  0.02253703 -0.01562885
  0.02369066  0.04446206 -0.04759074  0.03802225 -0.0357988  -0.04527049
 -0.01331226 -0.02241737  0.0008014   0.06229197 -0.06674384 -0.06283838
 -0.03925743  0.07468359 -0.00838567 -0.00685623  0.02125324 -0.04217627
 -0.0111873   0.03787388 -0.00204825 -0.02328045 -0.01470794 -0.03551038
 -0.01579222  0.01613168 -0.02792536  0.00857816  0.08657464 -0.01125925
 -0.04504422 -0.05987849 -0.00427849 -0.00656393 -0.08179735 -0.03520083
 -0.08098775  0.05728811 -0.02794753  0.00347701  0.01299024  0.01847888
  0.01092487 -0.04425663 -0.01344938  0.05688328  0.07118713  0.03564297
  0.05408949  0.00180107  0.02739234  0.03878372 -0.02479711  0.08956393
 -0.02037677  0.02072202  0.03036202 -0.07366317 -0.0198981   0.03761597
 -0.0152147  -0.07445906]"
Messi,"[ 3.99208106e-02 -6.06446862e-02 -5.04730940e-02  2.72578374e-02
 -4.30071205e-02 -8.26908499e-02  2.14590058e-02  3.62646836e-03
  3.77699286e-02 -4.13038097e-02 -6.87747588e-03 -9.03364345e-02
  2.41654776e-02  6.84214057e-03 -2.07711849e-02  6.28647804e-02
 -3.60926390e-02 -2.20011696e-02  7.70666599e-02 -2.39378214e-03
 -1.63128842e-02 -4.73162942e-02 -6.40050247e-02  2.42750105e-02
  1.41283860e-02 -9.25736874e-02 -6.17561340e-02  1.06802778e-02
  5.14066918e-03  3.58265601e-02  8.17364734e-03 -4.26869281e-03
 -1.76149029e-02  4.45968062e-02 -2.55052503e-02 -2.46570315e-02
 -3.41619737e-02  8.36570114e-02 -4.16415036e-02 -3.64681669e-02
 -3.74927819e-02  3.27861570e-02  1.62549950e-02  6.75409734e-02
  8.70467648e-02  3.42247225e-02 -1.63718052e-02 -3.13212723e-02
  7.03866361e-03  3.68114375e-02  3.84331420e-02 -1.48844440e-02
  4.24938537e-02  3.13538611e-02 -3.99745405e-02  3.38833313e-03
  1.24271978e-02  8.37968756e-03  1.81874409e-02  6.64470792e-02
  2.95870770e-02 -1.01579979e-01  9.48539525e-02  1.11461049e-02
 -1.18544819e-02  4.17417996e-02  2.78845988e-02  6.88252673e-02
 -5.48248589e-02  2.50518438e-03 -6.74115866e-02 -4.34069932e-02
  6.02271147e-02  3.16560566e-02  1.39204017e-03 -5.27362414e-02
 -1.12997796e-02  7.81221390e-02  5.04151694e-02  3.50570045e-02
  2.82102469e-02  6.78732395e-02 -3.31394337e-02  6.41741455e-02
 -4.91229407e-02  3.20002139e-02  1.15578715e-02  1.07444543e-02
  2.86450274e-02  2.17053294e-02  3.11563574e-02  3.86936665e-02
 -1.15200737e-02  3.45228892e-03 -3.98911722e-02 -1.38361636e-03
  6.72029629e-02  3.22064981e-02 -1.28818285e-02 -4.71924953e-02
 -3.22217718e-02 -3.64638157e-02 -2.61355285e-02 -1.17207356e-02
 -2.15397179e-02 -1.37497187e-02  2.65692337e-03  2.51321085e-02
 -1.34737547e-02  3.81445400e-02 -2.85042785e-02  2.77836551e-03
  4.25255112e-02 -3.03197410e-02  5.56291491e-02  2.32939562e-03
  3.75974923e-03 -1.61849268e-04 -3.59398574e-02  1.81573518e-02
 -2.14261729e-02  4.87848297e-02  4.07814607e-02 -1.47038163e-03
 -3.89128388e-03  4.21555005e-02 -2.54586954e-02 -1.23358555e-02
  5.45897968e-02  7.05499128e-02 -1.44860139e-02 -1.07794525e-02
  3.74590792e-02  5.56765161e-02  6.69508800e-02 -3.12914811e-02
  8.09207000e-03  2.45942231e-02  1.88036368e-03  2.11349037e-02
 -8.80458218e-04 -6.48645032e-03  2.30949111e-02 -4.78534289e-02
  3.27641740e-02  5.98475942e-03  7.74810836e-03  6.67506680e-02
 -1.76382735e-02 -2.16414686e-02  8.90929438e-03  2.25324137e-03
 -1.11769279e-02 -3.60754803e-02 -1.29452199e-01 -4.53078263e-02
 -8.32668990e-02 -3.32055092e-02 -4.07922408e-03 -8.13475531e-03
 -2.46740002e-02 -5.50913252e-03  7.05194920e-02 -6.66003525e-02
 -5.10309152e-02 -4.41867597e-02 -7.70619884e-02  2.57646907e-02
  7.10425377e-02  2.69588791e-02  4.37261388e-02  4.08999855e-03
  8.22202787e-02  2.28731129e-02  2.81663854e-02  4.30981033e-02
  5.13391048e-02  4.95664924e-02  6.80722296e-02 -1.01853013e-01
 -6.96833199e-03  8.72664899e-02 -6.19273726e-03 -3.29619944e-02
 -2.88881734e-03  3.82075161e-02  5.47680221e-02 -3.41896489e-02
 -4.63628117e-03 -8.03746842e-03  4.04589958e-02 -7.99429789e-02
  2.63883118e-02  9.25008953e-02 -8.48582014e-03  1.02734077e-03
 -3.05717476e-02  3.58527787e-02 -5.30831888e-02  3.99852591e-03
  6.83134198e-02  5.12575172e-02  3.86096910e-02  4.05553989e-02
  3.64489877e-03 -4.87520359e-03  7.89448768e-02  3.91505770e-02
  4.86777350e-02  3.68104875e-03 -3.35987075e-03  3.16237770e-02
 -4.43859212e-02  5.81662692e-02  4.91253436e-02  7.48251379e-02
  4.45034914e-03 -6.97347615e-03  2.49260478e-02  2.58811228e-02
 -3.20625561e-03 -1.00350948e-02 -8.62909257e-02  7.51151762e-04
 -3.95655632e-02 -1.49482135e-02  8.71477574e-02  7.18992278e-02
 -7.02686608e-02  2.33624969e-02 -3.73738748e-03 -8.46499354e-02
  5.11696674e-02 -1.66263655e-02 -6.52605072e-02  4.46471721e-02
 -3.62119302e-02  3.20802629e-02  1.75363012e-02 -2.79351100e-02
  3.14663425e-02  3.75626646e-02 -1.36079630e-02 -5.51422723e-02
 -1.93389319e-02  6.41111610e-03 -9.46866907e-03  6.47407323e-02
  1.59651227e-02  2.95450483e-02 -3.61290276e-02  2.80450303e-02
 -5.78440018e-02  1.59591116e-04 -6.59914166e-02  6.59762621e-02
 -3.71719599e-02 -5.51697873e-02  9.44401079e-04 -3.61832534e-03
 -7.21012875e-02 -8.39373693e-02 -7.00775683e-02  4.42340504e-03
  2.13975739e-02  1.35556636e-02  7.69603357e-04  3.57336700e-02
  1.37458695e-02 -8.56374099e-04 -2.41472237e-02 -3.25170346e-02
  3.08946893e-03  1.19210854e-01 -1.87700819e-02 -3.48975137e-02
  4.21261340e-02  3.73422951e-02 -3.52277458e-02  1.47618158e-02
 -6.39455393e-02  1.10100722e-02  6.62407055e-02 -4.57156785e-02
  8.51519406e-02  2.53572743e-02 -2.02737041e-02  1.66893750e-02
 -5.02513275e-02  1.91505235e-02  2.99236123e-02  4.43822779e-02
  2.15235469e-03  2.63702516e-02  3.75178419e-02  8.63900781e-03
  3.95484082e-03  4.83285859e-02  3.90164144e-02 -3.38451378e-02
 -1.96721386e-02  2.74872668e-02  3.28493938e-02  1.04449885e-02
 -1.20002432e-02  1.26241013e-01  2.46258117e-02 -2.75940429e-02
  1.11459576e-01  6.00167587e-02 -6.34082705e-02  8.61647502e-02
  7.83869997e-02  4.30110469e-02 -2.03242041e-02 -7.40242824e-02
 -2.35758759e-02  1.14177288e-02  8.52446556e-02 -2.01268364e-02
 -9.72371548e-02 -8.13031793e-02  5.51846772e-02 -4.99862097e-02
  2.83732787e-02 -6.11263793e-03 -6.56504110e-02 -3.64155173e-02
 -3.79130803e-02 -9.03404900e-04 -1.85759016e-03  2.09505614e-02
 -2.82905549e-02 -4.11300622e-02  1.79102353e-03  6.43374212e-03
 -1.60795469e-02 -8.90191551e-03  3.71671952e-02 -2.89115272e-02
  2.77078059e-02  5.12661226e-02  1.81429274e-02 -5.13316728e-02
 -3.67079973e-02 -7.02954680e-02 -8.45756829e-02  1.83364842e-02
 -3.64072062e-02  7.58599341e-02  6.51173964e-02 -2.11431067e-02
 -1.74384797e-03  3.97369452e-02 -3.98334563e-02 -3.77695225e-02
 -2.23826617e-02  3.18302512e-02  1.71578787e-02 -6.60671815e-02
 -5.74018471e-02 -3.23917493e-02  7.27006868e-02  1.77612267e-02
 -4.49633487e-02 -4.83858250e-02 -4.57336046e-02 -4.10808772e-02
  1.29350666e-02 -7.26153105e-02  5.81876561e-03  8.14273134e-02
 -1.05965540e-01 -1.25799049e-02  2.12528766e-03  3.12548466e-02
  4.81882095e-02 -4.08564582e-02  1.32907173e-02  2.54204366e-02
  2.20730901e-02  7.14769866e-03  2.01771148e-02  5.23817074e-03
 -6.63541332e-02  7.88564235e-03 -8.42713472e-03  2.01961845e-02
 -2.03524847e-02 -7.82717839e-02  5.17959483e-02 -6.50587082e-02
  4.72008809e-02 -2.43113954e-02  2.97280382e-02 -4.94815819e-02
  2.42284741e-02  4.61538732e-02  5.07456474e-02 -4.05514017e-02
  5.80612533e-02 -1.95766371e-02  1.18383383e-02 -4.15167920e-02
  5.39914072e-02 -2.71483026e-02  7.84884673e-03 -3.81401926e-02
 -4.01988029e-02 -5.34876809e-03  3.45220678e-02  8.85069966e-02
 -6.10710680e-02 -5.92824556e-02  7.19825923e-02 -1.99046247e-02
 -4.07060795e-02 -1.10910777e-02 -2.61616390e-02  6.81135729e-02
 -2.68303845e-02  3.16918753e-02  6.77078292e-02  3.37266698e-02
 -4.81433868e-02  5.00292964e-02  2.67540663e-02  3.10888253e-02
 -7.74204060e-02 -2.31371857e-02  9.98406764e-03 -5.69592081e-02
 -6.38070479e-02 -4.89717871e-02  3.60047147e-02  1.01406150e-01
  4.55816239e-02  1.17569243e-05  2.22317372e-02  2.97693182e-02
 -5.71364164e-02 -6.27097189e-02  3.15698981e-02  1.30140493e-02
  3.34040634e-02  3.79824336e-03 -1.27407173e-02 -1.01426616e-02
  6.25330657e-02  1.13839912e-03  1.13293072e-02 -2.02823933e-02
 -8.37984681e-02  6.72113150e-02 -3.34569104e-02 -1.65511891e-02
 -2.28797495e-02 -4.00446653e-02 -2.98985600e-04 -3.33213992e-03
 -2.51457859e-02 -8.52755755e-02 -1.99405625e-02  4.93272133e-02
 -4.05820310e-02 -1.54618798e-02  1.38355047e-02 -6.61949143e-02
 -3.78680676e-02  6.19217418e-02  3.44487950e-02 -3.13092396e-02
 -5.20444326e-02 -3.88845801e-02 -2.15876866e-02  3.37860547e-02
 -3.18370201e-02  2.87195146e-02  1.04094766e-01  1.97005793e-02
 -6.36968166e-02 -4.53427024e-02 -3.58065180e-02  2.09465995e-02
 -7.95577541e-02 -9.46634933e-02 -4.01614271e-02  3.81027684e-02
 -8.95120762e-03 -2.90354341e-02 -4.20774892e-02  9.75341070e-03
  8.59227497e-04 -5.76539673e-02 -7.58716417e-03  7.44454041e-02
  1.77803971e-02  6.49508908e-02  4.53680232e-02 -2.72962917e-02
  2.47544665e-02 -1.48948049e-02 -3.59536633e-02  2.73740441e-02
 -1.75789557e-02 -2.68392637e-03 -3.29978182e-03 -8.63436610e-02
  7.18160067e-04  1.83548611e-02 -4.29016026e-03 -7.38026723e-02]"
Messi,"[-1.60702560e-02 -5.21462001e-02 -6.11957312e-02  1.72538403e-02
 -7.56159648e-02 -4.19427417e-02  1.47587713e-02  7.07447017e-03
  4.82532056e-03 -8.09610337e-02  1.04683172e-02 -6.67594150e-02
  3.73252966e-02 -1.74033381e-02  1.73424475e-03  6.36044741e-02
  4.73738723e-02  1.55640999e-02  6.05841912e-02 -4.17881869e-02
 -2.13979911e-02 -2.65983567e-02 -3.78203057e-02  1.82591677e-02
  1.31441001e-02 -1.04379371e-01 -6.05735406e-02  3.20885666e-02
  3.34556922e-02  7.30566829e-02 -2.12368593e-02 -3.76392119e-02
 -7.07974508e-02  4.18656580e-02 -7.21573606e-02  1.80090070e-02
 -4.10997830e-02  4.72620651e-02 -3.06716207e-02  7.45560415e-03
 -6.24470413e-03  2.36227512e-02  3.71185131e-02  7.35424384e-02
  9.25967097e-02  5.00395931e-02  2.84136683e-02 -4.83185425e-02
  4.63313609e-02  1.62523519e-02  6.78273011e-03  4.99391705e-02
  2.01955400e-02 -1.01296967e-02  7.23245693e-03  2.52460390e-02
  1.21238874e-02 -3.07452232e-02  7.70476535e-02  4.22097072e-02
  1.86922923e-02 -5.36484309e-02  9.38311070e-02  1.12753538e-02
  3.81300859e-02  8.03647563e-02 -3.30734663e-02  7.65997320e-02
 -1.01903997e-01  9.50539761e-05 -9.26478878e-02  1.52196037e-03
  8.99260640e-02 -2.00874731e-02  5.03021814e-02 -5.35482243e-02
 -3.41222249e-02  4.14848849e-02 -8.01124668e-04 -4.80857305e-02
 -1.04643628e-02  9.30393231e-04 -3.70420665e-02  7.48227462e-02
 -3.21976021e-02 -1.84140424e-03 -3.77048999e-02  1.25790574e-02
  6.32944405e-02  1.21332575e-02  5.41611053e-02  4.57704552e-02
 -2.98868958e-02  3.03178057e-02 -5.98053113e-02 -5.20151407e-02
  1.51449777e-02  2.13183407e-02  1.69067755e-02 -4.85119671e-02
  8.43389239e-03 -8.02271590e-02 -2.75503397e-02 -3.38283777e-02
 -5.80356829e-02 -5.30339312e-03  7.09182397e-03 -2.92734038e-02
 -3.19817774e-02  8.76614377e-02 -9.11653861e-02  3.68547849e-02
  4.10662442e-02  4.22317311e-02  1.50654586e-02 -3.68156768e-02
 -7.38627911e-02  2.14883732e-03 -5.47988415e-02  3.37783387e-03
 -1.75521541e-02  1.22436951e-03  5.28886206e-02 -1.68112554e-02
  4.09354875e-03  3.33621129e-02 -2.83600669e-03  6.56021237e-02
  8.90284404e-02  6.31473884e-02 -1.49509665e-02 -5.43660037e-02
  1.35438899e-02  8.89874026e-02  5.90988062e-02  1.48433354e-02
 -1.35770496e-02  2.16166750e-02 -1.04044722e-02  6.38729660e-03
 -1.86000727e-02  2.19613854e-02  5.86172827e-02 -3.91143151e-02
  4.38264757e-02 -3.74443978e-02  4.40352522e-02  2.13664901e-02
  1.74511429e-02  5.18983938e-02  3.18846740e-02 -3.24736163e-02
  3.80885974e-02 -1.00538423e-02 -6.53791204e-02 -4.64494713e-02
 -4.61292826e-02 -1.02665119e-01  2.76125409e-02 -1.30058611e-02
 -2.70050718e-03 -4.14002575e-02 -8.44680704e-03 -3.84605955e-03
 -2.79314015e-02 -4.20322269e-02 -3.10353488e-02  5.29842684e-03
  3.94587927e-02 -5.27575985e-02  4.30879593e-02  3.60786021e-02
  8.67057964e-02  6.32424578e-02 -2.59934422e-02  5.27681224e-02
  8.83872956e-02  7.63114914e-02  6.37519583e-02 -7.00040385e-02
 -2.02358165e-03  1.11417733e-02  2.06896514e-02 -2.11313237e-02
 -6.10094778e-02  3.94451469e-02  6.28705770e-02 -1.47704976e-02
 -3.37965526e-02 -4.55323756e-02  4.41432074e-02 -7.11168870e-02
  5.10181999e-03  8.46228078e-02 -2.44123973e-02 -3.53675708e-02
 -4.06936854e-02  2.48074643e-02 -5.70625141e-02  1.02034686e-02
  5.56331547e-03  6.71840832e-02  3.40194814e-02 -1.26892077e-02
 -6.47425698e-03 -4.13220897e-02  6.03842847e-02 -6.37230044e-03
  6.47864342e-02 -2.24181209e-02  3.50025743e-02  7.53816068e-02
 -1.42984837e-02  6.78934008e-02 -1.01097403e-02  3.15292180e-02
 -3.03401873e-02 -3.31916511e-02  2.08933335e-02  2.60743480e-02
  3.85610349e-02 -2.33357884e-02 -7.58179352e-02 -1.09065818e-02
  1.08459312e-02 -3.17326821e-02  2.37075146e-02  3.80582139e-02
 -3.89883742e-02  2.68598795e-02 -3.33778299e-02 -7.72439986e-02
  4.58103977e-02  5.48671116e-04 -3.28993350e-02  9.32474434e-03
  1.46130687e-02  4.33773175e-02 -1.13884592e-02 -1.28420815e-02
  2.91953366e-02 -7.17392657e-03  8.71367753e-03 -4.56189550e-02
 -5.86810708e-02  2.49365363e-02 -5.53855449e-02  7.40066320e-02
  2.08445080e-02  1.40190339e-02 -2.42428668e-02  3.66994068e-02
 -1.05130903e-01 -5.37139084e-03 -7.54798278e-02  5.79595678e-02
 -8.55258852e-03 -7.20332414e-02  6.00734204e-02 -4.39162217e-02
 -1.02181390e-01 -9.42835957e-02 -6.61541522e-02  2.83901878e-02
  3.51848789e-02  1.40771847e-02 -2.69468445e-02 -3.63703668e-02
 -3.81023623e-02 -8.78150295e-03  8.83441698e-03 -5.18561490e-02
  9.47003160e-03  8.66291225e-02 -7.64200743e-03 -3.38496044e-02
 -1.19600268e-02  1.20985731e-02 -4.07075845e-02  3.60420793e-02
  4.44390904e-03 -5.53775840e-02  5.82599714e-02 -6.11881576e-02
  6.25858977e-02  6.17703572e-02 -9.07336101e-02  4.01783222e-03
  7.74173625e-03  4.31466699e-02  5.20041585e-02  5.37676811e-02
 -4.13585268e-02  5.98626537e-03  2.61782333e-02 -3.39806615e-03
  1.89555567e-02  6.21843012e-03  4.96438444e-02 -2.86867861e-02
  8.75041634e-03  6.16498999e-02  5.98771162e-02 -3.30405347e-02
  2.74063908e-02  9.83443856e-02  9.06105638e-02 -3.80667183e-03
  8.61241594e-02  3.64902504e-02 -1.20594865e-02  4.16865833e-02
  3.92226912e-02  6.68379245e-03  2.95377411e-02 -9.36679766e-02
  2.13029049e-03 -1.23362606e-02  7.04272464e-02 -2.12374199e-02
 -7.87718892e-02 -1.08416781e-01  5.79265654e-02 -2.49319132e-02
  4.90199886e-02 -1.29228346e-02  9.73792002e-03 -1.80457961e-02
 -2.62054145e-05  3.75791304e-02 -3.47044207e-02 -2.99422871e-02
 -3.14966403e-02 -4.78997752e-02 -1.10869734e-02  1.04570482e-02
 -1.29240351e-02 -2.00869814e-02  5.31949922e-02  1.21106151e-02
 -1.59425102e-02  4.38164920e-02  3.88577371e-03  4.41670138e-03
 -2.53068209e-02 -5.24739444e-04 -2.59100068e-02  7.48730439e-04
 -2.11957358e-02  9.97326821e-02  1.12017408e-01 -3.60714123e-02
  2.00694650e-02  2.74145342e-02 -2.90049817e-02 -3.16563696e-02
 -3.79022025e-02  2.77296137e-02  1.08222077e-02 -9.03751031e-02
 -7.08089098e-02 -7.05139488e-02  9.75548010e-03  3.04056890e-02
  2.21390352e-02  8.90577864e-03  1.83093417e-02 -4.02888618e-02
 -6.18235096e-02 -4.98063117e-02 -2.74354517e-02  2.17304155e-02
 -4.88164164e-02 -1.69017427e-02  6.61323266e-03  1.57970730e-02
  5.89972958e-02 -6.06588423e-02 -3.67696248e-02 -7.87281990e-03
  1.40669551e-02 -4.95730666e-03  5.93570806e-03  2.21736077e-02
 -6.41649663e-02  8.23526084e-02 -2.50753649e-02  8.76098219e-03
  1.11984638e-02 -8.75983238e-02  5.12190461e-02 -5.93266897e-02
  9.86228231e-03 -3.87663618e-02  2.14750338e-02 -6.43997593e-03
  1.82271637e-02 -8.32142681e-03 -2.67146472e-02 -9.04201251e-03
  6.98908791e-02 -1.43903343e-03  2.02037934e-02  7.86308665e-03
  3.47103328e-02 -2.46466901e-02  1.71167366e-02  2.89886799e-02
 -2.73661353e-02  2.20213663e-02  1.30812377e-02  1.13386102e-01
 -1.49761746e-02  2.49044187e-02  8.68121088e-02 -3.65604013e-02
 -2.04170886e-02  2.22378634e-02 -3.73432739e-03  8.17871019e-02
 -9.31492969e-02  3.42791118e-02  3.87217440e-02 -1.47047918e-02
 -1.90528650e-02  9.88655817e-03  4.40778099e-02  4.83395495e-02
 -5.21211661e-02  2.57853828e-02 -1.01790000e-02 -2.76473425e-02
 -4.02388163e-02 -2.53236499e-02  4.27139271e-03  1.04028173e-01
  7.75039643e-02  1.01204328e-02  4.27717231e-02  3.04479934e-02
 -8.35088175e-03 -1.98953785e-02  4.79391180e-02 -5.26621938e-02
  7.14067221e-02 -2.01915745e-02  2.81897397e-03 -1.10662170e-02
  1.29126282e-02  4.32554893e-02 -7.89593789e-04  4.91246674e-03
 -3.68587114e-02  6.14520945e-02 -5.45046553e-02 -4.07457203e-02
 -1.12815835e-02 -1.82931982e-02 -1.82041768e-02  1.41232489e-02
 -5.18265069e-02 -7.11889267e-02  1.70493976e-03  2.89439131e-02
 -2.91010533e-02 -2.07051747e-02  1.78702753e-02 -5.23535833e-02
 -2.81995982e-02  4.70375717e-02 -6.24967914e-04 -1.02346450e-04
  2.19490808e-02 -1.82568897e-02 -8.03865585e-03 -3.11326049e-02
 -5.05993143e-02  3.77562568e-02  7.42283389e-02 -1.51792374e-02
 -4.40709963e-02 -7.71643221e-02 -1.89428851e-02  2.16299593e-02
 -6.41408637e-02 -1.98343210e-02 -6.43579960e-02  2.11700071e-02
 -4.80777808e-02  1.05666164e-02 -2.10217163e-02 -4.59476262e-02
 -1.16336225e-02 -3.17881927e-02 -4.92732637e-02  3.49173881e-02
  3.91776189e-02  9.44485217e-02  6.99001253e-02  2.69582849e-02
 -1.60101894e-02 -1.40254237e-02 -1.82817169e-02  5.16707078e-02
 -8.44099596e-02  2.38335896e-02  3.25711221e-02 -4.53604944e-02
  1.21525424e-02  8.78974143e-03 -2.18526572e-02 -4.11770195e-02]"
Messi,"[ 2.12713275e-02 -4.18307967e-02 -4.43071723e-02  2.78986618e-02
 -1.08252950e-01 -3.51612791e-02 -3.30881868e-03  1.24618160e-02
  1.71218775e-02 -4.83821519e-02  5.82375890e-03 -9.89879221e-02
 -5.82959445e-04 -3.11110704e-03 -6.91175181e-03  3.32069844e-02
 -2.16556583e-02 -3.01198121e-02  4.68754843e-02 -1.67811736e-02
 -4.87964675e-02 -2.22620554e-02 -6.68212250e-02  1.42340839e-03
 -1.01308273e-02 -5.53975776e-02 -7.58258179e-02  1.71394870e-02
  2.61599361e-03  3.21002491e-02  2.97456421e-02  2.17569172e-02
 -3.48593406e-02  4.38533835e-02 -9.80834812e-02 -1.80606730e-02
 -2.37802900e-02  6.20891638e-02  2.87547172e-03 -4.04799432e-02
 -1.06364014e-02  1.40083190e-02  8.36000405e-03  1.05259433e-01
  1.10488690e-01 -1.71736553e-02  2.59838812e-02 -1.13970628e-02
  5.77914678e-02 -4.48419480e-03  3.23608816e-02  6.81829080e-02
  4.89892438e-02 -1.70272291e-02 -4.20061266e-03  7.02927411e-02
 -1.90368649e-02 -3.38367112e-02  2.61528715e-02  5.18649630e-02
  1.69923548e-02 -8.72337818e-02  7.33862743e-02 -7.48871779e-03
  1.15750749e-02  5.45910709e-02 -1.74057167e-02  1.13798365e-01
 -7.95373619e-02 -1.57000553e-02 -5.68868332e-02  4.69135586e-03
  5.25647998e-02  2.32258998e-03  1.03958882e-02 -6.16445318e-02
 -2.85737421e-02  1.54433679e-02  1.13283927e-02 -2.77169384e-02
 -1.49949351e-02  4.10866812e-02 -5.16451225e-02  1.00072742e-01
 -5.75918779e-02  4.06636717e-03 -4.75985324e-03 -2.33625062e-02
  6.30601943e-02  2.67947894e-02  3.20615061e-02  2.73100492e-02
 -2.44218186e-02  4.46519218e-02 -7.10430592e-02 -1.57879515e-06
  3.34934965e-02  4.53361403e-03  1.56749953e-02 -5.80060594e-02
  5.10025164e-03 -4.06240001e-02 -7.96350557e-03 -7.34006241e-02
 -1.36026461e-02  1.59287304e-02 -2.84365658e-02 -7.51548563e-04
 -3.48878056e-02  3.11273616e-02  5.14966575e-03  2.05530357e-02
  3.37991081e-02  6.16208464e-02  4.46553156e-02  5.19771241e-02
 -1.00962641e-02 -2.62434278e-02 -4.98348214e-02 -1.12339733e-02
 -1.64438505e-02  1.91352069e-02  7.44211376e-02  5.73570617e-02
 -1.33569771e-02  3.30917612e-02 -1.58193875e-02  3.66806500e-02
  1.02956459e-01  6.17462061e-02 -9.39165987e-03 -2.43960563e-02
  2.04533599e-02  6.28731102e-02  6.59633502e-02 -2.88218129e-02
 -2.40921862e-02 -4.28761542e-03  1.31016420e-02  2.66177282e-02
 -4.64078300e-02 -9.15243383e-03  3.57583575e-02 -9.19825435e-02
  5.39099574e-02  7.98938703e-03  5.58062233e-02  2.86903568e-02
 -1.76888555e-02  1.60506424e-02  1.08699966e-02  4.30424185e-03
  4.25761752e-02 -8.58068243e-02 -8.73772576e-02  3.10861366e-03
  1.01181259e-02 -8.42482522e-02  3.66210602e-02 -2.16862243e-02
  1.32184825e-03 -3.96923386e-02  4.21406478e-02 -1.06775492e-01
 -3.49688195e-02 -8.11689794e-02 -4.20344025e-02  5.95164225e-02
  4.22800668e-02 -2.17917701e-03  7.40866065e-02  5.34633659e-02
  7.94470906e-02  5.67545071e-02 -2.20326167e-02  3.02757397e-02
  3.40576880e-02  7.38764107e-02  8.49569812e-02 -3.13166678e-02
  2.04729959e-02  7.35186189e-02  1.46346968e-02 -6.13843426e-02
 -1.22595066e-02  3.56666930e-02  3.82879227e-02  6.37111079e-04
 -2.66249459e-02 -3.82397771e-02  3.29066776e-02 -1.09617420e-01
 -2.04910263e-02  9.07533988e-02 -1.58088021e-02 -8.51279497e-03
 -1.98945031e-02  6.87341485e-03 -4.03184369e-02  1.41398069e-02
  1.65120475e-02  4.33443189e-02  1.94286574e-02  1.83387566e-02
 -1.85356736e-02 -7.04406723e-02  8.27505067e-02  1.10990796e-02
  3.60265821e-02  8.55050923e-04  3.44950962e-03  5.40999658e-02
  3.27967037e-03  7.12161288e-02  1.52551625e-02  8.57835189e-02
 -5.44569630e-04 -1.95529535e-02  5.04503623e-02 -4.96188737e-02
  4.19779569e-02 -2.66780122e-03 -4.69355285e-02  1.45610850e-02
 -8.74172430e-03 -1.34471962e-02  4.73392792e-02  5.57642393e-02
  1.09249996e-02  3.07354927e-02 -1.39328735e-02 -1.15787432e-01
  4.99723740e-02  3.09757218e-02 -7.06027150e-02  3.04523967e-02
 -5.32805398e-02  3.39576341e-02  3.66500169e-02 -4.26947959e-02
  1.67926066e-02 -6.27264846e-03 -6.38055988e-03 -8.95835757e-02
 -5.75601915e-03  3.54069285e-03 -1.99488364e-02  5.62083758e-02
  3.45863774e-02 -1.03019355e-02 -3.78145501e-02  1.05712833e-02
 -7.34024644e-02  9.26268660e-03 -3.42706405e-02  4.84260470e-02
  1.64771732e-02 -7.56587386e-02  4.17782962e-02 -4.48724367e-02
 -5.68283573e-02 -8.16304013e-02 -5.79493120e-02  2.29717139e-02
  5.39530441e-02  1.64135266e-02  1.71795790e-03 -4.41553257e-02
  1.83375401e-03  3.77296433e-02 -4.11278345e-02 -2.42291335e-02
 -1.78164281e-02  8.59445855e-02 -9.95514356e-03 -2.79049552e-03
  5.41780284e-03  2.24462599e-02 -3.80743444e-02  2.70112287e-02
 -2.98152342e-02 -3.12633216e-02  7.60058314e-02 -3.40983309e-02
  6.44452795e-02  9.06767100e-02 -7.70736113e-02  1.90648660e-02
 -1.11126546e-02  5.04017808e-02  5.34856468e-02  8.56153816e-02
 -1.94648821e-02  2.78541259e-02 -1.76278390e-02  5.58151752e-02
 -1.89550873e-02 -1.40169403e-02  3.20166685e-02 -2.21911864e-03
 -6.70534745e-02  4.52034883e-02  4.36858833e-02 -2.86628306e-02
  1.05974050e-02  6.64444417e-02  5.37852757e-02  5.92360739e-03
  5.12965769e-02  3.86638232e-02 -2.74463296e-02  1.18804174e-02
  3.91205698e-02  4.73927474e-03 -1.50431395e-02 -1.07448995e-01
 -5.04902378e-03 -3.10470629e-02  6.48375079e-02  2.74334531e-02
 -9.14318860e-02 -5.40413074e-02  4.68243137e-02 -1.70851238e-02
  8.31616670e-02 -3.81195173e-02 -1.08744241e-02 -3.17803994e-02
 -1.89767294e-02  3.04510891e-02 -1.49923554e-02 -9.82235279e-03
 -3.14234570e-02 -1.25311529e-02  6.94393413e-03 -1.08081773e-02
 -2.95735290e-03 -4.17311257e-03  8.01167339e-02 -4.17528674e-02
  1.19102849e-02  1.05762836e-02  5.44940755e-02 -1.28802769e-02
 -4.57515940e-02 -5.77872768e-02 -2.14477405e-02 -3.59731168e-02
 -2.55238581e-02  9.80483145e-02  6.31008893e-02 -3.64938006e-02
 -1.62856448e-02  6.63607940e-03  3.48412730e-02 -3.14856023e-02
 -5.88299409e-02 -7.86043797e-03 -5.33534633e-03 -7.67194778e-02
 -4.22976092e-02 -6.93681762e-02  4.37124521e-02  7.10454443e-03
 -2.37763785e-02 -4.03714478e-02 -1.75661705e-02 -3.88737395e-02
 -1.91659406e-02 -7.57818371e-02  3.66966352e-02  4.33782674e-02
 -4.34586965e-02 -5.37091754e-02 -7.76395574e-03 -1.12739792e-02
  7.24933669e-03 -1.12020345e-02  4.25383300e-02 -2.50656400e-02
 -1.75213888e-02  4.85720066e-03  1.41196372e-02  1.79856643e-02
 -9.76113677e-02  2.61203926e-02 -3.49513278e-03  1.06047168e-02
 -8.55910312e-03 -8.74803513e-02  5.93489334e-02 -1.14012510e-01
  2.26965025e-02 -4.75749783e-02  9.86470259e-04 -2.91312970e-02
 -1.86073985e-02 -1.03883091e-02 -7.37592811e-04 -2.92347148e-02
  6.11340292e-02 -1.03775384e-02 -3.02924588e-03 -1.34570925e-02
  4.99640545e-03 -3.16523202e-02  2.69365180e-02  2.31246836e-02
 -4.64538820e-02  9.81754158e-03  2.83835158e-02  1.14699177e-01
 -3.56917754e-02 -2.65006665e-02  8.42601955e-02 -6.57258462e-03
 -6.43447265e-02  1.14725670e-02  1.44660287e-02  6.26632497e-02
 -5.07762842e-02  2.05607768e-02  3.89966890e-02 -1.44751417e-02
 -1.27554396e-02 -1.73672885e-02  1.65727665e-03  5.33845313e-02
 -4.19888683e-02 -1.50140300e-02  2.67064646e-02 -8.94124433e-02
 -3.12393550e-02 -4.40204106e-02 -2.48314869e-02  5.56756668e-02
  7.75809810e-02  1.06483679e-02  6.81595691e-03  5.59149794e-02
 -7.40261609e-03  1.21040316e-03 -6.14039088e-03 -5.04087806e-02
  9.92866419e-03  8.80737789e-03 -1.78137496e-02 -4.09953371e-02
  7.78327808e-02 -6.51013292e-03  1.26019176e-02  2.48845387e-02
 -6.56151846e-02  8.81695226e-02 -4.98144999e-02 -7.25019798e-02
 -3.44795510e-02 -3.95879671e-02 -1.98119576e-03  1.15135470e-02
 -3.73270959e-02 -1.06346868e-01 -4.88897320e-03  4.40582074e-02
 -5.90525530e-02 -1.57122556e-02  3.46604623e-02 -3.09144668e-02
 -3.37125435e-02  4.51010279e-02  2.44549965e-03  1.91461341e-03
 -1.84670333e-02 -2.93163061e-02 -5.59860701e-03 -4.60537374e-02
 -6.99118152e-02  4.55660699e-03  7.36336261e-02 -8.70616932e-04
 -8.05079192e-02 -3.64961885e-02 -2.18413137e-02  2.64996812e-02
 -7.42543563e-02 -7.41398335e-02 -3.78237031e-02  9.14906804e-03
 -1.96017548e-02 -3.85286324e-02 -4.06756774e-02  1.01229157e-02
 -1.74346305e-02 -4.22567613e-02 -8.26905742e-02  5.66642396e-02
  1.46090295e-02  4.36520763e-02  5.18871360e-02  3.56359733e-03
  1.07532376e-02  4.77904407e-03 -5.39907664e-02  6.94622397e-02
 -2.79486086e-02 -2.96175405e-02 -2.40014610e-03 -8.49142224e-02
  1.48292808e-02  1.07812602e-02  6.24234136e-03 -5.24822213e-02]"
Messi,"[ 0.03403233 -0.08136952 -0.05885874  0.01922524 -0.0872668  -0.04282537
 -0.00130212  0.09474891  0.00776839 -0.06420623  0.01018512 -0.08875997
  0.0679194  -0.02334552 -0.01983957  0.0651113  -0.01979019 -0.02122392
  0.04868605 -0.04256651 -0.07022523 -0.00740198 -0.0543751  -0.06888071
 -0.0070208  -0.06308471 -0.08264174 -0.01375834  0.03149426  0.07195193
  0.00787504  0.00348378 -0.01157718  0.03435847 -0.08192281 -0.01323046
 -0.04252961  0.061568   -0.05042105 -0.03862186 -0.0132197   0.03774012
  0.06435386  0.0938691   0.07345688  0.02785967  0.00386697  0.00412648
 -0.00777127 -0.03359846  0.00704244  0.04410086  0.06743314 -0.01177674
 -0.03328825  0.05687     0.01880467 -0.00827941  0.00455077  0.04339619
 -0.00134683 -0.07741052  0.04388884  0.00970947 -0.03018406  0.04307662
 -0.02715667  0.06132196 -0.05528925 -0.0298971  -0.07407101 -0.01556644
  0.07025171 -0.05659752  0.01875443 -0.06160513 -0.02404053  0.01123358
  0.00028984 -0.03684797 -0.00550593  0.00918303 -0.02443525  0.05103147
 -0.04283665  0.0249069  -0.0247685   0.00180725  0.0507209   0.01307831
  0.03213567 -0.01401435 -0.01180192 -0.00484064 -0.05084234 -0.00760767
  0.04659319 -0.00398034 -0.0229408  -0.02376839 -0.00310246 -0.05215032
  0.02472925  0.02227665 -0.02325238 -0.02028417  0.0190773  -0.0232663
  0.00636885  0.04796944 -0.05474741  0.063529    0.02423518 -0.03227436
  0.01366895  0.02313678 -0.0360726   0.01111692 -0.00789283  0.01234656
 -0.00795645 -0.02024691  0.03206363 -0.01440228 -0.01041226  0.02933568
  0.01916507  0.02398441  0.09310931  0.04088598  0.00920323 -0.03336876
  0.01734013  0.10644492  0.06228761  0.02298251  0.00394738  0.01384531
  0.04708512  0.02322858 -0.04263428 -0.00219089  0.0035262  -0.06755535
  0.07396667  0.00236833  0.07512519  0.01299427 -0.02698922  0.05447142
  0.07403286 -0.03994813  0.01655973 -0.04561057 -0.06757427 -0.00438181
 -0.04637888 -0.07437823  0.0361987  -0.00633546 -0.01092442 -0.05538385
 -0.00053968 -0.07755405 -0.01788764 -0.03479443 -0.05841136  0.035228
  0.00717993  0.00126927  0.10255631  0.04007824  0.09253332  0.0785448
  0.01909047  0.0351803   0.05968219  0.03616168  0.04431567 -0.04837938
  0.00457835  0.08606805  0.01207684 -0.05795072  0.02849782  0.06095381
  0.09581905 -0.01094761  0.01157709 -0.06993835  0.06429046 -0.06067086
 -0.01717037  0.03317799  0.03271023  0.01257906 -0.02882449  0.02985333
 -0.0616293  -0.01084115  0.04102246  0.06474988  0.05037856 -0.03800177
 -0.05229038 -0.00132227  0.07957887  0.0233544   0.0460484  -0.01002128
  0.00739889  0.05040797  0.02745477  0.0689597   0.03840677  0.06903767
  0.00784322 -0.03471239  0.06491704 -0.00448227  0.02328309 -0.02252051
 -0.08645211 -0.00442288 -0.02272732 -0.03460894  0.02253862  0.01489026
 -0.01641546  0.01600877 -0.0222899  -0.0601625   0.03505986  0.00709686
 -0.09437411  0.01708842  0.0138616   0.01487498  0.02730871 -0.05019886
  0.02366723 -0.01261616 -0.01383297 -0.09864789 -0.02932485  0.03330423
 -0.03032538  0.03807423  0.00342538  0.02572677 -0.01313736  0.01564615
 -0.0652658  -0.00290912 -0.05997199  0.08975602  0.00533987 -0.08847425
  0.06131041 -0.04443428 -0.07887619 -0.09515005 -0.03621566  0.02880721
  0.0336349  -0.00158279 -0.00492667 -0.02823196 -0.03639741 -0.00749873
 -0.01472434  0.01881767  0.01126327  0.05384198 -0.02828547 -0.02427011
  0.03749519  0.00679949 -0.03416101  0.0562234  -0.0178342  -0.00499878
  0.07464778 -0.07463467  0.02321902  0.05446716 -0.04962922  0.01568199
 -0.00440147  0.02760155  0.05689172  0.04462054 -0.04917007  0.09067266
  0.02238244  0.01785751 -0.01231524 -0.03057425  0.02805678  0.02061723
 -0.04567921  0.02966657  0.07036055 -0.04030815 -0.00263261  0.09666249
  0.05868031  0.00034306  0.03984264  0.0512169  -0.06695166  0.03799558
  0.00286687  0.00390908 -0.00582173 -0.07866618 -0.00250818 -0.03070515
  0.08596888 -0.02838062 -0.08325058 -0.06845719  0.02968687 -0.04424411
  0.01337222  0.00659829 -0.04192064 -0.01360826 -0.02249606 -0.01043038
  0.03257953  0.01189633 -0.01019602 -0.05446331  0.01307315  0.04493879
  0.02035504  0.00576298  0.03461577 -0.05775514 -0.0024819   0.04667453
  0.03189109  0.00361936 -0.06486543 -0.07028871 -0.0215162  -0.0248479
 -0.01902316  0.06532455  0.06208473 -0.01210987  0.02744845  0.0099427
  0.00144427 -0.07960977 -0.03826869  0.01839307 -0.01846226 -0.07422867
 -0.05958615 -0.05904481  0.03003564  0.02507908 -0.01243675 -0.00102883
 -0.015202   -0.036367   -0.01226543 -0.03229623  0.02463962  0.01797764
 -0.08937438 -0.04962034 -0.04969143 -0.01240533  0.03418276 -0.02641381
  0.04551512 -0.01503837 -0.02834999 -0.02404797  0.01830797  0.00893582
 -0.05119102  0.02924962  0.01243936 -0.02313433 -0.01941838 -0.11745004
  0.11255234 -0.09692627  0.00823853 -0.03778655  0.03877065 -0.02173063
  0.04214847  0.0335841   0.02507372 -0.04896174  0.06291063  0.01733935
  0.00700654  0.03361519  0.02065625 -0.0136224  -0.01910227 -0.00765379
 -0.05687085  0.01494119  0.05119755  0.09736573 -0.03592248 -0.06401921
  0.08338691 -0.01584062 -0.02130684  0.01621923  0.04369373  0.0823883
 -0.04957396  0.02375789  0.07313117 -0.01874726 -0.03924185  0.00603285
  0.00168506  0.04816037 -0.03458779 -0.005888    0.02463259 -0.04774001
 -0.06511136 -0.00911689  0.02239163  0.09310476  0.09031583  0.00103944
  0.00849553  0.04485624 -0.02956435 -0.02890826  0.0294873  -0.03012746
  0.05873258 -0.01977969 -0.02703563 -0.05599805  0.0247444  -0.01315017
 -0.02324042  0.01620412 -0.04950903  0.05281219  0.00550786 -0.07738609
 -0.01570409 -0.06154512 -0.04549764  0.0206466  -0.01876803 -0.03991671
  0.03735086  0.03153408 -0.02842714 -0.00150524  0.06187284 -0.05256524
 -0.05218294  0.03593851  0.01442652 -0.0283934  -0.00300179 -0.01370222
 -0.01703268 -0.02445363 -0.07119916  0.02058539  0.07112411  0.02971693
 -0.10013881 -0.08489682  0.01030624 -0.01098489 -0.06776923 -0.03328579
 -0.07672153  0.02911787 -0.06843284 -0.00337058 -0.04495522 -0.01905744
 -0.00632516 -0.07179821 -0.04712517  0.03993165  0.03905211  0.04688035
  0.07792887 -0.0129255  -0.00675699 -0.04115162 -0.05667337  0.02615006
 -0.06189242  0.02528412  0.01364199 -0.09118202  0.01937319  0.01102878
 -0.05191034 -0.06945182]"
Messi,"[ 0.03707057 -0.05994947 -0.05232219 -0.00155843 -0.08384813 -0.02515822
  0.01173205  0.01531645  0.01722212 -0.06406458 -0.01643071 -0.0722244
  0.01598576 -0.03225706  0.01396682  0.06733612  0.00662456 -0.01515358
  0.05678629 -0.01146921 -0.01204126 -0.04249006 -0.0080276  -0.02404292
  0.00964372 -0.05767923 -0.04980891  0.03184777 -0.00315311  0.0712878
  0.03080448 -0.01455462 -0.0650348   0.05412221 -0.06743591  0.00459741
 -0.00084191  0.05825647 -0.04305169 -0.02198219  0.04015005  0.02444462
  0.00694948  0.08969446  0.10595068 -0.00676275  0.00543986 -0.01331136
 -0.00186408 -0.00533525  0.00191415  0.01256001  0.02275009 -0.02123412
 -0.02389064  0.01439518  0.01637664 -0.02635867  0.03913375  0.05883634
  0.01499679 -0.05272041  0.06636143  0.01484615  0.03802363  0.02514253
  0.02550761  0.0463797  -0.09963013 -0.01505209 -0.06500889  0.01415936
  0.04431198 -0.03981065  0.04228087 -0.06592876 -0.00857552  0.04834074
  0.01538469 -0.0423624  -0.0102394  -0.00905258 -0.03014806  0.02718204
 -0.05219506  0.00057017 -0.0551257   0.01237186  0.02734062  0.00997062
  0.06938542 -0.00848835 -0.05425952 -0.01500841 -0.05345189 -0.02310706
  0.07884784  0.02629344 -0.00187213 -0.03160873 -0.00124061 -0.08534487
 -0.04960775  0.01751669 -0.05470268  0.01482681  0.03270638  0.02852035
 -0.00132128  0.11338302 -0.03747842  0.00028686  0.08900753  0.00921827
  0.04858488 -0.01666731 -0.08480363 -0.02984146  0.01451103  0.04326558
  0.01502734  0.00166191  0.05424936 -0.01585853 -0.01766994  0.02543713
 -0.00838511  0.03305309  0.04426396  0.01765083  0.01200928 -0.05974903
 -0.00637878  0.09121893  0.03952065  0.03090375  0.01962148  0.01123401
 -0.00188985 -0.02378901 -0.02177569 -0.02364546  0.02461134 -0.02316828
  0.0501972  -0.04252743  0.08592085  0.02273299 -0.03175212  0.00961057
 -0.03432571  0.01378968  0.03203486 -0.06935373 -0.07099131 -0.03095111
 -0.06520145 -0.08951399  0.02608817  0.01456522 -0.01786081 -0.02753392
  0.02218518 -0.04436885 -0.04872977 -0.00922838 -0.04877232  0.00253238
  0.02813627 -0.05110792  0.06049822  0.01911689  0.10649985  0.0862877
  0.04956262  0.05127115  0.04692022  0.04851941  0.04683427 -0.05598455
 -0.00677103  0.07579476  0.02068573 -0.03363026 -0.0067229  -0.00276748
  0.06035133 -0.00501495  0.04793443 -0.04720353  0.02754704 -0.11495086
 -0.00589676  0.07786943 -0.01446133 -0.00147835 -0.01829558  0.05397327
 -0.06199265 -0.00031912  0.03201747  0.01888727  0.02685862  0.01044814
 -0.01272815 -0.04940133  0.10827655  0.00715317  0.05113752 -0.01386944
  0.01197841  0.07789461  0.00959802  0.03569618  0.04070445  0.05315982
  0.01969952 -0.04756298  0.06128301  0.01836903  0.02161408 -0.04003968
 -0.10032365 -0.00325613 -0.03985878 -0.01984485  0.05271564 -0.00451059
 -0.05054875 -0.01616645 -0.02750795 -0.04722083  0.07519044  0.0202347
 -0.0480708   0.03505461  0.00732498  0.05112864 -0.02729182 -0.03788242
  0.00469774  0.00166068  0.00673094 -0.08152563 -0.01307456  0.02587032
  0.01245916  0.03381199  0.00892345  0.02664302 -0.02483216  0.00956472
 -0.05745215 -0.02928206 -0.08531611  0.0462725  -0.01216859 -0.08635891
  0.03944261 -0.01902693 -0.0683859  -0.06812687 -0.08448805 -0.00453647
  0.04478971  0.03239418 -0.0404019  -0.00158547 -0.04051586 -0.0401725
  0.03114805  0.02161898 -0.00545067  0.03953598 -0.02536254 -0.04358888
  0.0252732   0.01075704 -0.00894798  0.03197367 -0.0041874  -0.05239375
  0.10330346 -0.03137076  0.06558798  0.02453966 -0.03718324  0.02779707
  0.00362447  0.05385654  0.04758481  0.02924845 -0.06331416  0.06855267
 -0.00432747  0.01409702  0.0018679   0.02720157  0.01287791 -0.03135404
 -0.03621562  0.00671692 -0.00706459 -0.00213883  0.00548256  0.12835807
  0.04160544  0.02855882  0.08804404  0.09269777 -0.02174655  0.04018903
  0.01511968  0.03604815 -0.04372538 -0.04524447 -0.00502049 -0.03166843
  0.04905446 -0.04163852 -0.06231529 -0.1254164   0.03222629 -0.02096143
  0.02685781 -0.02571699 -0.01814156 -0.02564051 -0.02421959  0.00936829
  0.0152768   0.00398968 -0.00221271 -0.06608961  0.00459497  0.04218387
 -0.00505243  0.02745634  0.05362125 -0.03401364 -0.03605735  0.01603937
 -0.00977985  0.05047989 -0.04108308 -0.03364467 -0.00080867 -0.01831873
 -0.05065092  0.05804158  0.05537566 -0.0224396   0.04054047  0.04155016
 -0.01513086 -0.02958509 -0.04455297  0.01367299  0.0423891  -0.04656841
 -0.05578325 -0.06069626  0.03322304  0.0005493  -0.04206949  0.02633939
 -0.04049173 -0.06411184  0.03172951 -0.02773488  0.00999616  0.04045665
 -0.09447031 -0.01898565 -0.02399204 -0.01352008  0.08877221 -0.01454387
  0.05417134 -0.00491955  0.01502697 -0.00088449  0.03985945 -0.01207799
 -0.05682368  0.05178359  0.0174067   0.01260977 -0.01442946 -0.08246326
  0.05845879 -0.077943    0.02715207 -0.00784965  0.01752228 -0.04354667
 -0.01046879  0.02987364  0.02656713 -0.04766656  0.10417482  0.0079266
  0.02250602  0.01078814  0.04362871 -0.0401643  -0.01953623 -0.03346237
 -0.03986427  0.03997458  0.04889623  0.07665998 -0.03860252 -0.01126202
  0.12669672 -0.06998642  0.01082163 -0.01222643  0.02719444  0.02590377
 -0.05510985  0.05564509  0.09958386 -0.00734206 -0.017235    0.01900262
  0.01512776  0.05554463 -0.09115352 -0.00634418 -0.01224958 -0.02856651
 -0.05408499 -0.06960831  0.02334065  0.10991971  0.06844304  0.04041919
  0.00173834  0.03609147 -0.03421577 -0.0329685   0.02723236 -0.01255523
  0.03983136 -0.07641516 -0.00315472 -0.03751522  0.02866465  0.0577831
  0.01538329 -0.03777898 -0.11976764  0.10807132 -0.01374326 -0.03507495
 -0.01284815 -0.05773602 -0.0140173  -0.00842359 -0.0222679  -0.05576797
 -0.02706672  0.04783528 -0.01766785  0.00489789  0.05068806 -0.0339512
  0.00133438  0.08222669  0.06898659 -0.01648189  0.01352712 -0.0026126
  0.00947868 -0.02045492 -0.05168062  0.03665272  0.09676555  0.01534087
 -0.06907466 -0.0600408   0.00190611  0.04821993 -0.08851239 -0.02426802
 -0.02088573  0.0214816  -0.02977673  0.00024352 -0.01274275  0.018701
 -0.02822423 -0.06064041 -0.05997081  0.08442178  0.00134369  0.0500072
  0.08475776  0.01932981  0.00124631 -0.02095688 -0.04406778  0.02634908
 -0.0647858  -0.01475478 -0.01639698 -0.07779139 -0.02538091  0.01016971
 -0.01309011 -0.06071122]"
Messi,"[-0.01701327 -0.07009114 -0.06343731  0.00868781  0.00184098 -0.02040558
  0.06685337  0.01206618  0.05109813 -0.00383219 -0.0429663  -0.07693553
  0.00681458 -0.06667119  0.02223997  0.07331386  0.01971144 -0.02830837
  0.0413814   0.02785831 -0.05917277  0.01707446 -0.08260152  0.02121519
 -0.01192066 -0.01255931 -0.08995321  0.04763129  0.01624778  0.05208771
 -0.0348188   0.01088313 -0.05124611 -0.00347414 -0.03622223 -0.01074351
  0.01544939  0.02302906 -0.01374414  0.00872289  0.03022713  0.07428452
  0.04594582  0.01367996  0.04273266  0.03669352  0.07694182 -0.0165401
  0.04326248 -0.0138014   0.03233668  0.02510976 -0.00645065 -0.04561777
  0.03898301  0.0375374  -0.00844893 -0.04082618  0.06413141  0.02748599
 -0.03228237 -0.05790864  0.02589198 -0.05053518 -0.06071046  0.02033835
 -0.02519144  0.05624198 -0.08543426 -0.02934945 -0.07336263 -0.03656879
  0.02674554 -0.03992135  0.03406007 -0.03920787  0.03031892  0.05719203
 -0.00282912 -0.07176326 -0.02296623  0.00202046 -0.04452883  0.03311085
 -0.0427338  -0.00186995 -0.05659414 -0.04177423  0.00902718 -0.0024983
  0.02348505  0.00499304  0.04195479  0.04518646 -0.04088459 -0.0153063
  0.03083213  0.00754675  0.04619851 -0.02556946 -0.04857033 -0.02478733
 -0.00110784 -0.04671632 -0.00596246 -0.07476477 -0.03163573 -0.02171915
  0.04458908  0.09069173 -0.04904854 -0.00153326  0.03326505  0.01353115
  0.03149496  0.02839305  0.00774866 -0.02795585 -0.02956435 -0.01775729
  0.00644897 -0.01521333  0.09778912 -0.02744061  0.06000936  0.00282452
  0.03059557 -0.00976275  0.03436882  0.07388254  0.01773468 -0.02827643
  0.00448239  0.05411678  0.00643247 -0.00399523  0.01161412  0.0141252
  0.0883845  -0.00611851  0.00905405 -0.05748899  0.04017534  0.00859726
  0.07956569 -0.04506921  0.03608786 -0.01284261 -0.01064218  0.01281121
  0.03643765 -0.02449124  0.08968769 -0.01001449 -0.08445526 -0.0509492
  0.0048649  -0.05360986  0.01798309 -0.00466873 -0.02615689 -0.04494993
 -0.04833996 -0.07565901 -0.01314174 -0.0135525  -0.0035764  -0.01105259
  0.04853475 -0.03526881  0.06103685  0.04394302  0.08723941  0.06381957
  0.05517917  0.04858072  0.07349852  0.05694046  0.08250944 -0.05569921
 -0.03463255  0.06553171  0.01490274 -0.04197817 -0.04259829  0.04195827
  0.06002658 -0.03968993  0.02092955 -0.00153181  0.06113373 -0.03151405
 -0.02451463  0.06648651  0.02549794 -0.00662143 -0.00340552  0.05063279
 -0.03919566 -0.04981293 -0.02761879  0.02381828  0.071382   -0.05549327
 -0.01935297 -0.02217649  0.09303385  0.04450271  0.04905929  0.00224456
 -0.00242344  0.00445892  0.01259223 -0.00714688  0.05522381  0.05702364
 -0.03392359 -0.07173438 -0.04595429 -0.02030226  0.05808261 -0.0402633
 -0.04961831 -0.00646078 -0.06767503 -0.04683807  0.0356032   0.03222398
  0.05799452  0.06205484 -0.04094918 -0.09406067 -0.01283598  0.03053471
 -0.0491564   0.00523466 -0.01965608  0.01239264 -0.01841936 -0.01741602
  0.03056786 -0.01140894  0.00688777 -0.0547921  -0.0513942  -0.01005468
 -0.03791467  0.02312597 -0.02331883  0.04000894  0.03086401  0.07357227
 -0.04481368 -0.04315891 -0.05786348  0.06410237 -0.06431799 -0.08908588
  0.0457055  -0.08772491 -0.11903552 -0.03912517 -0.02199066  0.03374394
  0.0524035   0.01425358 -0.03140553  0.03404566 -0.03322853 -0.04464995
 -0.03063181 -0.01478989 -0.05339385  0.05474802 -0.03560615 -0.06529907
 -0.03497967  0.05988736 -0.04865568  0.09141871 -0.02036482  0.02705517
  0.08079678 -0.0136719   0.03547154  0.01129166 -0.04871916  0.03336391
 -0.01041063  0.04634159  0.02619665  0.07762954 -0.0840897   0.07006849
  0.04646209  0.04558175  0.01986245 -0.04599448  0.00331844 -0.05413205
 -0.04833765  0.05867798  0.01033577 -0.00645719 -0.03661501  0.09383273
  0.04990753  0.01627753  0.07525922  0.01137346  0.00552146  0.01845184
 -0.03917357 -0.02153997 -0.03890831 -0.06335402  0.02251077  0.01283284
  0.07278047 -0.07387933 -0.07193007 -0.01363828  0.0776272   0.01122423
 -0.01958417  0.01029253 -0.06750038 -0.04163895 -0.09188588 -0.00512405
 -0.08792451 -0.00759307  0.08156625 -0.08105547 -0.03297612 -0.01908298
  0.04897644  0.01331597  0.05165839  0.00125938 -0.00474803  0.04684366
 -0.05871476  0.00911133 -0.01378973 -0.05869709  0.00878461 -0.01161078
 -0.03073246  0.03640603  0.1011121   0.04926003 -0.01792942 -0.00306465
  0.00035627 -0.07467188 -0.02481637 -0.01541979  0.01339383 -0.04805415
 -0.02457209 -0.01839499  0.05238471  0.005314   -0.00835354  0.06557062
 -0.04105061 -0.05265195  0.00163986 -0.01115923 -0.02765204  0.00320828
 -0.09706776 -0.04443995 -0.03706133  0.00240899  0.0134814  -0.02173484
  0.08198746 -0.00975249 -0.03109395 -0.02785694  0.00609898  0.05240097
 -0.02312297  0.08691109  0.00236708 -0.01188372 -0.01697969 -0.09281382
  0.06128555 -0.04076947  0.03615008 -0.01736638  0.02862165  0.00628147
  0.03446798 -0.03823257  0.03673714 -0.03767257  0.05666496 -0.04633123
 -0.03109475  0.05224708  0.02433898 -0.02424631 -0.03104546  0.01867899
  0.00075934 -0.00223579  0.04856846  0.04116859  0.02077958 -0.09364796
  0.03693538  0.04683142 -0.01425247 -0.03658203  0.02410854  0.07157671
 -0.03279239 -0.01930564  0.05263714 -0.017016   -0.03667801 -0.0108831
  0.01160109  0.04301796 -0.10270411  0.05942028  0.02085335 -0.02514322
 -0.03373147  0.01250392  0.03944455  0.09094984  0.07154278  0.02994566
  0.00393253  0.04449345 -0.04763877 -0.00580215  0.01752049 -0.0552944
  0.08300146 -0.06897543  0.01695214 -0.03744381  0.0306662  -0.00943522
 -0.00442648 -0.0301228  -0.05212682  0.05278004  0.01979918 -0.05216873
  0.00627318 -0.10335556 -0.04869945 -0.02315344 -0.0125747  -0.02216397
 -0.01068975  0.02412661 -0.0649996  -0.01933319  0.03740098 -0.05164424
 -0.04393419  0.02734324 -0.03834314  0.00169611 -0.07577801  0.04848383
  0.04896359  0.02749135 -0.03595731  0.03974904  0.05395786  0.04929768
 -0.05717311 -0.02899713 -0.04013565 -0.01418951  0.01952044 -0.03934126
 -0.07316625  0.01305065 -0.06578846  0.03822816  0.01376067 -0.03403503
  0.00738088  0.00866085 -0.06115548  0.07867822  0.02943189  0.02918056
  0.02502038  0.02557662  0.02813332 -0.03813615 -0.00045138  0.01370042
 -0.04955762 -0.03689658 -0.01701364 -0.0513504   0.0998714   0.02794785
 -0.06811353 -0.00929788]"
Messi,"[-2.49544270e-02 -4.39590812e-02  2.54520848e-02  9.11430921e-03
 -6.21149763e-02 -1.41811976e-02 -6.33058324e-02  1.40769337e-03
 -1.69140808e-02  1.18264686e-02  8.49695653e-02  3.97407115e-02
  3.47396098e-02  2.89395787e-02 -7.10729230e-03  7.29332641e-02
  4.28331830e-02  6.45168498e-03 -1.36040282e-02 -4.10496397e-03
 -1.98629927e-02  1.83881149e-02  4.88210991e-02 -8.95775780e-02
 -5.65134361e-02 -3.86956818e-02  1.47514753e-02  3.64445965e-03
 -1.68302679e-03 -1.23972036e-02 -1.17625361e-02  4.36922088e-02
  5.58900796e-02  1.92248635e-02 -7.11568296e-02 -1.58760715e-02
  2.23998097e-03 -7.36476155e-03  2.09871363e-02 -1.58961620e-02
 -2.58259736e-02 -4.57409248e-02  8.00407380e-02  8.01209137e-02
  5.04898988e-02 -1.87976973e-03  7.26310313e-02 -2.58841515e-02
 -4.06739824e-02  3.13613415e-02  7.79728347e-04  6.48723766e-02
  3.62378806e-02  2.33898615e-03 -4.23458479e-02  7.53436191e-03
 -2.56341277e-03  2.94704121e-02 -3.36603746e-02  1.87760741e-02
  1.65934004e-02  1.28003471e-02 -5.78713976e-02  1.54439164e-02
 -1.38419922e-02  1.23291053e-01  7.89379294e-04  3.43862199e-03
  1.47464639e-02 -1.03909476e-02  7.21559376e-02 -2.74320580e-02
  1.09065309e-01  3.59972902e-02 -1.42146602e-01  6.86737075e-02
  4.60484531e-03 -3.36386859e-02 -8.40755105e-02 -1.20988786e-02
  1.93752963e-02  3.67729515e-02 -2.69251931e-02  2.44742241e-02
  5.19705527e-02 -5.77779813e-03 -2.28670556e-02  5.88263124e-02
 -3.24867889e-02  3.67280766e-02 -4.23731655e-02 -1.02659119e-02
  7.07134092e-03 -1.53051438e-02 -1.40972696e-02  9.11238045e-03
 -7.89112747e-02  2.92926375e-02 -1.31733892e-02 -4.57500964e-02
 -6.33165298e-04  3.74922529e-02  1.58634819e-02  5.24142524e-03
  1.55954855e-02  3.99304219e-02  6.48955181e-02 -8.16847607e-02
 -8.79666358e-02 -3.74331996e-02 -8.16109926e-02 -3.47253792e-02
 -5.57363182e-02  9.45114717e-03 -4.57396694e-02  1.51689248e-02
 -4.79462044e-03  5.21594100e-02  7.50769302e-02 -1.82166847e-03
  2.10168911e-03 -6.81926161e-02  1.01287495e-02  2.45263521e-02
 -5.50910942e-02 -1.82518661e-02  3.50268348e-03  5.36882095e-02
  5.60191087e-02 -8.14999789e-02 -5.06875990e-03  9.28790774e-03
 -2.53324211e-02 -1.45735848e-03 -2.35443916e-02 -1.88007634e-02
 -8.10519457e-02 -6.78954348e-02 -2.41965428e-03  8.99130944e-03
 -1.98958833e-02  1.62815936e-02 -3.60976048e-02 -5.68301044e-02
 -5.72000779e-02 -9.28356720e-04  7.03165773e-03 -4.49605696e-02
  2.41677910e-02  7.73286298e-02  7.29812831e-02 -1.56037364e-04
 -4.29541208e-02  3.78146432e-02  1.45249311e-02  3.41055132e-02
 -3.74365263e-02 -3.88499163e-02  3.65922116e-02 -2.93361377e-02
  6.02893345e-02  1.86876568e-03  1.46439206e-02  2.10843328e-02
  7.21654221e-02 -1.00414053e-01 -1.29893590e-02 -3.26117426e-02
  6.04310594e-02 -1.70225631e-02 -7.79343173e-02  6.05212264e-02
 -9.95363370e-02 -5.37135899e-02 -6.60009980e-02 -4.57178615e-02
  2.79309005e-02  1.95233319e-02  6.09619580e-02 -1.71578787e-02
 -2.10196804e-02  2.76902542e-02 -3.17970961e-02  1.01810284e-02
 -3.08644027e-02 -1.55194532e-02 -6.38658321e-03  6.50398955e-02
 -4.84405905e-02  1.09644439e-02  4.93884981e-02  1.29504036e-02
 -1.54963415e-02  7.60143399e-02  2.72442158e-02  3.09218876e-02
 -1.87305885e-03 -5.99339092e-03 -4.92954478e-02  7.76457340e-02
  7.66967312e-02  3.09894234e-02 -1.07400781e-02 -1.23567646e-02
 -7.12719783e-02  6.43243715e-02 -3.13502550e-02 -9.88669414e-03
 -7.72724971e-02  1.82023121e-03  3.55486274e-02  6.66967183e-02
  3.78527888e-03  4.79088314e-02 -6.97059557e-02 -5.17108515e-02
 -2.30413340e-02  1.49742924e-02  3.04725114e-03  6.43932149e-02
  7.56553188e-03  2.61708605e-03  6.87324330e-02 -3.45536657e-02
  2.15952992e-02  3.12838424e-03  1.21906372e-02 -2.66761461e-04
 -3.45539376e-02  6.96789846e-02  4.21758518e-02 -7.24498034e-02
  4.90630865e-02  2.34092176e-02 -6.69775158e-02 -8.26656353e-03
  6.42917901e-02 -6.05317466e-02  1.65708866e-02  3.61492559e-02
  5.22568151e-02  2.89189536e-02  3.81645523e-02 -7.81695824e-03
 -6.28649965e-02  5.60487574e-03 -1.20251104e-01  9.50276405e-02
  2.54645268e-03 -5.74696111e-03 -6.69188648e-02 -1.40690384e-02
 -2.86405757e-02 -8.10815080e-04 -4.00225036e-02  6.05203472e-02
  6.38701916e-02 -1.81247983e-02  3.90462987e-02  1.79190412e-02
 -4.04583494e-04 -8.04513842e-02 -1.38162272e-02  6.72285110e-02
 -2.22666971e-02  5.70964105e-02 -2.18090997e-03 -1.00169964e-01
  5.54854125e-02  5.74609116e-02 -2.77658291e-02 -2.28800345e-02
  7.64294639e-02  1.90874953e-02  2.44305637e-02  5.87846786e-02
 -4.00789939e-02  5.67664672e-03 -4.10351939e-02 -1.36594484e-02
 -6.27363753e-03  1.16455753e-03  3.55467713e-03 -6.23098463e-02
  2.89245024e-02 -9.96436179e-03  1.46989041e-05  6.59674732e-03
  2.50685476e-02 -4.31420133e-02  6.32806122e-02  5.66661209e-02
 -3.27795022e-03 -3.47058550e-02 -4.84653339e-02 -2.52124555e-02
 -9.20618791e-03  1.66384187e-02  6.17678277e-02  3.00693959e-02
 -2.96930447e-02  1.71204992e-02  2.26815511e-02 -8.37542415e-02
  6.73346370e-02 -1.88438427e-02 -1.94772671e-04  1.44351404e-02
 -6.14668690e-02 -3.93214971e-02  2.57530771e-02  2.29744259e-02
 -4.38324139e-02 -7.10252225e-02  8.34692386e-04  2.04715952e-02
 -3.75515968e-02  5.09269200e-02  7.39631802e-02  3.68224457e-02
  1.13902977e-04 -7.18266070e-02 -2.12623551e-03  2.23445483e-02
  5.49191944e-02  3.27144973e-02  2.72157658e-02  7.36517385e-02
  8.36575478e-02  3.66947539e-02  3.27349380e-02 -1.46598434e-02
 -8.48544985e-02  3.08575891e-02  4.94297966e-02  7.18495697e-02
  1.22321965e-02 -9.82249826e-02  2.30870745e-03 -3.25480849e-02
 -4.99892468e-03  2.40684673e-02  3.72135825e-02 -8.30012187e-03
 -2.69036498e-02  3.10781393e-02  3.74172232e-03 -2.41947491e-02
  9.31955595e-03  1.05681434e-01  5.92810772e-02 -2.92818081e-02
  2.32631806e-02  1.71546042e-02  6.11147881e-02 -2.15666238e-02
 -2.38477346e-02  2.91170515e-02 -4.58331704e-02  1.43058812e-02
 -2.58019101e-02 -5.86312152e-02 -3.32761593e-02 -4.91557792e-02
  3.55626456e-02 -4.28130850e-02  2.30716839e-02  2.36843573e-03
 -4.07134332e-02 -4.99468148e-02 -4.32951562e-02 -8.45568953e-04
 -1.39420442e-02  1.25304507e-02  7.77553320e-02  7.87991434e-02
 -2.66934908e-03  1.65173598e-02 -3.92317548e-02 -1.14727458e-02
 -2.70336159e-02  4.15183417e-03 -1.42929354e-03 -5.44273742e-02
 -3.82961072e-02 -1.79893617e-02  2.23839693e-02  3.14432546e-03
 -1.10673681e-02 -9.57352221e-02  1.07192015e-02 -4.10247445e-02
 -3.88994515e-02 -6.09156154e-02  8.02172124e-02 -1.71343423e-02
 -2.83605978e-03  8.77246540e-03 -4.13237773e-02  8.38666037e-03
  4.41305572e-03 -1.47840567e-02  3.27362120e-02 -4.55520116e-02
 -5.03872223e-02 -1.15217529e-02  7.16459751e-02 -1.75977945e-02
 -1.76152177e-02 -7.50464946e-02  2.21164402e-04 -3.71303745e-02
  5.42677902e-02  5.04292585e-02  1.32288598e-02  7.61217400e-02
 -1.79097261e-02  5.59059456e-02 -1.13149947e-02  1.54327722e-02
  4.34495956e-02  4.44046147e-02  1.07226316e-02  4.53858525e-02
 -3.04852761e-02 -2.43542157e-02 -2.54272670e-02  4.94726077e-02
  7.56878033e-02 -2.15305351e-02 -5.20460717e-02 -1.45508014e-02
 -1.31246541e-03  2.18360731e-03 -2.71428004e-02  7.77032319e-03
  5.41194379e-02 -2.25900915e-02 -1.54608870e-02 -4.30254117e-02
 -8.63666367e-03  4.35621990e-03  1.18073989e-02 -4.16934118e-03
 -2.93346420e-02  4.25428078e-02  6.28986135e-02 -3.09729539e-02
 -1.13884071e-02  3.60919647e-02 -1.88788604e-02  1.19281523e-01
  4.56038602e-02 -2.28692144e-02 -2.66278908e-02 -2.15051714e-02
  1.54225389e-03  7.59262368e-02 -3.67240533e-02  6.36719540e-02
 -2.38636080e-02 -1.04708515e-01  3.71237122e-03  6.11432688e-03
  2.32163575e-02 -2.01814398e-02 -7.09930062e-02  7.24601839e-03
  2.85017453e-02  1.83823407e-02  4.60274108e-02  7.72990063e-02
  5.73639572e-02 -2.93997806e-02 -6.91836402e-02 -6.06907457e-02
  5.81339607e-03  1.51285008e-02 -1.56119326e-02  3.74232000e-03
 -1.45678958e-02 -6.66529685e-02 -1.20795704e-02  1.83312094e-03
 -5.05844839e-02  4.20208275e-02  7.95765023e-04  3.77757326e-02
  7.41450954e-03 -5.41284308e-02 -3.57249286e-03 -3.18596349e-03
 -4.06546369e-02 -5.34898005e-02 -2.36849646e-05 -9.46392566e-02
  8.20922777e-02 -2.84105502e-02  1.35089504e-02 -3.89864817e-02
 -8.69951919e-02  2.95884721e-02 -1.14273645e-01  1.20849758e-01
 -4.43089753e-02  4.00054082e-02  4.43349145e-02 -3.93181220e-02
 -6.63518012e-02  6.40806705e-02  6.87450217e-03 -8.21873266e-03]"
Messi,"[ 0.01486376 -0.04511017 -0.06708571 -0.00138363 -0.02097774 -0.04170076
  0.00728455 -0.00363282  0.00848817 -0.03065299 -0.0270974  -0.07173693
  0.00163937 -0.0227366  -0.02035512  0.015472   -0.01286539 -0.01461192
  0.07332278  0.00476976 -0.01045163  0.00234253 -0.05301385  0.01712884
 -0.02534195 -0.06541398 -0.00535954  0.0378547   0.02023445  0.04399912
  0.05333874 -0.03448328 -0.01391804  0.05183797 -0.0525557  -0.02264988
 -0.03464698  0.05418164  0.0174264  -0.00400266 -0.01471127  0.0155263
  0.08292153  0.07798766  0.09183462  0.06402643 -0.02637095 -0.01718205
 -0.00850044 -0.00103358  0.02155444  0.05296312  0.03754994 -0.01025267
 -0.01553658  0.00712794  0.04385967 -0.0197033   0.07835328  0.01240341
  0.0050561  -0.04976302  0.09301741 -0.02895002 -0.00733091  0.02415812
 -0.02211787  0.04720851 -0.11434051  0.04071333 -0.06049649 -0.04540548
  0.06277842  0.00048049  0.01660374 -0.05116077 -0.03402295  0.00200792
 -0.03423878 -0.03827825 -0.00437781  0.07678016 -0.03597334  0.07552411
 -0.06372761 -0.01331523 -0.01252191 -0.03441826  0.00349353 -0.01005178
  0.03458007  0.00212899  0.01638707 -0.00938956 -0.03281138 -0.02149906
  0.02533915  0.06888285  0.02440788 -0.0611221   0.02812493 -0.00324432
 -0.02258514 -0.02379544 -0.06958475 -0.03728491 -0.01417124  0.02430833
 -0.00456871  0.06538223 -0.02817372  0.02834505 -0.01217913 -0.01291815
  0.09313505  0.0092354  -0.03283125 -0.00052367  0.00623066 -0.01033173
 -0.03242131  0.03341819  0.04759833 -0.02264795 -0.0111155   0.03364945
  0.00457025  0.03837133  0.05123264  0.07192809 -0.03763491 -0.01556372
 -0.00105273  0.07762995  0.01150151 -0.01775274 -0.02476657  0.02916624
 -0.00497686  0.01174241 -0.01645452 -0.010382    0.03111671 -0.02122361
  0.08106161 -0.03892206  0.06392869  0.0228474   0.0132096   0.00517026
  0.03526859  0.04235094  0.04168369 -0.01276999 -0.08417737 -0.04835401
 -0.07241517 -0.10105863  0.05249262 -0.03856735 -0.00969396 -0.01823876
  0.03169952 -0.01744836 -0.02338767 -0.01745983 -0.0393975   0.01250151
  0.00902744 -0.01581165  0.08168884  0.02621714  0.08229628  0.04285084
  0.01803365  0.05921693  0.0483282   0.04519904  0.07908048 -0.06584179
 -0.01411622  0.03437765 -0.0174761  -0.07132611 -0.01147081  0.05138291
  0.03719142  0.00359034  0.02100762 -0.0347953   0.08040232 -0.08433597
 -0.00145338  0.03760681  0.02588504 -0.07468365 -0.01539019  0.02306356
 -0.06304014  0.00940476 -0.01183422  0.03390696  0.01783966 -0.00995855
  0.01844697  0.02006173  0.08821893 -0.02571022  0.05464657  0.0088992
  0.04057884  0.07348715 -0.03397845  0.05150016  0.0407499   0.04443476
 -0.00868654 -0.04334808  0.05893959 -0.02462434  0.0075513  -0.04891033
 -0.07336184  0.01274681 -0.00415954 -0.04904894  0.06210867  0.03509225
 -0.01329047  0.0230793   0.00180616 -0.07320485  0.08067302  0.05753567
 -0.04661625 -0.03191843 -0.00760121  0.02607322 -0.00275591 -0.05130898
  0.06107446 -0.00603851  0.01400057 -0.07933015 -0.04770357 -0.00668161
 -0.02974536  0.0541601  -0.03128522  0.05672521 -0.0382958  -0.0080394
 -0.07008077 -0.00979285 -0.00571342  0.03415229  0.00748584 -0.04885804
  0.07202944 -0.0404707  -0.11201388 -0.06996176 -0.04531787 -0.01418332
  0.03027528 -0.00634582  0.02466811 -0.00018989  0.00365874 -0.02335123
  0.04629327  0.01054235 -0.01682055  0.07165148 -0.01303519 -0.02933561
  0.05467846  0.09071998  0.02818639  0.02124892 -0.00142122 -0.04048026
  0.13138047 -0.08212996  0.06037465  0.01817216 -0.03118838 -0.00176127
 -0.00443585  0.03835935  0.05682819  0.08319183 -0.06907179  0.01813615
  0.01202801 -0.01594372  0.00939081  0.01785181  0.06060228 -0.03691491
  0.00914533  0.038347   -0.02345638 -0.03915069  0.02198628  0.10096714
  0.05464246  0.00354063  0.06952896  0.07956902 -0.00937717  0.00707202
 -0.00384515  0.03486643 -0.05832371 -0.07920591 -0.00514679 -0.05789804
  0.11132425  0.00539598 -0.04374661 -0.06550097  0.04562682 -0.04404539
  0.01588397 -0.01625195  0.0185298  -0.06861279 -0.03149489 -0.03275177
 -0.03757113 -0.04708556  0.01155551 -0.03613459 -0.02022829 -0.0157712
 -0.02131364 -0.03539114  0.04123236 -0.05017538 -0.0169603   0.03742556
  0.03226156  0.00624986 -0.0537768  -0.01201512 -0.04775846 -0.0347441
  0.02301327  0.11578441  0.04498081 -0.04316124 -0.01318534  0.05792905
 -0.02012882 -0.07267652 -0.03839275  0.04444148 -0.00804478 -0.05030956
 -0.01186047 -0.06331855  0.04716308  0.02718728  0.01072121 -0.02483392
 -0.03043282 -0.01787896 -0.00467706 -0.08037864  0.02055449  0.02657875
 -0.127595   -0.04039646 -0.00118067  0.01045641  0.00093901 -0.03639273
  0.03193604  0.01454342  0.01893307 -0.02512738 -0.02264631  0.00547124
 -0.09445485  0.05266719  0.02099241 -0.00639381  0.00062985 -0.067925
  0.06196222 -0.02492817  0.05058708 -0.0098573   0.04370249  0.00863767
  0.01256744  0.04592853  0.03634192 -0.03415952  0.12565443 -0.03609156
  0.02083154 -0.00155425  0.06219487 -0.00076619 -0.05289841  0.01697743
 -0.04968965 -0.0078981   0.02684166  0.11230049 -0.01905911  0.01981448
  0.08716307 -0.06898998 -0.00739028  0.03313404 -0.03310696  0.08614145
 -0.08530676  0.00218079  0.04572808 -0.02643698 -0.05925344  0.0125773
  0.04708312  0.05812517 -0.05371239  0.01459139 -0.00934827 -0.01095967
 -0.0587034  -0.02151179  0.03328503  0.0811146   0.02647965  0.00160645
  0.05763039  0.02959572 -0.00741197 -0.0392281   0.01148597 -0.02124678
  0.01915033  0.00286599 -0.02566113 -0.02179447  0.03830059  0.00073466
  0.00100164  0.04124367 -0.10102011  0.07988638 -0.06175409  0.00836163
 -0.05907613 -0.08353997 -0.00551708  0.02080983 -0.04828372 -0.06779386
 -0.01209477  0.04250015 -0.05180702 -0.01659605  0.007281    0.00481328
 -0.04456233  0.10560846  0.04363311  0.02732529  0.01328424 -0.03325245
 -0.00229878  0.03711567 -0.00720825  0.03290607  0.07425013 -0.0140981
 -0.07716861 -0.07267359 -0.01401893  0.01501035 -0.04908703 -0.05125428
 -0.09029448  0.07574601 -0.0133925  -0.03309967 -0.00168094 -0.03438649
  0.02115149 -0.02117736 -0.0581838   0.08405701  0.02660017  0.01092525
  0.06429281  0.02792288  0.01056659  0.00824699 -0.03562821  0.04367967
 -0.05604224  0.04058311  0.02847475 -0.09255342 -0.04555909  0.02243615
  0.03352137 -0.05352192]"
Messi,"[ 4.45276164e-02 -8.80266204e-02 -3.13561037e-02  2.46509463e-02
 -8.49428028e-02  9.64976556e-04  3.69207375e-02 -1.29738748e-02
 -3.41901858e-03 -8.37171897e-02  3.19422991e-03 -5.89358173e-02
  5.34715727e-02 -1.45408548e-02 -1.07317846e-02  5.86709492e-02
  1.74532086e-02 -1.00647323e-02  8.11119303e-02  1.82789974e-02
 -2.35340893e-02 -6.44350797e-02 -5.24344258e-02 -1.10118079e-03
 -1.25037262e-03 -5.68333790e-02 -6.00101762e-02  5.68842627e-02
  8.63097957e-05  5.00684828e-02  4.09300141e-02  3.14863911e-03
 -7.99389482e-02  2.57381778e-02 -7.37246498e-02 -4.18800786e-02
 -3.70256267e-02  5.31154275e-02 -3.48019600e-02 -7.07531907e-03
  1.09327650e-02  4.05702926e-02  2.19948646e-02  5.44008613e-02
  1.24673687e-01  9.96828079e-03  2.25989185e-02 -1.68284029e-02
  4.12707105e-02 -1.82182286e-02 -6.62386091e-03  3.86056416e-02
  2.52328254e-02 -5.94628230e-03 -6.64468529e-03  1.97692718e-02
 -4.09162790e-03  2.26795226e-02  7.32161626e-02  8.48655775e-02
  3.44843157e-02 -7.03830719e-02  1.05268598e-01  3.93526210e-03
  1.49141690e-02  9.37286466e-02  7.19383406e-03  1.57420691e-02
 -1.19894505e-01 -1.49316173e-02 -8.64636600e-02 -3.36082163e-03
  6.89564347e-02  1.97424609e-02  1.53594166e-02 -4.86749075e-02
  1.51747130e-02  2.57729981e-02  2.23772265e-02 -6.20364286e-02
 -3.18121016e-02  4.41289470e-02 -5.96404336e-02  5.34577817e-02
 -2.75253803e-02 -2.99908035e-02  1.31111173e-02  8.73324834e-03
  2.94231679e-02  4.60776174e-03  5.20080738e-02 -9.44812968e-03
 -5.69068780e-03  1.14420606e-02 -4.63312715e-02 -3.38313058e-02
  5.66775426e-02  1.91205703e-02  2.15156060e-02 -1.16966879e-02
  5.33671724e-03 -8.62145424e-02 -3.45615968e-02 -4.03011180e-02
 -2.57951636e-02 -1.27055300e-02  2.82787625e-03  3.94138135e-02
 -2.09034029e-02  7.84864053e-02 -3.23680490e-02  2.81944312e-02
  6.88584847e-03  2.15233061e-02  5.59061542e-02 -6.65451540e-03
 -5.34503758e-02 -2.94243153e-02 -2.62957178e-02  1.32304244e-02
 -2.99064890e-02  4.37516086e-02  6.82295039e-02 -1.67912655e-02
  7.45491264e-03  1.95280965e-02  9.46746222e-05  3.38613652e-02
  6.95355460e-02  5.94686083e-02 -2.60316525e-02 -7.90870339e-02
  3.26965265e-02  9.74340960e-02  7.95473810e-03  7.27857929e-03
  5.01759397e-03  4.02754024e-02  4.41302508e-02 -1.43512078e-02
  4.25168350e-02 -2.62861326e-02  5.03470525e-02 -1.01448204e-02
  3.54987644e-02 -4.35742810e-02  3.71219143e-02  4.32181843e-02
  1.43610034e-02  4.82108407e-02  2.70955730e-02  1.96101982e-02
  2.87325196e-02 -3.02066449e-02 -6.77303076e-02 -5.77126518e-02
 -2.93895453e-02 -1.01405904e-01  2.22650804e-02  1.99911650e-02
 -3.50388139e-02 -3.49223055e-02  3.09258215e-02 -2.10579485e-02
 -1.97663456e-02 -1.22417193e-02 -2.71793101e-02  6.99140551e-03
  5.54945655e-02 -1.63467173e-02  7.04783425e-02  5.56455851e-02
  9.50458795e-02  1.06818574e-02  1.40585406e-02  3.73761468e-02
  4.36994769e-02  6.80768788e-02  8.03522468e-02 -2.96887830e-02
 -4.03779820e-02  7.20392615e-02  1.29092941e-02 -6.04300238e-02
 -4.82360870e-02  2.10484713e-02  2.86746789e-02 -2.74803955e-02
 -3.78565094e-03 -5.77124842e-02  5.18592410e-02 -8.75025392e-02
  2.97099142e-03  4.92834449e-02 -1.33784190e-02  5.04161883e-03
 -3.81935097e-05  1.46544119e-02 -4.26930562e-02 -4.14187238e-02
  6.06381334e-02  4.44617681e-02  1.47380326e-02  1.35725457e-02
  1.40699465e-02 -4.43717837e-02  2.44843476e-02  7.48245185e-03
  2.92346142e-02 -2.14616638e-02  9.28369630e-03  2.46891361e-02
  1.39354458e-02  5.15845865e-02  3.54042388e-02  6.22088127e-02
  8.45850911e-03 -2.23064404e-02  3.54940034e-02  1.56584047e-02
  3.06520164e-02 -2.69645471e-02 -8.08901489e-02 -2.61226501e-02
 -1.62554570e-02 -4.39601624e-03  8.20990875e-02  5.76802976e-02
 -4.73999381e-02  1.64892487e-02  1.23713193e-02 -5.01243882e-02
  3.49186696e-02 -1.27865179e-02 -4.25625779e-02  6.50685132e-02
 -8.68405774e-03  4.04943153e-02  6.54623611e-03 -6.36109710e-02
  2.55843792e-02  2.68378109e-02  3.08511239e-02 -4.21127081e-02
 -2.47145072e-03 -3.04180272e-02 -1.25365397e-02  2.10405495e-02
 -1.85409579e-02  3.40914167e-02 -3.86343971e-02  3.77817824e-02
 -6.91403225e-02  1.06129199e-02 -4.25099656e-02  6.35985360e-02
 -5.17503768e-02 -7.90378079e-02  3.04155536e-02 -1.17431972e-02
 -1.01361983e-01 -6.65406734e-02 -4.61839773e-02  1.09145828e-02
  2.26473622e-02  9.02220141e-03 -1.55318212e-02 -1.35324467e-02
 -1.50732081e-02 -3.12672295e-02  6.69112836e-04  1.47404568e-02
 -1.13135064e-02  8.84172618e-02 -2.84437537e-02 -7.79785365e-02
 -7.27512408e-03 -1.47510590e-02 -1.83829349e-02  2.34769229e-02
 -1.51367299e-02 -1.97808091e-02  5.93358874e-02 -5.24649955e-02
  7.55909234e-02  3.04927621e-02 -5.91460839e-02  1.09121306e-02
 -3.68894227e-02  3.68790738e-02  6.05394952e-02  9.70277861e-02
 -3.02870311e-02  4.91592623e-02  7.39239603e-02  3.83632705e-02
  6.30808529e-04  1.25123244e-02  3.28126438e-02 -4.34346013e-02
  2.24223379e-02  3.28100324e-02  5.03043905e-02 -1.41140698e-02
 -2.61791027e-03  1.53620541e-01  1.25209494e-02  2.52649374e-02
  9.22598243e-02  8.52707773e-02 -2.37041023e-02  1.75216645e-02
  3.65914218e-02  2.54777167e-02 -4.61624824e-02 -6.47656247e-02
 -9.00235435e-04 -4.54781130e-02  4.37406190e-02 -3.92563529e-02
 -6.17375486e-02 -8.03602114e-02 -4.60417097e-04 -3.87589000e-02
  3.90079059e-02 -2.50806026e-02 -2.46649664e-02 -3.58040556e-02
 -6.65876046e-02  9.78499372e-03 -3.86249274e-02  1.84753053e-02
  9.77844000e-03 -6.04047701e-02  4.15996201e-02  6.47975656e-04
  9.42163542e-03  1.16154170e-02  4.42777649e-02 -2.39325222e-02
 -7.56811351e-03  2.51288302e-02  2.84326188e-02 -4.92888968e-03
 -6.97054788e-02 -1.21110659e-02  1.09282155e-02 -3.57798897e-02
 -2.98641603e-02  8.30728933e-02  6.76118508e-02 -3.65612917e-02
  3.33173238e-02  5.39560989e-02 -4.10493389e-02 -1.67044755e-02
  3.19014452e-02  8.43489170e-03  3.99543121e-02 -2.28254590e-02
 -6.54460713e-02 -2.12913025e-02  5.39761521e-02  9.12438054e-03
 -4.30307761e-02  2.21520010e-02 -4.55697253e-02 -6.77576587e-02
 -2.27677096e-02 -3.27989236e-02  1.47583205e-02  7.97584057e-02
 -9.86353457e-02  1.53010832e-02 -3.38128442e-03  1.76228955e-02
  5.63255325e-02 -2.03347653e-02  5.79738505e-02 -1.64683014e-02
 -2.47032735e-02  5.22921421e-03 -3.91865149e-03 -6.88394764e-04
 -3.13316584e-02  5.97004592e-02  2.92007327e-02 -2.95358822e-02
 -3.12199071e-02 -7.84850493e-02  8.21093991e-02 -4.47507724e-02
  4.21820730e-02 -2.94921864e-02  3.32229137e-02  1.85372308e-02
  3.95667180e-03  1.15715358e-02 -1.09185083e-02 -2.27522049e-02
  1.01067975e-01 -7.94024300e-03  5.87968435e-03  1.13579268e-02
 -6.13541622e-03 -4.13898565e-02 -8.38722754e-03 -1.33461244e-02
 -2.64808889e-02  1.09269535e-02  6.85931668e-02  8.49542841e-02
 -2.91549750e-02 -5.37822060e-02  9.37593356e-02 -3.52456048e-02
 -4.83777970e-02  1.46024497e-02  6.58838497e-03  8.65701288e-02
 -4.68531400e-02  1.62038803e-02  5.05395196e-02  8.95227958e-03
 -1.10990210e-02 -1.20341331e-02  4.98986095e-02  5.35800569e-02
 -6.29984513e-02  3.94762820e-03 -2.24020332e-03 -1.48145398e-02
 -2.90454887e-02 -5.21836728e-02  1.87760759e-02  1.31439731e-01
  5.46493605e-02  3.12018320e-02  5.79601452e-02  2.87206769e-02
 -1.04871169e-02 -2.06923950e-02  4.83669750e-02 -6.22182339e-03
  6.90799579e-02 -6.55942634e-02  2.03927904e-02 -2.18930859e-02
  3.64113413e-02  4.72839102e-02  9.42172762e-03 -4.94761355e-02
 -8.48002732e-02  6.94960430e-02  7.08958833e-04 -2.63773724e-02
 -2.24773679e-02 -9.23547521e-02 -3.10172588e-02 -1.82236228e-02
 -6.39609471e-02 -5.89968525e-02  3.32517293e-03  3.65602598e-02
 -6.74732849e-02 -2.16240790e-02  4.72762100e-02  1.09274150e-03
 -2.14780960e-02  6.45829439e-02  2.64273733e-02 -1.42097415e-03
  8.78607761e-03 -1.50035759e-02  1.15840090e-02 -5.87296253e-03
 -7.47325122e-02  3.55410911e-02  7.90947974e-02 -6.62450679e-03
 -1.00162275e-01 -4.85301800e-02  1.91077739e-02  5.65525182e-02
 -5.12568019e-02 -4.58168834e-02 -6.29775226e-02  2.78996453e-02
 -1.58356708e-02 -1.08237425e-03 -3.52796614e-02  4.61119302e-02
 -4.24684621e-02 -2.94860192e-02 -4.87597175e-02  6.45097569e-02
  2.37453282e-02  2.80156676e-02  7.07777441e-02  3.68331410e-02
  1.31237721e-02  1.29507463e-02 -8.40891004e-02  1.12861125e-02
 -8.78820717e-02 -2.59563643e-02  1.84270777e-02 -8.97104815e-02
 -2.53750645e-02  5.74544333e-02 -3.85583788e-02 -3.01148780e-02]"
Other,"[-3.73634957e-02 -5.39678521e-02  8.52408726e-03 -5.25553711e-02
  1.32903596e-02  6.39171666e-03 -1.87323950e-02 -7.80441836e-02
  6.92519397e-02  2.73759384e-02  5.44806421e-02  5.00366241e-02
 -1.57395024e-02  1.16877677e-03  2.05421112e-02  2.67932564e-02
 -5.86135201e-02 -1.42874876e-02 -1.55630289e-02  2.70019006e-03
 -7.98803195e-02 -1.83303915e-02 -2.21977867e-02  1.45495860e-02
 -7.33353794e-02 -1.01069557e-02 -1.00435160e-01 -3.62399444e-02
 -8.78114477e-02 -7.97937904e-03  2.18667481e-02 -2.83043012e-02
  5.53825796e-02  9.09354761e-02 -1.96768111e-03  3.61040719e-02
  7.87471384e-02  3.14757563e-02 -2.02734638e-02  3.43479253e-02
  3.00217289e-02 -8.30563251e-03  8.23070854e-03  2.35251803e-02
 -1.75397303e-02 -5.66230435e-03  2.56896224e-02 -4.68661031e-03
 -6.16616197e-03 -3.05406954e-02  1.89678259e-02  1.10294268e-01
 -6.45354614e-02  3.38164205e-03 -8.25789571e-03  8.07979144e-03
 -4.55824696e-02 -2.95981299e-02 -4.98056076e-02  2.42249053e-02
 -6.47528050e-03  6.64964989e-02 -7.35833263e-03 -1.06415628e-02
  3.03436965e-02 -8.97664670e-03 -1.76432878e-02  8.09087418e-03
  7.60439504e-03  6.87770545e-02  2.60552038e-02  8.34830850e-03
  1.65050989e-03 -2.12919023e-02  3.70104122e-03 -7.75738712e-03
 -5.72814941e-02  2.14715339e-02 -2.01972574e-03  3.64638376e-03
  2.76947278e-03  3.43272388e-02 -3.26771215e-02  4.98475581e-02
  3.10189892e-02  2.97447909e-02  1.98114458e-02  5.58116548e-02
 -2.28931103e-02  2.29285266e-02  4.80568856e-02 -1.25594717e-03
  7.76966987e-03  3.35338637e-02 -1.73856188e-02 -5.51302917e-03
  5.30277863e-02  7.53206909e-02  5.70547655e-02 -8.15942362e-02
  4.21305113e-02  1.74120665e-02 -2.29855217e-02 -1.50121318e-03
  2.16043312e-02 -2.19900943e-02  6.37160847e-03 -2.06543622e-03
  2.15428546e-02  5.82464447e-04  1.19222922e-03  2.85482295e-02
 -6.66602552e-02  2.58939862e-02  3.47468778e-02  6.57619089e-02
  7.15633631e-02 -4.65337336e-02  2.60515176e-02  2.79330183e-02
 -4.99420501e-02 -4.26664390e-02 -1.32949353e-04  2.29032598e-02
  8.57292861e-03  2.78914999e-02 -5.76623678e-02 -1.37974345e-03
 -3.42502482e-02 -5.68533642e-03 -1.21271126e-02  3.50693353e-02
  6.32756352e-02 -2.96535604e-02 -1.82036683e-02 -8.70688260e-02
 -6.08763993e-02 -4.62065265e-02 -2.03205291e-02  8.56230967e-03
 -8.65992066e-03  3.35208178e-02  4.79288325e-02  9.23025906e-02
  1.31070046e-02 -1.34339243e-01 -3.73689979e-02  8.83874372e-02
 -2.51644887e-02  2.92572589e-03  1.42591656e-03 -5.74517138e-02
  5.83545901e-02  3.67068015e-02 -5.91996945e-02 -4.77569085e-03
  2.77977455e-02  1.96892861e-02  3.18793915e-02 -9.59003866e-02
  3.37780118e-02  3.32432389e-02 -6.65986910e-02 -2.60101631e-02
  4.77717370e-02  5.93706826e-03 -5.57990037e-02 -1.48886629e-05
  7.16557428e-02  4.62927297e-02  1.32449931e-02  2.69527873e-03
 -7.33664259e-02  1.11884652e-02 -1.45183206e-02 -1.53078809e-02
  3.50942612e-02  1.51594756e-02  2.00649071e-03 -3.90853658e-02
 -4.30125669e-02 -7.60603277e-03  2.10836157e-02  5.03739752e-02
  1.13707948e-02  1.43277077e-02  3.71381752e-02  6.07527345e-02
 -1.09669529e-02  1.32449495e-03  3.39380689e-02 -3.94530445e-02
 -8.19228496e-03  8.72520637e-03 -3.57591584e-02 -9.10717100e-02
  1.15825623e-01  5.45710139e-02  3.29433493e-02  8.02362636e-02
  3.83078679e-02 -3.49028409e-02  7.62592396e-03 -4.13724966e-02
 -1.85992159e-02  4.08466719e-02  1.11535508e-02  2.70471238e-02
  4.17355932e-02  4.67271283e-02 -1.02493837e-01 -3.94922644e-02
  7.49153458e-03 -6.26121834e-02  3.47547419e-02 -8.28431621e-02
 -1.14204520e-02  7.44298846e-02  3.90472263e-02  2.16007791e-02
 -7.51746893e-02 -6.85948357e-02  1.34985019e-02 -7.56748468e-02
  2.50394344e-02 -6.62643090e-02  2.65744310e-02 -1.69318542e-02
 -3.00252698e-02  5.06881578e-03  6.57750741e-02 -7.28414347e-03
 -8.94536264e-03  2.45079827e-02  8.09415132e-02 -3.63929421e-02
  3.64376418e-02  1.95930302e-02 -4.32793424e-02  3.14271962e-03
  8.11218545e-02  2.36284938e-02  6.76454231e-02  6.85913563e-02
 -8.03281069e-02  1.81953255e-02  8.08191150e-02  1.27887964e-01
 -7.93836191e-02  2.25316267e-02  4.87156436e-02 -4.17472906e-02
  1.05024025e-01  5.69267049e-02 -2.72339322e-02  2.98591927e-02
 -4.10738438e-02 -1.55626638e-02  8.55168402e-02  4.60732915e-02
 -6.16354682e-03 -6.28256723e-02 -6.11397251e-03 -2.55336855e-02
 -5.26660588e-03  7.28206038e-02  4.90901954e-02  7.60971159e-02
  7.69081176e-04 -5.72536699e-03  1.83449648e-02 -4.79114689e-02
 -5.86706996e-02  3.06210052e-02  4.49456610e-02 -6.18287921e-02
 -2.60190181e-02  1.77331399e-02 -3.99312228e-02 -2.19198111e-02
 -7.40124211e-02 -3.20065059e-02  5.40146157e-02 -7.49116857e-03
 -1.78394709e-02 -5.86385541e-02 -4.70885821e-02  1.72081608e-02
  5.03695942e-02 -2.38118749e-02  4.31595072e-02  3.13317738e-02
  9.52088856e-04  1.16402088e-02  1.32255498e-02  1.74863741e-03
  2.34483872e-02 -6.58834120e-03  3.44530456e-02  1.59918442e-02
 -2.74949591e-03  3.66967954e-02  3.89389019e-03  7.06834942e-02
  7.13109076e-02 -4.18973975e-02 -4.15042341e-02  6.62785163e-03
  5.82609400e-02 -1.75506622e-02  6.27527684e-02  5.12440018e-02
  4.67157625e-02  1.51034398e-02  7.81654269e-02 -7.62345046e-02
 -1.49235260e-02  5.03721572e-02 -1.82443559e-02 -6.96182251e-03
 -4.29015569e-02 -1.01064993e-02  8.97853170e-03  4.96866740e-02
 -1.10405877e-01  3.85983028e-02  1.77221447e-02  1.86365228e-02
  6.71159178e-02  7.89287761e-02 -1.42908357e-02 -6.18961900e-02
 -4.35079932e-02  8.57145246e-03  5.28783491e-03  1.33142918e-02
  2.33293436e-02  1.05841644e-02  1.68687403e-02  6.22753501e-02
  3.19015421e-02 -5.33880219e-02 -2.17893422e-02 -6.10928796e-02
  7.46544043e-04 -7.13153481e-02 -3.61985862e-02 -3.17298993e-02
  3.92747633e-02  2.56573483e-02  1.51318312e-02  1.58290227e-03
 -2.05195486e-03  7.87249655e-02  5.29335365e-02  5.06387325e-04
 -3.94326588e-03 -4.32889536e-02  2.31442857e-03  6.50678854e-03
 -9.01742205e-02 -7.77379889e-03  2.61018402e-03 -5.62036783e-02
 -5.92138059e-02  5.83128596e-04 -5.66111086e-03  6.20596036e-02
  2.54541580e-02  5.12965024e-03 -5.50815044e-03 -7.83643778e-03
 -3.73931415e-02  2.11044289e-02  4.31898125e-02 -1.04624797e-02
  7.22641349e-02 -4.40633371e-02  7.36399367e-02  9.69932005e-02
  4.18568142e-02 -2.22129114e-02 -3.55725661e-02  2.66030747e-02
  1.96253657e-02  1.24868788e-02  2.50346158e-02 -3.82486777e-03
  6.15645498e-02  1.19104246e-02 -6.75033331e-02  3.47934552e-02
  5.21941744e-02  1.32579738e-02 -9.11010057e-03  2.58610933e-04
 -1.11206295e-02 -1.37202218e-02 -4.79729008e-03 -1.44538023e-02
  6.59667328e-02 -5.53248003e-02  9.20642018e-02 -4.82371636e-02
 -1.55559508e-02 -3.64182331e-02  6.89690039e-02  9.95256007e-04
 -6.01043887e-02 -5.34897819e-02  3.79411057e-02 -1.98405739e-02
  8.35807547e-02  2.98495162e-02 -5.79541214e-02  5.49485395e-03
 -3.08122132e-02 -2.14601867e-02 -4.94831875e-02 -3.77085176e-03
  1.13868965e-02  2.79998630e-02 -4.30860259e-02  5.04017808e-02
  1.45546987e-03  6.48885742e-02 -3.09766326e-02  3.46400328e-02
 -5.53831160e-02 -3.41962241e-02  8.14286992e-02  2.95130070e-02
 -2.48132162e-02  3.68006080e-02 -2.67866645e-02  6.26601204e-02
  1.60656516e-02  5.85978553e-02 -1.30587146e-01  3.52633186e-02
 -5.34565486e-02  6.40442921e-03  5.04299104e-02 -4.10595909e-04
  2.64412649e-02 -4.53247912e-02 -7.80574465e-03 -6.43973649e-02
  1.69023108e-02  3.37071344e-02 -4.95989956e-02  5.90592399e-02
  7.41647631e-02  3.17660868e-02 -6.69033080e-02 -2.67326739e-02
 -3.12887356e-02  3.85206901e-02 -1.10813193e-02 -3.13878655e-02
  2.51235161e-03 -6.22517802e-02  6.05980903e-02 -5.52349053e-02
 -1.85831189e-02 -7.48827010e-02 -1.71960928e-02  2.15374143e-03
 -5.75131960e-02  5.02030365e-03  6.62271352e-03 -1.10413106e-02
 -7.64969736e-02 -4.85027544e-02 -5.57594299e-02  4.67562320e-04
  2.34142188e-02 -5.85328192e-02  7.88655877e-02  1.33604668e-02
  2.37928294e-02  1.22146243e-02 -4.10151072e-02  3.59785365e-04
  5.87040000e-02  1.87417939e-02 -1.13296732e-02 -5.38129434e-02
  1.12579474e-02 -6.93441704e-02 -4.92167585e-02  2.45884545e-02
  2.97751073e-02  1.02376699e-01  5.65721206e-02  1.12167820e-02
 -5.64334318e-02  1.38912238e-02 -1.13208639e-03  3.22226551e-03
 -5.93677238e-02  5.60424142e-02 -6.92164227e-02  4.19739597e-02
 -2.46405620e-02 -6.09669574e-02 -4.31447215e-02 -3.67720500e-02
  8.85770842e-02 -1.76192774e-03  5.12419380e-02  2.30438635e-02]"
Other,"[-7.74026616e-03 -1.44045753e-02 -2.01539118e-02  2.94601694e-02
  3.83710535e-03 -4.07629684e-02  1.90840792e-02 -9.24305338e-03
  1.16347177e-02 -2.14257874e-02 -4.52500209e-02  2.63920631e-02
  1.18040480e-02  4.98808967e-03 -1.53438030e-02 -2.56682653e-02
 -2.83099618e-02  5.05715944e-02 -1.67963021e-02  7.34171495e-02
  3.27120256e-03  4.42045592e-02 -2.75486093e-02  2.90933028e-02
  5.91199733e-02  1.02610700e-02  2.21238863e-02 -1.92246381e-02
 -3.43466029e-02 -1.52928932e-02  4.75172959e-02 -8.97435285e-03
 -3.23932022e-02 -2.27130447e-02  6.78972453e-02  1.69656631e-02
 -2.85480786e-02  4.34945077e-02 -2.04888433e-02 -1.69234723e-02
 -2.17560921e-02 -3.14982841e-03 -3.51501442e-02 -1.31338030e-01
 -8.59530494e-02 -5.82324676e-02 -1.41511373e-02 -2.88805496e-02
  6.42166054e-03  3.01547628e-02  8.02949220e-02 -2.91483384e-02
 -2.01774370e-02 -1.39718904e-04 -4.02766317e-02 -2.84781288e-02
 -8.94116014e-02  2.09165942e-02 -5.67191169e-02  4.15577777e-02
  1.55708063e-02  3.25491326e-03  6.15294874e-02  7.92665556e-02
 -3.22581977e-02 -4.05942462e-02  2.98611000e-02  7.52721727e-03
  8.40276033e-02 -1.88125167e-02 -1.85905825e-02 -2.60520657e-03
 -3.60490568e-02 -9.13638528e-03 -6.48177275e-03 -3.82118858e-02
  1.71948411e-02 -6.68940181e-03  1.41454592e-01 -1.52942501e-02
  3.00831050e-02 -1.04026273e-02  4.64923009e-02 -6.19425662e-02
 -9.69575904e-03  2.95658056e-02  5.61867245e-02 -3.30629162e-02
  1.20739462e-02  3.32374498e-02 -1.42963296e-02  6.23408668e-02
 -1.30020629e-03  3.36930864e-02  3.15772044e-03 -1.26245860e-02
  4.97641899e-02 -1.12258516e-01 -2.87283398e-02 -2.45285574e-02
 -1.84919201e-02  2.88384426e-02  4.85567264e-02  8.57334211e-03
  7.82272816e-02  2.68799905e-03 -4.39964831e-02  3.39682028e-02
  7.15568513e-02 -1.79536478e-03  3.27495039e-02  5.78706432e-03
  7.36498535e-02  5.29682748e-02  3.51938196e-02 -3.00778542e-02
  1.45686120e-02  2.59073153e-02 -8.91107321e-02 -3.29096941e-03
 -1.01941463e-03  1.46923428e-02 -3.39537263e-02  4.03526193e-03
 -9.37919784e-03  3.14448625e-02 -7.12285712e-02 -7.46126845e-03
 -5.93862087e-02  4.62212861e-02  5.77684008e-02  4.17095311e-02
  4.03731689e-03 -1.13927074e-01  4.97148149e-02 -1.05591584e-02
 -2.20979843e-03  1.46373473e-02  1.76290721e-02  3.82553525e-02
  3.75885516e-02  1.93837546e-02  3.36383842e-02  2.83758920e-02
 -8.58126208e-02 -1.26117514e-02 -5.65673411e-02  3.17129940e-02
 -7.21768942e-03 -1.54211130e-02 -7.10809231e-02 -4.25841175e-02
  4.07465175e-02 -3.76282516e-03  2.38207001e-02 -3.68853360e-02
  1.35812432e-01  4.28094715e-02 -9.14246216e-02  5.05884700e-02
 -3.36619355e-02  3.84943374e-02  4.94780019e-02 -8.90850797e-02
  1.96832940e-02 -7.82958756e-04 -3.80852148e-02 -2.14256719e-02
  1.14230504e-02 -2.12881677e-02 -7.66806453e-02 -1.26743605e-02
  4.91857482e-03  4.50695567e-02 -3.67708225e-03 -3.78553234e-02
 -5.79147488e-02 -2.26276554e-02 -1.33081460e-02  5.19411974e-02
 -6.11648411e-02  1.36426203e-02  3.49272005e-02  1.21700242e-02
 -1.81326531e-02  4.80388477e-02 -3.41328583e-03 -3.41376886e-02
 -4.39366177e-02  5.23618050e-02 -5.41843809e-02 -7.15113338e-03
  9.50831361e-03  2.84845252e-02 -8.15813371e-04  6.83879778e-02
  6.43333746e-03  4.41688448e-02  1.15646936e-01 -4.80365083e-02
 -3.50888981e-03 -4.99757417e-02 -6.80371523e-02  4.46032286e-02
  4.31636870e-02 -6.87476024e-02 -1.12243313e-02  9.19416696e-02
 -2.63087302e-02 -5.72837777e-02 -7.38585442e-02 -3.43591012e-02
 -1.41584128e-03 -1.43262008e-02  4.02866304e-03 -3.83905368e-03
 -6.88094506e-03  9.68962684e-02 -3.40062305e-02 -2.18182150e-02
 -1.31011540e-02  5.81929609e-02  9.79971327e-03  4.25216556e-02
  7.16358647e-02  2.48132031e-02 -1.19280154e-02 -3.56243993e-03
  2.90352330e-02 -4.15928848e-02  6.92599118e-02  3.56317796e-02
  8.95381998e-03 -4.86246198e-02  1.94415562e-02  3.30550522e-02
 -1.32846415e-01 -2.72820368e-02  1.55717386e-02 -4.09147628e-02
 -5.64453527e-02 -4.94893603e-02 -4.18770052e-02  4.41984534e-02
  5.45183979e-02  4.07153405e-02  6.16400726e-02  3.11906487e-02
  1.06543358e-02 -2.66429391e-02 -5.21855950e-02 -1.34510901e-02
  4.48869765e-02  3.51517946e-02  9.25877225e-03 -7.65970126e-02
 -1.18920403e-02 -4.98704240e-02 -1.07527241e-01  5.25153102e-03
  6.17412701e-02  9.44417063e-03 -2.37076953e-02 -4.83529549e-03
  3.16047668e-02  9.13476455e-04 -2.97072548e-02  5.80152422e-02
  5.41150421e-02  8.67497548e-02 -5.74065819e-02 -5.79191521e-02
  2.75633205e-02 -2.54427791e-02  2.42001433e-02  5.31502105e-02
  3.53589244e-02 -8.17736089e-02 -6.34381473e-02 -1.22839063e-02
 -5.42534478e-02 -2.06896458e-02 -4.10757549e-02  5.95032088e-02
 -3.45194712e-02  4.65856865e-04 -1.37728350e-02 -2.14960109e-02
 -4.41701114e-02  2.64309030e-02 -4.51021120e-02 -7.19885007e-02
  4.94740233e-02 -8.92136991e-02  3.51489172e-03  4.77776788e-02
 -6.14510942e-03 -3.09370132e-03 -2.96630803e-02  1.72126815e-02
  4.80526611e-02  1.05509954e-02  4.35753353e-02  2.93292571e-02
 -4.10934612e-02 -3.99551280e-02 -9.64557528e-02 -3.62098031e-02
  6.80670422e-03 -4.06682864e-02  3.16246375e-02  4.06513810e-02
  3.08200940e-02 -6.95591792e-03  5.69840819e-02 -2.70114690e-02
 -2.60982197e-02  2.95427982e-02 -6.92595989e-02  3.18457489e-03
  1.11851026e-03  6.22919388e-03  1.08216656e-02  5.08626327e-02
  2.23646522e-03  3.92694585e-02 -4.68506478e-02 -1.26650687e-02
  3.12156789e-02  2.11261231e-02 -2.88590603e-02  1.87247228e-02
  2.60525936e-04 -4.58417414e-03  3.15891691e-02 -5.02560958e-02
  5.62123954e-02  3.52002233e-02 -2.77818367e-02  8.91168192e-02
  4.53506224e-02 -7.05679506e-02 -3.10140681e-02 -7.82063305e-02
  6.52502179e-02  5.86959068e-03  1.00166462e-02  4.42589484e-02
 -1.33750227e-03 -8.40979069e-02 -2.16606222e-02  2.12996360e-02
  1.71471890e-02 -7.32361749e-02 -1.27195884e-02  2.53215302e-02
 -7.27514876e-03 -6.45514205e-02  8.78164137e-04 -1.33769745e-02
  8.12330917e-02  4.83720377e-02 -1.09360069e-02 -3.18200402e-02
  2.58070137e-02 -4.59280312e-02  1.90623943e-02 -2.09811935e-03
 -1.78798009e-02 -4.25606072e-02 -7.29033947e-02  2.72000190e-02
  8.80968198e-02  8.22550207e-02  1.95367914e-02 -2.74213348e-02
 -3.67744304e-02  5.63573763e-02 -2.96308864e-02  6.01482131e-02
  3.28874239e-03  1.08166263e-01  3.12711969e-02 -2.66116187e-02
  4.74152043e-02 -7.09367469e-02 -2.07999796e-02  2.33102627e-02
  7.13198853e-04  7.31803998e-02 -7.04068393e-02  8.91165901e-03
 -5.48314862e-02  5.46120293e-03 -3.99794541e-02  1.23052886e-02
 -6.04898445e-02  3.27368826e-02 -4.36599180e-03  2.02151313e-02
 -9.09390971e-02 -4.68719825e-02 -3.60242911e-02 -7.75955152e-04
 -7.40314741e-03 -8.13148730e-03  3.14156823e-02  6.70492649e-02
  1.68822221e-02 -6.79370239e-02 -3.60765085e-02 -1.54436594e-02
  3.96197923e-02 -1.27206137e-02 -1.17925048e-01  1.81481875e-02
 -3.83617692e-02 -2.96607874e-02 -2.76347864e-02 -8.44679996e-02
  5.29516079e-02 -1.46633843e-02 -6.76968396e-02  4.66962866e-02
  4.83257771e-02 -2.79816724e-02 -1.59266870e-02 -5.47269136e-02
 -1.97922648e-03  1.55334240e-02 -3.50431912e-02 -1.00029692e-01
  7.37045407e-02  5.43778297e-03 -1.42591763e-02 -8.54449626e-03
 -2.84072421e-02  5.87214716e-03 -6.80385232e-02  2.41904780e-02
 -3.05868667e-02  8.62885034e-04  3.77931781e-02  6.93174358e-03
  5.91340009e-03  1.56162237e-03 -1.34192714e-02  3.49061750e-02
  1.01579204e-01  4.12439462e-03 -5.39915450e-03 -6.94876015e-02
  7.08918124e-02 -1.30231911e-02 -1.68184249e-03  2.08499078e-02
 -9.43242980e-04 -2.98664090e-03 -2.14318912e-02 -8.95156432e-03
  1.98723543e-02 -2.24487688e-02  3.49929556e-02  1.01465695e-02
  1.89046543e-02  5.08860685e-02  4.02436443e-02 -8.57794508e-02
 -3.31743583e-02 -1.99888181e-02 -3.80913094e-02 -1.74663402e-02
 -9.71490443e-02  5.94720207e-02 -6.91764727e-02  3.08743604e-02
  1.29255676e-03 -6.52980506e-02 -1.65139195e-02 -2.86226124e-02
  4.98422496e-02 -8.61724955e-04  2.13090959e-03  1.84722077e-02
  5.84419072e-02  3.30594182e-03  5.30719049e-02 -5.10546975e-02
  4.56385454e-03  2.87687927e-02 -1.18197603e-02  2.44555883e-02
  2.10022703e-02  8.29281285e-02  7.74723366e-02  1.39149455e-02
 -1.35339387e-02  3.54496278e-02 -2.71310508e-02 -2.04827264e-02
  7.93582797e-02 -5.18117882e-02  2.83213258e-02 -4.46053296e-02
  1.00491270e-01 -5.53770252e-02  6.44614222e-03  4.19664532e-02
  5.74397370e-02 -7.35697162e-04  5.03973551e-02  3.38721909e-02]"
Other,"[ 0.00477036  0.0149976  -0.00158423 -0.00478208  0.06005526  0.00407838
 -0.05569068  0.03505259 -0.01605406 -0.02687681 -0.02535198 -0.03952188
  0.0075611  -0.04189475 -0.00529754 -0.00464442  0.01393563  0.03332178
 -0.00795223  0.00098618  0.06426458  0.00433628 -0.07137509  0.00958938
  0.01146427 -0.00415141  0.03951909  0.08848719  0.07577021  0.01674391
 -0.02449173 -0.07439016 -0.00319133 -0.07639524  0.09518484  0.01871884
  0.04060723 -0.01970374  0.0064947  -0.07095871 -0.00021249  0.02281628
  0.01178287 -0.07920485 -0.044746   -0.03842138  0.02062898 -0.03891175
  0.02670726  0.00986071  0.01606702 -0.03709466  0.00275917 -0.00404339
  0.04786734  0.02743099 -0.00931632  0.03861411  0.03563934  0.01921074
  0.05024704  0.03141241 -0.02670608  0.00469307 -0.05426567 -0.00131433
  0.11805145  0.09885606  0.0754315  -0.00249245 -0.02175812 -0.01688368
 -0.02064247 -0.0160187   0.01094172 -0.0382508  -0.00549393  0.03381919
  0.01041045  0.00377639  0.0068858  -0.00940417  0.11911211  0.07855717
 -0.03714398 -0.06401848  0.02451318  0.01874497  0.06677456  0.07781892
 -0.00200917  0.06689315  0.00833901  0.08879288 -0.02881167  0.0283118
  0.01092578 -0.03822715 -0.0591833  -0.04694858 -0.04051765 -0.0413365
  0.01274225  0.01829445 -0.05232997 -0.00159729  0.0391607  -0.04093418
  0.04738554  0.09213594 -0.03550505  0.05434129 -0.01027278  0.06132958
 -0.01786374 -0.03062627  0.05322792  0.02642093  0.05384357  0.04505675
  0.02976204 -0.05307688 -0.01482228 -0.03085779 -0.00292696  0.13062577
 -0.00806038 -0.00525807 -0.05676751  0.05032387  0.0157734   0.09685644
 -0.03130067 -0.06816374  0.03302467  0.00288522 -0.00222987  0.06076137
 -0.0178821  -0.01369013 -0.05907806 -0.08080044  0.0035267  -0.02301382
 -0.01044453 -0.01998924 -0.0239718  -0.08730822  0.07173176 -0.04015948
  0.04505299 -0.06038991  0.05069145 -0.00357891 -0.03106034 -0.05656993
  0.02365091 -0.02894688 -0.02750512  0.05591631 -0.0115393  -0.11270666
 -0.02738618 -0.03101607  0.00516045 -0.01110413  0.04722043 -0.04570078
  0.02227786  0.02477249  0.02873862  0.02436125 -0.06055243 -0.00947724
 -0.01245972 -0.01428491  0.08980489  0.0546755   0.01379428 -0.06611909
 -0.01915262  0.02816416 -0.05796561 -0.02318216 -0.02533905  0.06647597
 -0.0560034  -0.01564397 -0.0317911   0.01245722  0.00451754  0.0035456
 -0.05496077 -0.00377323  0.01542709  0.01555513 -0.03888339  0.07004449
 -0.04902477  0.04620279 -0.07965749  0.03235509 -0.03072207  0.00472154
 -0.05574767  0.00159458 -0.05239816  0.05660833 -0.02156444 -0.00221557
  0.00805087 -0.03870978 -0.00943903  0.04180006 -0.06243195  0.00920626
 -0.1216488   0.11799826 -0.05783964  0.02157071 -0.00110709  0.0133126
 -0.08714449  0.03235571 -0.05941012  0.04987682 -0.06950653 -0.03739547
  0.02179302 -0.016726    0.03251326 -0.0891646   0.02148329 -0.06179226
  0.06460174 -0.00807019 -0.03551906  0.00210306 -0.03898028  0.01454905
 -0.0213817   0.0339633   0.04446676 -0.00283764  0.01164711 -0.01472663
  0.02320071  0.0219788   0.01347707 -0.02365947 -0.02945485 -0.07011249
 -0.06623963 -0.01110969 -0.01036496 -0.03845276  0.08101793  0.04171575
  0.07040607 -0.07212264 -0.00973768 -0.00827775  0.02813421 -0.05273785
  0.08776959 -0.05054835 -0.0008508   0.09483024  0.04357848  0.06070967
 -0.01173787 -0.05460753  0.04883969 -0.03092741  0.00144133 -0.01904782
  0.00178355 -0.02121267 -0.04505231 -0.06937656 -0.04783178  0.01217918
 -0.00373546  0.02331665 -0.01704838 -0.0035436  -0.0444336   0.02322271
  0.03518816 -0.05510253 -0.02220089 -0.05486378 -0.10486633 -0.03261427
 -0.05050823  0.02506191  0.14099379  0.02042145 -0.03994014 -0.02453362
  0.03085681 -0.03989406  0.06369255  0.02494719 -0.00062078 -0.01415769
  0.0351663  -0.04174233 -0.03389167 -0.02330527  0.09099448  0.036689
 -0.03133097  0.03628018  0.02594772 -0.02040251 -0.04482231  0.00274269
 -0.01835051  0.00371504  0.03489845 -0.03894096  0.03342943  0.05914936
  0.02593379 -0.05134252  0.07385969 -0.00684609  0.04029379 -0.03434807
  0.01121991 -0.06355     0.02194062 -0.06075489  0.00757719 -0.06428164
  0.01678191 -0.04602244 -0.04269433  0.05040738  0.08411898  0.03934804
 -0.07093785 -0.02863993  0.01702925  0.00045873 -0.03479961  0.04480217
  0.02855902 -0.01785124  0.05345073 -0.00893491 -0.01072593  0.04505859
 -0.05734747 -0.02959747  0.03149285  0.0729951   0.01707802 -0.00740346
 -0.01221954  0.07083813 -0.0486241  -0.00727505 -0.02301491 -0.02244291
  0.02431057 -0.05910828 -0.02094344  0.03296408 -0.02429488 -0.05336709
 -0.03090559 -0.03295675 -0.00162167 -0.0176604   0.00440713 -0.02783966
 -0.03455977  0.03625063  0.05788819  0.03489655  0.03856871  0.03625182
  0.03313034  0.00108693 -0.04293106 -0.00968997  0.01034418 -0.02403386
 -0.0678261   0.03386075 -0.07550658 -0.06848484  0.02212303  0.06324925
  0.04407599  0.00353814  0.05914084  0.07140195 -0.04667425  0.04237524
 -0.00776126 -0.01555228 -0.0009916   0.00097849  0.02781842  0.00580019
  0.07966482  0.01983354  0.03688335  0.0401929   0.03465566  0.06444281
 -0.01877845 -0.0525622   0.0167851   0.07172771  0.00171284  0.0142523
 -0.02318433  0.01628724 -0.03112309 -0.00605043  0.02462219  0.00204678
 -0.0479516   0.01237089 -0.09127752  0.00977356  0.03937598 -0.00492723
 -0.00319576  0.06976663 -0.03923846  0.02306904  0.05196248  0.06356025
  0.03623271 -0.02987785  0.06090739 -0.04538051 -0.02905252 -0.09812172
 -0.02319478  0.09900501 -0.00388933  0.07550151 -0.00043412  0.02594994
  0.05303236  0.00297394  0.04311249  0.00642887  0.01554355 -0.02702952
 -0.0033672  -0.03474701 -0.05400876 -0.00292652 -0.00614051 -0.05821696
 -0.0583751  -0.00934972  0.06946616 -0.0060528   0.00097134 -0.07285571
 -0.07034941 -0.03763897 -0.01029158  0.00743713  0.02713514  0.00852801
  0.03157157  0.0280358   0.0442713  -0.01397054 -0.07232571 -0.01481835
  0.04409341  0.01912333  0.01575943 -0.03289336 -0.04537519  0.02288456
 -0.0298947  -0.08839636 -0.02519422  0.05238911 -0.04196106  0.01430994
 -0.02758023  0.06940216  0.02499626 -0.02965236  0.01297198 -0.00921764
 -0.14915393  0.03612695 -0.01483694 -0.02829714  0.02622236 -0.0668446
  0.06815495 -0.06214469 -0.00998426  0.02786365  0.03720976  0.0645924
  0.07016925 -0.01515162]"
Other,"[-0.06088421  0.01299685  0.01099438  0.00518181 -0.02459804 -0.01322263
 -0.02728974  0.02190278  0.01007335 -0.01937151 -0.03855911  0.00753557
  0.08518586  0.0058741  -0.03381778  0.00706911  0.03090226  0.04333237
 -0.05704235 -0.06929584 -0.07351153  0.06207206  0.0438356   0.04001456
  0.04134384 -0.02464166 -0.04731655 -0.03405087  0.0062208   0.00849185
 -0.03576308  0.05137366  0.02355593 -0.10521398  0.01704253  0.055316
 -0.02168018 -0.05713578 -0.04964207 -0.08311645 -0.05071536 -0.00474038
  0.02985472 -0.1066803   0.0306153   0.03102789  0.02603273 -0.01506321
  0.0480122  -0.00162903  0.01901807  0.03318109  0.05422002  0.03117316
 -0.00497994 -0.00465666 -0.013692    0.03963907 -0.00366066  0.02930591
  0.03813342 -0.09825139  0.05771941  0.05689448 -0.0614488   0.00817713
 -0.05212105  0.10169472  0.06740438  0.08596788 -0.0052524  -0.01294885
  0.08600092  0.02622926  0.00803719 -0.06037741 -0.05996178  0.01785624
  0.04096927  0.03020919  0.03268704 -0.02647928  0.01647544 -0.0360208
 -0.04938678 -0.02221039 -0.00547791  0.01244519  0.070844   -0.00169891
 -0.00651756  0.09368777  0.0717442   0.04394688 -0.0460848   0.02455489
 -0.01837712 -0.03050456  0.01073167 -0.01041332 -0.02991716 -0.01266586
 -0.00628919 -0.03988814  0.01854773  0.00579567 -0.01116901 -0.07118621
  0.01473573 -0.01671646 -0.02851539  0.02893171  0.01123239  0.01828279
  0.01088264 -0.00453639  0.00700491 -0.03169135 -0.08039209 -0.04958081
  0.01962465 -0.04249668 -0.03523219 -0.00717962  0.07097759  0.04969539
 -0.01396021  0.05282315  0.00829885  0.00849511  0.06174019 -0.0298644
 -0.02814055 -0.00528826  0.01218301  0.02701648 -0.0435749   0.02593833
  0.00087934 -0.03256014 -0.07732518  0.01623269  0.00678913 -0.05897073
  0.00417917  0.01804894  0.00857618 -0.05927785  0.01636789  0.04275429
 -0.02441529 -0.05109666  0.01836679  0.05337525  0.00377818 -0.01531107
  0.00409265 -0.06587057 -0.0110358  -0.02216953 -0.00577151 -0.0086975
  0.04422964 -0.07247217 -0.00604656 -0.1316299   0.00072994  0.04431737
  0.01576689 -0.04482821 -0.03980272 -0.04412423  0.00348686  0.04893724
 -0.08838698 -0.03003119  0.02237688  0.04907284  0.00107207 -0.00353099
 -0.05321684  0.00232571  0.0006389  -0.0234875   0.05228492  0.01507966
  0.01112893 -0.04938046 -0.06811906  0.00646753 -0.0425429   0.00560185
 -0.0211915   0.03124096 -0.03261499 -0.00263131  0.01317015 -0.11268873
  0.06244126 -0.03969386 -0.00774156  0.05349948 -0.04621958  0.03882964
 -0.05350175 -0.09181279  0.00653148 -0.02646199 -0.03947975 -0.01382586
 -0.01043882  0.08060143 -0.02307801  0.0498026   0.03645009  0.10944433
  0.031449    0.01881424 -0.00097629 -0.04914477  0.00127448  0.0880439
 -0.01929873 -0.00491563  0.05060702 -0.01685441 -0.08731261  0.06935393
  0.0919779   0.02611439  0.04432707 -0.07452188  0.06945174  0.05299385
 -0.02230904 -0.0002031  -0.07347352 -0.02588036  0.06562444 -0.03005139
 -0.00342319 -0.02524453 -0.00345644 -0.04969788  0.05586279 -0.01725492
 -0.01708104 -0.02727805  0.09507134 -0.05800483  0.02966849 -0.06018303
 -0.05696011  0.02881541  0.03901801 -0.03683551  0.05992361 -0.0442438
 -0.04313283 -0.00103975  0.01994065 -0.03481185 -0.00936998 -0.01149142
  0.04995508 -0.09362617 -0.05026631  0.03096779  0.02888722  0.09406419
 -0.01781893 -0.04489282  0.06484357  0.00365997  0.01654447  0.00046009
  0.06742856  0.06680748  0.01342186  0.02762318  0.04083628 -0.01342556
 -0.02895956  0.00061492 -0.00218173  0.04269392 -0.02467226 -0.00111128
 -0.09005132 -0.06115605 -0.04069197  0.04458096  0.02109511 -0.0677512
 -0.009337    0.06063851  0.02562605  0.00305006 -0.03759491  0.068454
  0.07564453  0.02072587  0.08915979  0.0123663   0.01546083 -0.03452563
  0.03530455 -0.12573606 -0.03639091 -0.04781288 -0.01261683 -0.00940488
 -0.02727892 -0.0112749   0.04526517 -0.00909644 -0.02826934  0.01948883
 -0.04561888 -0.00331812  0.0018497  -0.05358392  0.04332987  0.03985872
  0.00443747  0.00558607 -0.05299652 -0.0316918   0.03338343 -0.01629371
  0.05392869  0.00960785  0.07737063 -0.07634022 -0.03188152 -0.00221643
  0.03350817  0.04530474  0.0601394  -0.01423843  0.00732072 -0.02318866
 -0.03709597 -0.05076521  0.10793668 -0.00462904 -0.01895698  0.03453274
  0.06724404 -0.00818612  0.09671329 -0.04738901 -0.05768108 -0.03757579
  0.00561382  0.04698333 -0.05949953 -0.00023942  0.00715115 -0.01094845
  0.0285717  -0.04369287 -0.02039976  0.02620506  0.05332159 -0.0674507
  0.03948686 -0.00233496 -0.0554014   0.01393842 -0.00175959  0.03766536
  0.02625782 -0.02059201  0.07253382  0.0629887  -0.02740991 -0.01481494
 -0.05483408  0.04806199 -0.04245348  0.08223797  0.06689786 -0.01428063
 -0.02276153 -0.01080041 -0.11160677 -0.01638384 -0.00438331  0.03044999
 -0.00261841 -0.0751085  -0.02248358 -0.00390922 -0.00666946 -0.01892285
  0.07351267 -0.03508974 -0.03674201  0.06484015 -0.10098812 -0.03061957
 -0.0517292   0.01487213 -0.00939693 -0.07026862  0.05385251  0.09538233
 -0.05571789  0.02464775  0.01624425  0.02434248 -0.00503716  0.037296
 -0.03269123  0.06222162 -0.03935663  0.05861985  0.00918195  0.03223746
 -0.03395503 -0.04517604 -0.00496507 -0.01015843  0.01356192  0.0336661
  0.00081087 -0.00417842 -0.03165622 -0.01561612 -0.03259841 -0.01652924
  0.01960567  0.0218707  -0.02028582 -0.03011551  0.01836563 -0.01565597
  0.0001331   0.01256916  0.0414893  -0.02599777  0.02273899 -0.04150006
 -0.02146302  0.03273712 -0.08782892  0.01180754  0.08032157 -0.01713579
  0.00797607 -0.01846138  0.05585318 -0.0407506  -0.00095406  0.00209656
 -0.02499661  0.00873837 -0.0311537   0.02773215 -0.12744552 -0.10151609
 -0.02971721  0.0384571   0.04234819  0.04326937  0.01278823 -0.07579169
 -0.0220056  -0.01880996 -0.07394306 -0.0094541  -0.06885907  0.05437377
 -0.00740135  0.0244858  -0.06748997 -0.07579752  0.02421579  0.04112811
  0.02244502 -0.03097677 -0.00983718 -0.07809271 -0.01431225 -0.07236058
  0.02928296 -0.01784294  0.03099213 -0.02269777 -0.04711492  0.0200145
 -0.02717076 -0.05024438  0.04410347 -0.03140461 -0.02567614  0.12421034
 -0.02301547  0.00612519  0.00836925 -0.05139578  0.01877831  0.02439542
  0.04981157  0.03274963 -0.01076756 -0.05823204  0.09637217 -0.0261581
 -0.01591179 -0.02187022]"
Other,"[ 0.03281426 -0.00494237  0.03955915  0.0545745   0.01663413  0.04199213
  0.02060717  0.04124838  0.00828787  0.01269369  0.04704095  0.09239743
 -0.04359733  0.06786218  0.00927414 -0.01045444  0.026317    0.07362702
 -0.08729663 -0.02691186  0.02166265 -0.00959694  0.04227905  0.00400338
 -0.06974144 -0.02335959 -0.07597255  0.02521079 -0.0498955  -0.03406323
  0.03499891 -0.02182789  0.02525406 -0.08405802  0.07016502  0.03897042
  0.00135852 -0.06731444 -0.02816794  0.01826692  0.00636672  0.05005994
 -0.04740854 -0.04579111  0.05483004 -0.01572043  0.04616556  0.04190391
  0.02689245 -0.03309019 -0.03248883  0.01014665  0.05084245  0.03214839
 -0.01141247  0.00038003 -0.02757674  0.03247828 -0.02741963  0.003869
 -0.01311688  0.04157739  0.0073463   0.0148195  -0.00761993  0.0126218
  0.02841483  0.00537471  0.13648006  0.00482008  0.02017519  0.05222372
 -0.03380084 -0.02849768  0.03520349 -0.02256678  0.01342927  0.00657306
  0.00673706  0.06114765 -0.01813587  0.0113311  -0.04260544  0.04344639
 -0.00096274  0.00200019  0.08502464  0.05383406  0.01618893 -0.01271365
 -0.02012311  0.04835991  0.00402029 -0.0251653   0.0402074   0.04885376
 -0.03795391 -0.00149036 -0.03008404  0.02047468  0.05076413  0.01817034
 -0.02449298 -0.00380984  0.09344813  0.04475186  0.02668108 -0.00470486
  0.02007585 -0.01826769  0.07277024  0.05543193 -0.03677909 -0.03538667
 -0.0169846  -0.08073228  0.05042938 -0.06932444 -0.07872304 -0.00936193
 -0.06981154 -0.00782035 -0.02811527  0.00200154 -0.0497049   0.01092936
 -0.06816161 -0.03127124  0.01352414 -0.02730639  0.00596473 -0.02311652
  0.06292082 -0.0878577   0.0325885   0.04660884 -0.01756621  0.03363502
  0.06917865  0.01774386  0.04139408  0.04969621  0.02132909  0.0521519
 -0.01178626 -0.00385643 -0.08229633  0.02495839  0.00877215  0.05709214
  0.00432835 -0.09192479 -0.05394398  0.00364345  0.00144779 -0.00112093
  0.00862796  0.02336272 -0.07726869 -0.0675085  -0.0092641   0.0128812
 -0.0435131   0.07114974  0.02473322  0.0054123  -0.03466083  0.05648653
  0.01745397  0.01117614 -0.05286282 -0.0685528  -0.09722106 -0.02019273
 -0.00937465  0.0263011  -0.04919425  0.02389263  0.00554183  0.01139768
 -0.14321974 -0.04551213  0.02876357 -0.02099546  0.01564887 -0.05452412
 -0.0139756  -0.04612653 -0.01779369 -0.02476153  0.00538628 -0.02412329
  0.03458212  0.01345195  0.00143373 -0.00851743 -0.00516156 -0.05881844
  0.04318742  0.02086052  0.02705905  0.06619016 -0.01753383 -0.03858189
  0.03703266 -0.03642344 -0.05763407 -0.00742152 -0.03008759  0.01349732
 -0.08252954 -0.02602492  0.01591084 -0.06168068 -0.07927194  0.03420609
 -0.01294371  0.0587839  -0.00404013 -0.0002037  -0.01879543  0.01696779
  0.0336408   0.04282582  0.04094061  0.00422475 -0.00882328 -0.0164609
 -0.03858925 -0.00593556  0.0690951  -0.00077222 -0.00439418 -0.07288084
  0.07317782 -0.00552938 -0.00671688  0.07746037  0.02006915  0.01929912
 -0.02929964 -0.02182003  0.16039576  0.05209241  0.07230325 -0.04788115
  0.07425428 -0.02326234  0.0130135  -0.01049723  0.0329197  -0.03303868
  0.0173041   0.09199267  0.01477706 -0.04047844 -0.01974774  0.0899175
  0.02983766  0.04784439  0.06403013  0.01904854  0.09178647 -0.04960879
  0.00286935 -0.02742184 -0.01249373  0.06815643  0.01601243  0.01440829
 -0.04847585 -0.09506753  0.00988367  0.00579462  0.02474432 -0.1111758
 -0.06329335 -0.04178783 -0.06558796 -0.05517019 -0.00244094  0.01944059
 -0.04379162 -0.01898417 -0.05711839  0.02124321  0.00782408  0.0330827
 -0.03903605 -0.00517255 -0.00074686 -0.01828667  0.04690864 -0.02974845
 -0.01507455  0.04234223  0.01881677 -0.04995541 -0.07425581 -0.05529848
  0.0447581   0.02133469  0.04255825  0.04153953  0.04138373 -0.0263474
 -0.05524174 -0.05211383  0.0127065   0.01546035  0.04416071 -0.00430312
  0.0214729   0.08154535  0.08336652  0.03422118  0.00091462  0.03744561
 -0.06857443 -0.06553477 -0.03037133 -0.01480634  0.01144977  0.05151911
  0.02745348  0.00143117  0.01710629  0.05288829  0.05088837  0.07870615
  0.01360697  0.07330255 -0.07134461  0.0235491   0.02795982 -0.00357993
  0.05530782  0.07815365 -0.02579429 -0.02352328  0.07347494 -0.07369925
  0.0212813   0.01267997 -0.00674618  0.01091835  0.04390108  0.03077029
 -0.0060017  -0.07722979  0.03635646  0.00680631  0.03389844  0.00021117
  0.05131239  0.08327164  0.03186996  0.04065795  0.06807014 -0.00578652
 -0.07550105  0.11256909 -0.01594554 -0.00250562 -0.05183161  0.08129031
 -0.01756728  0.05090069  0.02712581  0.04449673 -0.04361849 -0.00998994
  0.0989596   0.04241078 -0.01206169  0.10676268  0.03423828  0.05836006
  0.03620219  0.03724931 -0.00608835  0.03734539 -0.03413762  0.03686672
  0.07531803  0.06824467  0.03804624 -0.06591112 -0.06661779  0.0326186
 -0.03022753  0.01354332 -0.05280728  0.00460725 -0.02326268  0.04359769
 -0.05854006 -0.05331116  0.01108748  0.07673728 -0.02698632 -0.0587239
  0.01146982  0.00233429 -0.02477694  0.01996561  0.03349711 -0.05370567
  0.03433656 -0.02544059  0.05962118 -0.01863127  0.00886449 -0.00890979
 -0.08269926  0.0039925  -0.00158235 -0.03654291  0.04758777 -0.03466116
  0.08878578  0.00546064 -0.05056874 -0.01960106  0.05714958  0.02074264
  0.02133872  0.04245423 -0.02344352 -0.05729857 -0.02110308  0.05761569
  0.03121905 -0.04650735 -0.07035473 -0.02772179 -0.05218917  0.09074745
 -0.0357835  -0.02136718 -0.021895   -0.0268451  -0.00454497  0.01854363
 -0.00079427 -0.02862722 -0.02844073  0.02386057 -0.03793414 -0.01329234
  0.03359814 -0.03910491  0.04537183  0.03351546 -0.02682451 -0.0658436
 -0.01656061  0.07344174  0.03857759 -0.01527753 -0.05752986  0.00860289
  0.00553178 -0.02226682 -0.03356636  0.01396884  0.01171314  0.01837382
 -0.0106016  -0.02292655 -0.03977135  0.00565867  0.04052504 -0.07674171
 -0.03433149 -0.01120668 -0.06834814 -0.03506263  0.0552016  -0.0203001
  0.01133279  0.0820073   0.00589173 -0.00093555 -0.00774358  0.00689988
 -0.00017658 -0.06889015  0.08493137 -0.09635555 -0.04377588  0.01577013
 -0.06919695  0.02956247  0.04952984 -0.05294972  0.00222127  0.03409638
 -0.05506878  0.0463629  -0.03730765  0.0440864  -0.0073957  -0.00794228
 -0.03362236 -0.05076666  0.01970162  0.06745486  0.0335686  -0.04640884
 -0.06722378 -0.01522218]"
Other,"[-3.99041548e-02  1.56760942e-02  1.12633407e-02  8.96068010e-03
  3.60379042e-03  3.46792713e-02 -6.20952249e-02  9.78026353e-03
  3.89509909e-02 -2.98103062e-03  8.94816071e-02  1.07010957e-02
  1.02386147e-01  8.30264911e-02 -1.72076728e-02  1.28594413e-02
  3.35279517e-02  8.37701038e-02 -7.74803087e-02 -3.18504386e-02
 -5.26085198e-02  1.74714252e-02  5.62551916e-02  9.56529472e-03
 -5.07322885e-02 -4.61514108e-02 -2.04869490e-02  7.85791595e-03
 -8.02605413e-03 -5.67697510e-02 -1.78060811e-02  1.73149165e-02
  3.07037290e-02 -1.71310361e-02 -9.74846014e-04  1.11732490e-01
  1.96477268e-02  3.30825299e-02 -3.42906490e-02 -9.39987134e-03
 -3.91834266e-02 -2.51599178e-02  5.07014729e-02 -5.90235069e-02
  1.20716775e-02  2.56487262e-03  5.87999746e-02  5.21493070e-02
 -4.30259258e-02 -1.42897507e-02 -1.47294989e-02  4.69663031e-02
  2.98256762e-02  3.29518281e-02  1.00751212e-02  2.11395845e-02
 -1.37359612e-02 -3.28187235e-02  4.42571864e-02 -2.10165866e-02
  5.16152494e-02 -3.90318334e-02  2.47233268e-02  2.13385429e-02
 -1.27302287e-02 -2.29978003e-02  1.44220442e-02  4.99185733e-02
  7.69678801e-02  1.07516110e-01  3.59016731e-02 -7.81436935e-02
  3.25168371e-02 -2.64588930e-02  2.59765680e-03 -6.07351288e-02
 -5.35644740e-02  3.37436013e-02 -2.66354568e-02 -5.20511381e-02
  2.18186919e-02  9.41031650e-02  8.51397123e-03  3.27627212e-02
 -4.33895364e-02  2.87712626e-02  8.45457613e-02  5.97809150e-04
 -1.41162286e-02 -4.68928851e-02 -7.22160265e-02  8.19107741e-02
 -2.77186241e-02  2.64722016e-02 -3.58200935e-03  2.59493273e-02
 -4.99513596e-02 -5.53380549e-02  1.59165207e-02 -3.66344787e-02
 -3.65256076e-03  4.03664336e-02 -4.77541015e-02 -6.00587130e-02
 -5.36921285e-02  3.88710164e-02 -1.99149400e-02 -7.55021274e-02
 -4.33289781e-02 -7.59130018e-03 -6.46239743e-02  3.26662697e-02
 -4.46481071e-02  3.08687072e-02  2.61875354e-02  5.56388274e-02
  7.91790634e-02  2.53921207e-02 -5.68797514e-02 -6.76082075e-02
 -2.29330529e-02 -5.21698855e-02 -2.76179090e-02 -2.30450127e-02
 -2.57272609e-02  3.26181669e-03 -8.35644603e-02  7.95212388e-02
 -2.44363695e-02  3.53773823e-03  1.22492732e-02 -1.05771730e-02
 -4.75754626e-02 -4.46130633e-02  3.43621783e-02  1.65713672e-02
 -7.44889677e-02 -3.16915996e-02  3.56873963e-03 -3.15236785e-02
 -7.14685861e-03  1.47935459e-02  6.35345876e-02 -4.45770659e-02
 -5.89171750e-03  4.54167984e-02  1.00766597e-02  9.24389903e-03
 -4.84711258e-03  1.82481445e-02  2.38921735e-02 -8.16158280e-02
 -1.87402684e-02  5.98014891e-02  1.42569132e-02 -1.90113150e-02
 -1.54846357e-02 -3.55979279e-02  2.34711431e-02 -1.24245517e-01
 -4.23654057e-02  8.27058628e-02  3.92972752e-02  8.19504168e-03
  3.44551317e-02 -1.25042975e-01 -5.13850749e-02 -1.02485754e-02
  4.40440723e-04 -1.30518302e-02 -1.00639192e-02 -2.95445952e-03
 -3.87213305e-02  3.48379910e-02 -2.39222385e-02 -1.02483183e-02
  3.15172300e-02  6.88522607e-02 -4.24656272e-02  1.46129336e-02
 -4.80698086e-02  1.56844349e-03 -2.70043314e-02 -4.76403348e-02
  4.66910861e-02  2.65891310e-02 -9.63405892e-03  3.23685110e-02
 -3.74338664e-02 -6.34598583e-02 -1.14335213e-02  4.50365804e-02
  1.28722554e-02  2.70161796e-02 -1.29550928e-02 -9.28328745e-03
 -2.90447306e-02 -5.21226637e-02  1.78097747e-02  3.33525389e-02
 -4.36235219e-03  3.48564051e-02  2.41062641e-02  1.06265116e-02
 -3.33842188e-02 -1.28367282e-02 -4.32684273e-02 -2.45509446e-02
 -4.69419267e-03 -1.58729944e-02 -5.92198409e-03  2.98129711e-02
 -6.91516995e-02  5.45376539e-02 -3.20954621e-03  3.26493755e-02
  2.51239538e-02  3.29189226e-02 -6.30138908e-03 -3.56193632e-02
  5.71716353e-02  3.06251105e-02  2.15431843e-02  6.01181481e-03
  4.54403199e-02 -7.89557584e-03 -7.17778429e-02  4.44149524e-02
 -1.71741918e-02 -1.33001581e-02  2.99783802e-04 -1.20190112e-02
  8.34383294e-02  4.05586371e-03  1.40693290e-02 -1.40448678e-02
 -1.89548153e-02 -5.25189675e-02  8.51189569e-02  1.34684378e-03
 -4.92285332e-03  6.63363375e-03  4.16851826e-02 -5.36195114e-02
 -2.36488022e-02 -5.52161504e-03 -3.72890346e-02 -7.92480819e-03
  3.22180800e-02  5.46770319e-02 -4.39071022e-02 -7.66366646e-02
 -4.49375995e-02  4.90906611e-02  3.75679322e-02 -2.34804116e-02
  4.82383408e-02 -3.24459188e-02 -4.96707000e-02  2.10169200e-02
 -7.38553703e-03 -8.57243538e-02  3.28573957e-02 -7.46747404e-02
 -8.23308453e-02 -1.15977257e-01  4.20073830e-02 -3.56887802e-02
  4.76126112e-02  5.09276204e-02  2.65700873e-02 -3.10374964e-02
  2.90397909e-02 -1.30817294e-02  3.63128376e-03 -1.29483256e-03
  1.07722473e-03  1.01924418e-02  2.16255859e-02  2.35493220e-02
  1.05442265e-02 -3.63978297e-02 -2.71308664e-02 -8.10801890e-03
  2.25238539e-02  7.94048980e-02  4.34772857e-02  9.72624868e-03
 -6.61479235e-02 -1.01702154e-01  4.76533845e-02  6.46302551e-02
  3.59884314e-02 -2.83778068e-02 -7.22545711e-03 -1.58770401e-02
  3.41978297e-02  6.64236546e-02  6.72853813e-02 -3.53147052e-02
  5.99431805e-02  4.25953008e-02 -1.20546343e-02 -2.96973828e-02
  5.01120202e-02 -5.84317446e-02  7.34617608e-03 -5.49726635e-02
 -3.41449231e-02  1.79943740e-02  9.76653397e-03 -3.53204980e-02
 -3.04055624e-02 -6.54875115e-03  5.84510006e-02  3.75123769e-02
  5.20448722e-02  1.11198537e-02  3.06386668e-02  2.41133440e-02
 -4.69646417e-03 -3.83388624e-02  4.93669510e-02 -5.70014119e-03
 -2.22686166e-03  6.13928176e-02 -3.76635641e-02  6.92955256e-02
  1.39554843e-01  6.14606543e-03  4.41584550e-02 -4.59025502e-02
  1.57349203e-02 -7.17482418e-02  1.06076116e-03  3.24336514e-02
  4.57021371e-02 -7.02538528e-03 -1.97285954e-02  2.89509464e-02
 -2.00720020e-02 -5.30657284e-02 -3.52306925e-02 -2.90946290e-02
  1.24352977e-01  1.51127707e-02 -1.02219008e-01  8.59082565e-02
  7.96953514e-02  1.36491638e-02  7.98344612e-02 -6.79195672e-02
 -6.63496107e-02  4.01931554e-02  3.35682780e-02 -3.12784314e-02
 -4.94915582e-02 -1.58468932e-02 -3.41311470e-02  5.74433841e-02
  5.16140424e-02 -2.19619414e-03 -8.24441910e-02 -2.08176784e-02
 -3.52739766e-02 -2.81571634e-02  5.54766059e-02  1.03531979e-01
  9.91232600e-03 -8.26461837e-02 -1.45858703e-02  3.74610163e-02
  2.87673622e-02  3.55467433e-04  1.54284202e-02  5.42634465e-02
 -2.41089594e-02 -2.17293855e-02 -4.31331880e-02 -5.10031544e-02
 -6.11238508e-03  2.86555719e-02  3.06215789e-03 -3.19064483e-02
 -2.09776051e-02 -7.20208362e-02 -1.02534875e-01 -1.94686707e-02
 -1.29047083e-04 -4.99453247e-02  8.79829400e-04  8.02702177e-03
 -1.08069750e-02 -1.86882149e-02 -9.37089324e-02 -6.56202622e-03
  1.00550391e-02 -2.52078883e-02  4.61163633e-02  6.93551898e-02
 -5.79896234e-02  3.75618637e-02  1.59159377e-02 -1.29832933e-02
  8.66859704e-02 -6.89036271e-04  5.18802069e-02  5.77384010e-02
  2.92120017e-02  4.69681481e-03  3.69182741e-03  4.12116423e-02
  7.57367089e-02  8.05225074e-02 -3.83046754e-02  3.78062241e-02
 -1.68173779e-02  1.07444692e-02 -3.51075805e-03  1.59641355e-02
  3.95076312e-02 -6.86616078e-02 -9.55219045e-02 -7.08578737e-04
 -3.24733630e-02  4.27491367e-02  2.74490919e-02 -2.52775960e-02
 -2.31168885e-02  2.08593421e-02 -2.65986342e-02 -1.45888096e-02
 -2.35671792e-02 -2.18729507e-02  1.55852772e-02  8.96778423e-03
 -4.72075455e-02 -8.45551789e-02 -1.61962286e-02 -6.44510146e-03
  3.80530022e-02 -1.44677665e-02  1.08525483e-02  1.63234100e-02
 -2.49280687e-02  1.94900669e-02 -9.65018272e-02  3.70268263e-02
  2.38304976e-02  3.69282775e-02 -2.58293021e-02  5.47801964e-02
  1.98270287e-02 -8.71369150e-03 -1.19126970e-02  2.89325099e-02
 -7.65186548e-02  3.32956165e-02 -1.05412640e-02  3.34981158e-02
 -7.61717558e-02 -3.24891955e-02  2.68924311e-02  5.65902479e-02
 -5.37886843e-03 -2.84566451e-02  2.85011884e-02  3.05934343e-03
 -1.14920475e-01  5.29815964e-02 -3.28993611e-02 -4.71287780e-02
 -2.65231486e-02  4.18357588e-02 -3.74320745e-02  3.30958404e-02
  1.86987575e-02 -1.52551802e-02  5.26763871e-03 -5.14676236e-02
  6.63208961e-02 -5.24442419e-02 -9.30115581e-02 -1.29772112e-01
 -9.18392316e-02  2.69778632e-02  2.86298431e-02  2.93833762e-02
  8.31797719e-03 -9.40405112e-03 -1.55571876e-02 -3.20453905e-02
  1.97998416e-02  3.33159529e-02 -4.90279589e-03 -9.80406553e-02
  7.46247778e-03  6.57310188e-02 -5.21332696e-02 -2.88200974e-02
 -2.14839750e-03 -6.77877979e-04  2.57964768e-02 -2.40798090e-02
  4.63763513e-02 -4.24918719e-03  6.26535295e-03 -1.61268041e-02
  4.53467220e-02  1.50673278e-02  7.75410747e-03  9.39824283e-02]"
Other,"[-5.77910282e-02  4.34341729e-02 -9.10490472e-03 -2.93311346e-02
  7.97266513e-02 -2.28081476e-02  1.69238579e-02 -8.62137824e-02
  1.02934323e-01 -1.96422618e-02  4.71786931e-02  5.19708879e-02
  4.87491712e-02 -8.38447548e-03 -6.73155263e-02 -9.47926100e-03
 -1.70571394e-02 -3.91493440e-02  7.61340335e-02  4.38569263e-02
  7.05051944e-02 -2.44162474e-02  8.17224234e-02 -2.57997699e-02
  1.84787288e-02 -2.20096577e-02  8.92822519e-02 -7.45259970e-02
  2.84758974e-02 -1.37318356e-03  5.05569056e-02 -3.52784665e-03
 -4.79225554e-02  3.38945203e-02  4.82951142e-02 -4.34918242e-04
  6.97912946e-02 -3.97892483e-02 -1.09466370e-02  3.64652425e-02
  9.69582796e-03 -9.56921875e-02 -4.37917672e-02  6.67871088e-02
 -1.04548104e-01 -2.55854949e-02 -2.05026660e-02  7.15139881e-02
 -3.81807573e-02 -5.38068777e-03 -6.25963733e-02 -7.88481608e-02
 -2.92216409e-02  4.48377654e-02  7.12425336e-02 -4.52545052e-03
  3.74752544e-02  3.49281505e-02  2.63735820e-02 -3.57805155e-02
  6.89445958e-02  5.07373139e-02 -3.57335247e-03  5.14953434e-02
  6.97069839e-02 -2.18983609e-02 -3.10324784e-02 -5.58467507e-02
 -3.87203433e-02 -2.41790619e-02 -3.38140950e-02 -1.61628257e-02
  2.69911289e-02  4.74497192e-02  1.53785609e-02 -1.49763785e-02
 -5.40112704e-02 -4.97846939e-02 -2.51149554e-02 -2.47442280e-03
  1.66900232e-02 -3.91720161e-02 -1.65684558e-02  2.08138349e-03
 -2.51967995e-03 -1.13047818e-02 -2.71028094e-02  1.14477901e-02
  8.97747371e-03  2.57275556e-03  7.01857284e-02  4.87406142e-02
 -9.11563449e-03  1.56551190e-02 -1.52618531e-03 -9.46972147e-03
  5.90373436e-03  1.03412054e-01 -3.90807427e-02 -5.06961858e-03
  3.07359230e-02 -3.34480293e-02 -2.18013152e-02  2.77757575e-03
 -5.44302315e-02 -1.72724724e-02 -1.23334797e-02  4.04592557e-03
 -1.76233035e-02  5.42829782e-02  5.94482757e-02  3.81188020e-02
 -3.61505114e-02  5.61634405e-03  5.51714795e-03 -1.73420683e-02
 -2.29582712e-02  7.10203499e-02  3.37945931e-02  4.55786139e-02
  2.48547662e-02 -8.72568879e-03  3.64118777e-02  5.84977260e-03
 -4.75918278e-02  8.56932066e-03  5.61971329e-02 -5.15283570e-02
 -6.02259748e-02  2.76187947e-03 -2.16094665e-02  5.35830930e-02
 -8.72688554e-03 -1.94791388e-02 -4.57351692e-02  2.08463427e-02
 -6.31366521e-02  1.05893044e-02 -5.54495156e-02  4.56381543e-03
 -7.67047778e-02  3.57033941e-03 -2.30014194e-02  5.34853414e-02
  9.61305667e-03 -2.34985445e-02  2.44667288e-02  7.74646699e-02
  6.24678507e-02 -7.86729679e-02  5.85038401e-02  1.01819851e-01
  2.04732735e-02  1.20445425e-02 -1.37946494e-02  8.80930480e-03
 -7.28862286e-02  3.56569812e-02  5.46562579e-03  2.91411430e-02
  5.82518429e-02  2.02450752e-02  3.80087569e-02  2.60141194e-02
 -3.38975787e-02  1.76267456e-02  1.38637796e-03 -3.25026624e-02
 -1.11784937e-03  5.82916802e-03  6.05082652e-03 -7.87756294e-02
  5.97742833e-02 -1.91583261e-02  2.82373070e-03 -2.35075541e-02
 -7.51653984e-02 -8.97683483e-03  7.00243097e-03 -2.62233982e-04
  4.27872948e-02  5.71696321e-03 -7.71958828e-02  9.24724247e-03
 -4.28085662e-02  6.41166791e-02  4.01098616e-02  7.78992102e-02
 -6.34025633e-02 -1.51312677e-02 -3.59613858e-02 -9.38076247e-03
 -1.36898728e-02 -6.73677921e-02 -2.26133522e-02 -8.39260444e-02
  7.31595419e-03  3.05822790e-02  5.13839349e-02  2.72658113e-02
 -1.77929108e-03 -9.76040959e-02 -3.18867303e-02  8.72345269e-03
  4.62351851e-02  5.70655949e-02  3.49746644e-02 -5.79725578e-02
  8.74124020e-02 -1.87066477e-02 -4.17487994e-02  1.34237623e-02
 -3.37049812e-02 -4.70591756e-03 -5.03174588e-02 -3.25730182e-02
  5.60217258e-03  2.07131039e-02  3.56711298e-02  1.10891005e-02
 -1.08290821e-01 -4.13714200e-02  4.80999127e-02 -4.90900427e-02
  6.38351366e-02  7.67089948e-02 -3.32055427e-02 -1.64437760e-02
 -8.20686575e-03 -3.88729014e-02 -2.29632426e-02  2.14613788e-03
  2.46657711e-02  5.79162240e-02  1.33427270e-02  2.39609890e-02
 -1.07879043e-02  9.26828571e-03 -6.67160377e-02  3.29667069e-02
  1.05829269e-04  3.53880264e-02 -8.93507246e-03  1.31515013e-02
 -3.60592455e-02  1.46273104e-02 -5.96607700e-02 -2.19944753e-02
 -2.20249481e-02 -1.13430331e-02  1.00329928e-02 -6.69596791e-02
  9.10096057e-03  1.79011375e-02  1.41977314e-02 -3.47088538e-02
 -2.67769434e-02  4.61181737e-02  9.13764238e-02  6.96231611e-03
 -3.15340348e-02  1.03304198e-03 -1.37683591e-02  1.71251744e-02
 -9.64532886e-03  8.88612773e-03  5.70454188e-02  1.98062137e-02
  1.71061675e-03 -4.18126173e-02  1.09575324e-01  1.32561717e-02
 -2.42125988e-02  3.63309458e-02 -2.35242443e-03  9.61104929e-02
  5.98659143e-02  6.33835569e-02  6.05506599e-02 -3.92052419e-02
  2.27781702e-02  1.82505865e-02  2.29233820e-02  3.05040628e-02
  6.17208541e-04 -8.64238590e-02 -7.03236982e-02 -4.97166254e-02
  8.50056559e-02  6.64879307e-02  1.80441123e-02 -2.89006084e-02
 -6.15945831e-02  7.69530842e-03 -6.73175231e-02  1.63811620e-03
  1.71180312e-02 -1.97743438e-02  4.24187025e-03  1.20983887e-02
 -5.48645295e-03  1.05707288e-01 -4.59514670e-02  8.19553584e-02
  1.91917196e-02 -4.66285311e-02  8.51076562e-03  2.22394802e-02
 -6.65263459e-02 -4.91459258e-02  3.51356529e-02 -1.25796087e-02
  7.07412362e-02 -2.41760025e-03 -1.33093288e-02  3.31358612e-02
  2.39617545e-02  2.03330116e-03  2.70823911e-02  2.04687063e-02
 -4.84367367e-03 -2.57754698e-02 -2.75644846e-02  8.46502110e-02
  2.38180486e-03  1.48902899e-02  1.62720516e-01  2.71808784e-02
  1.79391000e-02  5.68312872e-03  4.01194766e-02 -6.74198195e-02
 -2.20984314e-02 -1.20709082e-02 -4.75233942e-02 -5.41817844e-02
  2.96878237e-02 -5.45012169e-02  6.81407824e-02  2.09248457e-02
  8.17225575e-02 -6.63369671e-02 -4.22874503e-02 -1.48919513e-02
  9.26627778e-03  5.50945755e-03 -6.66827038e-02 -7.61329895e-04
 -5.02869934e-02  4.16606255e-02  2.55558803e-03 -2.67304741e-02
  3.58134992e-02  1.28974793e-02 -5.98000474e-02  2.74305269e-02
  7.46900290e-02  3.64501886e-02  3.18112783e-02 -2.87759700e-03
  1.59603972e-02 -5.53399846e-02 -1.76199600e-02 -2.43761167e-02
  9.88290310e-02 -9.30223335e-03 -3.64056379e-02 -4.04819995e-02
 -5.03385849e-02  2.53392197e-02 -4.34219688e-02 -4.60794196e-02
 -7.25630671e-02  1.99539624e-02  8.33462849e-02 -2.48812363e-02
  2.61837076e-02 -4.56346869e-02 -3.86954509e-02  7.90144205e-02
  2.88030002e-02  1.24017559e-02  6.58539385e-02 -1.16049638e-02
 -2.23676991e-02 -2.50464939e-02 -3.90057303e-02  1.05335034e-01
  2.95635629e-02  5.25836051e-02  8.23500659e-03 -1.72781926e-02
 -2.42688414e-02  2.19450444e-02  5.88476397e-02 -3.37076113e-02
  4.75949980e-02  5.83175570e-02 -3.53092439e-02 -8.19550306e-02
 -2.77385418e-03 -9.30002308e-04  7.57291093e-02 -2.76091341e-02
  1.33416504e-02  4.72105332e-02 -5.20476997e-02  3.21270898e-02
  3.50503772e-02  3.13717052e-02  9.00783017e-03  2.26828083e-02
 -6.08148277e-02  4.71094474e-02 -1.93314385e-02 -6.12557679e-02
  3.62604931e-02  6.93876371e-02 -7.08477944e-02 -2.39927266e-02
 -6.17829189e-02  2.76917405e-02  3.49455536e-03  6.88732490e-02
 -9.78711154e-03  7.38452822e-02 -2.16428246e-02 -1.38764326e-02
  1.76856983e-02 -1.31400544e-02 -7.87098985e-03  7.97150731e-02
  4.86113019e-02  9.86443311e-02 -4.04549316e-02 -2.24595442e-02
 -1.90339535e-02 -3.24251354e-02 -3.88076901e-02  2.28256290e-03
  4.99436669e-02 -1.45479664e-02  4.59661381e-03  3.62628326e-03
 -1.06195258e-02  6.59265071e-02 -4.20944691e-02 -2.65215188e-02
 -1.12109026e-02  6.92362487e-02  5.13230450e-02 -1.16125843e-03
 -3.42975073e-02  2.20382400e-02 -4.82974574e-02  3.36178616e-02
 -5.45720235e-02 -1.62349257e-03  7.52534345e-02  1.98155860e-04
  5.56781590e-02  1.41338771e-02 -5.13155721e-02  6.35389844e-03
 -4.99489419e-02 -3.15209962e-02 -6.31559193e-02  2.28110570e-02
  5.24467118e-02  1.37244221e-02  3.26695442e-02  1.27498014e-02
  6.43512085e-02 -5.45128658e-02  2.73119714e-02  3.17213386e-02
  1.21074840e-02  6.38053268e-02 -5.74511997e-02 -4.79935780e-02
  3.61494422e-02  2.02109907e-02  1.49835823e-02  6.95288852e-02
 -1.70473307e-02  4.00710665e-03  3.33754271e-02  7.11593032e-02
 -4.46314737e-03 -9.71131623e-02  2.03483254e-02 -6.26993403e-02
 -4.21758257e-02  4.07126918e-02  5.16053550e-02  6.79762810e-02
 -8.00707638e-02  5.43635665e-03  1.08592724e-02 -2.78176647e-02
 -3.29610668e-02 -1.75266899e-02  1.22402180e-02  3.64940934e-04
 -2.53043696e-02  1.20320879e-02  2.99223736e-02 -5.03609292e-02
 -4.24189530e-02 -1.45428097e-02  1.06386080e-01  3.22610438e-02]"
Other,"[-7.07041994e-02 -1.55564863e-02 -3.39787677e-02 -4.75844443e-02
 -9.63259954e-03  1.26382345e-02  9.39417630e-02 -8.72389525e-02
 -1.44976452e-02  2.05355398e-02  1.03383392e-01  2.88923318e-03
  3.19270417e-02  8.99417046e-03 -3.60206664e-02  4.36376780e-02
 -3.01931836e-02 -1.95925441e-02 -5.36082918e-03  2.87707429e-02
 -2.19562948e-02 -6.16927892e-02  1.70558449e-02 -3.60474735e-02
 -3.39396037e-02 -1.13514438e-02 -4.13419344e-02 -1.06836125e-01
 -6.62102401e-02 -5.54776416e-05 -1.36390720e-02 -1.09944455e-02
 -5.61315753e-02  7.01474249e-02 -2.75872536e-02  3.38303335e-02
  9.28692669e-02 -4.63863835e-02 -7.61866011e-03 -4.41253232e-03
  1.78624373e-02 -8.21380988e-02 -5.31176515e-02  2.79500131e-02
 -3.75089422e-02 -3.43229878e-03  9.71609820e-03  1.03144035e-01
  3.11526228e-02 -8.69022217e-03 -2.71057393e-02 -3.78970541e-02
 -8.49688947e-02 -2.12880019e-02  4.09561805e-02 -7.06303939e-02
 -6.51475415e-02  1.16293959e-04 -5.26277535e-03  8.76929685e-02
  2.37497576e-02  4.23577651e-02  6.54621571e-02  2.90812310e-02
  1.41623737e-02 -7.33803883e-02  3.60569246e-02 -2.24651340e-02
 -1.16199758e-02  1.95541233e-02 -5.00445720e-03 -2.60833874e-02
  8.89735222e-02  2.18001623e-02 -3.96904089e-02 -5.07128891e-03
  3.52458432e-02 -3.91480997e-02  6.80230856e-02 -2.45939419e-02
 -4.37435843e-02  1.24515221e-02  6.46833796e-04  6.44787475e-02
 -1.40199261e-02 -3.63810249e-02  9.99471471e-02 -2.16829311e-02
  5.30564450e-02 -8.07597935e-02 -1.13676134e-02  4.70408238e-02
 -1.21440843e-01  6.98547214e-02  3.09274681e-02 -2.65797973e-02
 -4.05821716e-03 -6.30103750e-04 -4.43476103e-02  4.33681831e-02
  5.54651730e-02 -4.00680415e-02 -3.21066231e-02  5.71428845e-03
 -9.90544260e-02 -3.48041095e-02  2.47372985e-02  5.22483177e-02
 -9.64642223e-03 -5.84068783e-02  2.91714128e-02 -1.66524984e-02
  1.82837509e-02  4.14156131e-02 -8.15125275e-03  1.43066852e-03
  8.98043159e-03 -9.06261057e-03  3.20511237e-02  1.11874547e-02
  6.22605383e-02 -4.79813553e-02  5.69286346e-02  3.73650505e-03
 -4.01629433e-02 -1.01494500e-02 -1.11978546e-01  1.05721228e-01
  9.47301835e-03  3.26972753e-02 -2.18513422e-03 -7.38758445e-02
 -6.34415299e-02  3.38978246e-02 -3.34225744e-02  1.42882997e-02
 -4.06383760e-02  5.67344390e-02 -2.93683875e-02  5.98457605e-02
  1.89185869e-02  7.64110684e-03  3.96021307e-02  3.94212734e-03
 -7.96947442e-03  1.35278339e-02  3.91072268e-03  5.07754795e-02
  2.85103209e-02  1.33469179e-02  2.44506225e-02  3.06008793e-02
  2.71091517e-02 -4.03648727e-02 -1.24332225e-02 -5.35873435e-02
  2.76308097e-02 -2.08800361e-02 -7.85694197e-02  1.00849941e-02
 -4.34135161e-02 -5.55367791e-04 -1.40328184e-02  7.01086503e-03
  2.28802022e-02 -2.23041493e-02  1.68266008e-03  5.77747971e-02
 -4.33355831e-02 -2.90338453e-02  1.02923363e-01 -2.40828478e-04
  1.93090122e-02  3.32643166e-02 -3.10273878e-02 -7.56794913e-03
  1.05389021e-03  7.59342546e-03  3.68623510e-02  6.66655898e-02
 -1.95360221e-02  5.66376708e-02  6.36191294e-02 -1.65192261e-02
 -8.33249539e-02 -1.00380396e-02  4.70805392e-02 -4.28718422e-03
 -9.12702605e-02 -1.09198615e-01 -1.48951504e-02 -5.42058535e-02
  2.83832066e-02 -3.81769054e-02  1.13136536e-02 -7.34265149e-02
  9.10688564e-03  5.46062216e-02 -8.28639790e-03  5.41649349e-02
 -3.91227044e-02 -4.50317152e-02 -2.51918882e-02  4.75721769e-02
  2.83058863e-02 -2.92892102e-03  4.08170484e-02  2.68743280e-03
 -1.98728335e-03 -6.16190620e-02 -1.03119323e-02 -4.93844859e-02
 -2.61656903e-02  1.81283597e-02 -1.43011520e-02 -1.72738787e-02
  4.04234752e-02  5.44256791e-02  1.14766061e-01  1.61866043e-02
  1.27051640e-02 -7.03327218e-03  6.61412403e-02 -1.07883662e-01
  9.66189131e-02  8.30039307e-02 -1.96825583e-02  1.53146731e-02
 -5.09640463e-02  2.41703913e-02 -3.06733698e-03  8.78749043e-02
 -8.53698403e-02  8.54826793e-02  2.30708602e-03  8.91839806e-03
 -3.79919969e-02 -4.55661155e-02 -3.73569988e-02 -5.13383523e-02
  5.36504574e-03 -1.56802163e-02  3.75308096e-02  2.77988799e-02
  9.93275493e-02 -6.23915996e-03 -7.43858889e-03  8.31476972e-03
  9.24914852e-02 -4.67619114e-02 -1.88467707e-02 -4.37851623e-02
 -3.06724384e-02  1.14832474e-02 -3.59159485e-02 -6.80667982e-02
 -2.63239015e-02 -1.89390741e-02 -6.34978851e-03  2.74667572e-02
 -1.15713291e-02  3.74292932e-03 -1.03742490e-02 -3.72765213e-02
 -5.39501309e-02  1.53881870e-02  9.11913514e-02 -6.02309555e-02
  5.18857576e-02 -3.92769948e-02  5.53238690e-02 -5.43870181e-02
 -5.77168725e-02  3.32126543e-02 -5.70122935e-02 -7.49772694e-03
  5.45485504e-03 -2.85205664e-03  2.43533105e-02 -1.69567149e-02
  1.52588189e-02  2.55749933e-02  8.44419643e-04  1.48914736e-02
 -2.99889240e-02 -3.02540604e-02 -6.28592223e-02 -3.90239917e-02
  1.56843029e-02  2.30587926e-02  1.91709287e-02  1.35858916e-02
 -1.41564617e-02  1.83241256e-03 -8.17433279e-03  3.51908803e-02
 -7.75697501e-03 -8.16269964e-03 -4.40373868e-02  8.27557314e-03
  2.23489832e-02 -9.37057252e-04 -8.77240382e-05  6.48828372e-02
 -2.75913905e-03  6.56231306e-03 -8.22365507e-02 -3.14259599e-03
 -3.85972261e-02  2.00578142e-02  4.74347472e-02 -5.03495373e-02
  3.68343033e-02 -7.48982057e-02 -1.28110754e-03 -2.40013767e-02
  5.14165964e-04 -6.14002421e-02  4.36720951e-03 -2.42909044e-03
 -1.71907246e-02  1.08268768e-01 -4.13415022e-02 -4.23827022e-03
  6.07442632e-02  2.65553091e-02  7.32246414e-02  6.35046512e-02
  2.59186756e-02  1.40055371e-02  7.90346041e-02 -2.24492494e-02
 -4.64081131e-02  2.00681351e-02  4.62171584e-02 -9.45135653e-02
  9.23551172e-02  2.30911113e-02 -4.13256772e-02  2.35143900e-02
  6.13976903e-02 -4.43760939e-02  4.30185534e-02 -7.07001984e-02
  8.56076274e-03  3.71787027e-02 -8.32193494e-02 -4.98896092e-02
 -8.94535519e-03 -3.07802018e-02  9.37733892e-03 -7.03840181e-02
 -1.18118003e-02  4.01962362e-02 -4.29143943e-03  2.94364356e-02
  2.73425858e-02  1.41716143e-02  1.78848859e-02 -5.73411537e-03
  2.27939207e-02  2.46621836e-02 -2.53502969e-02 -3.96668687e-02
 -3.87096666e-02 -5.23692667e-02 -1.01743983e-02  9.49722901e-03
 -1.22450210e-01 -2.17512269e-02  4.15249690e-02  3.49369571e-02
 -5.94288623e-03  1.68108512e-02 -2.70324852e-02 -1.74232181e-02
  1.79342069e-02  3.18261646e-02  1.68191269e-02  1.76119227e-02
  2.44263131e-02  2.54401304e-02 -1.63884554e-02 -2.19151704e-03
  5.22183366e-02 -3.05974372e-02 -6.87746182e-02  2.93159019e-02
 -5.90642467e-02  8.87130871e-02  4.86898907e-02 -9.71273519e-03
 -2.14739405e-02 -4.24334966e-02 -2.08192989e-02 -3.00688501e-02
 -6.25174493e-02 -9.35625210e-02 -2.93909252e-04  2.91595459e-02
 -1.23690851e-02  3.97436554e-03  1.61087755e-02  6.15917295e-02
 -5.68767916e-03  1.62682403e-02  9.93570164e-02 -1.30537823e-02
  3.03247999e-02  5.15544340e-02 -2.74821091e-02 -6.76701404e-03
  3.03855985e-02  5.50247543e-02 -3.57750058e-02 -5.21097891e-02
 -1.20934201e-02  6.78181425e-02 -3.75343114e-03  7.25995796e-03
 -3.00067831e-02 -1.00430630e-01 -6.25564680e-02 -4.13815156e-02
  4.53243256e-02  9.75070298e-02  4.52537499e-02  3.87340374e-02
  2.63564708e-03  1.88286323e-02  1.05211399e-01  1.10063767e-02
  4.73902263e-02  2.44908873e-02 -2.22213324e-02 -3.07884719e-03
 -5.14742918e-02 -1.35480631e-02 -4.80814315e-02  5.86018115e-02
 -5.46474643e-02 -1.14030228e-03  6.97738072e-03  9.52249020e-02
 -2.19658799e-02  1.72065534e-02 -3.51506062e-02  9.53378156e-03
  4.77361493e-02 -2.32180189e-02  3.50134373e-02 -2.62048133e-02
  7.33284047e-04  7.40373740e-04 -2.93773878e-02 -1.91941224e-02
 -8.15079883e-02 -2.14818604e-02 -1.28393527e-02  3.18205655e-02
  7.46769784e-03 -3.75578180e-03  2.67482847e-02  2.63698981e-03
 -5.29180914e-02 -2.55667344e-02  6.92472309e-02  6.70181289e-02
 -4.49382663e-02 -3.08146868e-02  2.88471971e-02 -1.21906549e-02
  5.48168980e-02  2.15843804e-02 -3.19792982e-03  4.11164463e-02
 -8.63349345e-03  6.11919351e-02 -5.40047251e-02 -1.97407436e-02
 -1.21898586e-02 -8.01552203e-04  3.00629009e-02  2.66869478e-02
 -5.31756394e-02  6.95612505e-02 -4.65883054e-02 -2.04703957e-02
 -5.45361964e-03 -1.70878805e-02 -8.95303339e-02  3.90764289e-02
 -7.63036534e-02  2.67967973e-02  4.01336903e-04 -1.69392664e-03
 -5.41948713e-02  8.29444528e-02  5.44539131e-02 -2.78324820e-02
  1.30666280e-03  1.65333264e-02  2.39446592e-02 -2.35055778e-02
  4.69142199e-02 -3.17556672e-02 -4.14279215e-02  1.81900095e-02
 -5.78073077e-02  1.09804515e-02  5.05739152e-02  5.25361337e-02]"
Other,"[-0.0300271   0.04444176  0.04159885 -0.03708557  0.02690319  0.0523262
 -0.04988437 -0.06536072  0.05167633  0.04475734  0.0557076   0.02386964
  0.04623868  0.02628429 -0.00486088  0.03356456  0.04153322  0.04143789
 -0.00152336 -0.01046105  0.05272758 -0.09364677  0.08907717 -0.00336164
 -0.03052107 -0.00118198 -0.00593196  0.0097251  -0.07098361 -0.02562194
 -0.02403194 -0.01669274 -0.05523125  0.02621618 -0.01779513 -0.00870384
  0.07426323 -0.07086021 -0.02819657 -0.05348765 -0.06796892 -0.00037938
 -0.01841625  0.04796201  0.07213586  0.05422238  0.06371945 -0.02399802
  0.02017    -0.02259063 -0.05818827  0.00643705  0.00741996  0.05073679
  0.02032153 -0.03739879  0.02363579 -0.01556351 -0.0257269   0.0211893
  0.02083888 -0.02839546 -0.05212831  0.06329043 -0.00136921 -0.02966549
 -0.04975875  0.01895189  0.00864019  0.06388467 -0.04576571 -0.03402415
  0.0569821   0.0320535   0.01149162 -0.01303888 -0.08631157  0.01556491
 -0.02899775 -0.0252155  -0.01958844 -0.02384305  0.01457393 -0.0371795
 -0.0876536   0.05517551 -0.09213125  0.04804685  0.00371516  0.03447869
 -0.02690238  0.070529   -0.01787934  0.03886861 -0.00551414  0.09045003
  0.01295724  0.10141053  0.08199564 -0.07194609 -0.02996435 -0.002296
 -0.09104636 -0.0120742  -0.0290268  -0.04050967 -0.05285013 -0.08644725
 -0.10382224 -0.00101394 -0.02390272 -0.00827869 -0.01783246  0.01570724
  0.03059051  0.04169798  0.00103471 -0.02315019  0.0157915   0.0086555
  0.05193935 -0.02037452  0.06170808 -0.01553546  0.09402445 -0.01303937
 -0.02007689  0.04370744 -0.04449547 -0.10158272 -0.02109289  0.08050096
 -0.01762403  0.00600606  0.03580922  0.00259869 -0.05427724 -0.05920094
 -0.10717127 -0.05035009 -0.06681835 -0.00217743 -0.04516368 -0.00215973
  0.00072962 -0.06263302  0.05681075  0.04009216  0.02788567  0.04607352
 -0.04765194  0.03855478  0.02087473  0.07700566 -0.02707513  0.03703826
 -0.1095977  -0.01604489  0.06944772 -0.10085969  0.05420315  0.05637933
 -0.01724908  0.050089   -0.01620612 -0.04053847 -0.00832449 -0.02605902
  0.06236604  0.02453603  0.01272087  0.0048264  -0.00772428 -0.00528862
 -0.04086856 -0.03533756 -0.03967583  0.07494477 -0.01388785 -0.02569169
  0.00166466  0.03142444 -0.03761036  0.01374895  0.00951556 -0.05351331
  0.00778107  0.05008974  0.04686536 -0.02689026 -0.01795731  0.02883733
  0.00216764  0.00334226 -0.09881233 -0.08168867  0.02436103 -0.07726303
  0.00069555  0.00139268  0.08817308 -0.02075856 -0.00481147  0.05228302
 -0.0172493   0.07768822 -0.01877037 -0.07720027  0.00780692 -0.00422979
  0.0019416   0.069934    0.02095392 -0.04563715  0.05648439 -0.03886642
  0.03681403  0.01094648  0.0463536   0.01576002 -0.03060242 -0.01269722
  0.05492873 -0.06148884  0.06201753  0.02868794 -0.00231422  0.05929002
 -0.01002011  0.0072746   0.02601847 -0.0106389   0.04614761  0.10524416
  0.09027806  0.00346816  0.0298077  -0.04656321  0.02936367  0.07503399
  0.00287879  0.11246575  0.04600335  0.03717856 -0.08803608 -0.01481658
 -0.01669951  0.00276741  0.02734496  0.06306557 -0.02060975 -0.08491643
  0.08955948 -0.0041834   0.01151944 -0.01268117 -0.02106497  0.04979064
  0.03034109 -0.01157814 -0.02362617 -0.0388976   0.00613341  0.02524998
 -0.02355528 -0.02871896 -0.00401208 -0.03276536 -0.00115418 -0.01762295
  0.06647769  0.00856418  0.0501745   0.03476371  0.0311002  -0.00528277
  0.00786043  0.11235444  0.04867833 -0.0310518  -0.06476505 -0.01924614
  0.04316154  0.03140147  0.00753915  0.00115915  0.04423694 -0.00968597
 -0.0435411  -0.01436219  0.05694333  0.06884892 -0.04403953  0.05961951
 -0.02324486 -0.02527147  0.03014312  0.03692068  0.01060686 -0.06008511
 -0.00365645  0.05245643 -0.06384612  0.07981618  0.11096144  0.03203153
 -0.00384983  0.00327781  0.00849576 -0.00469728 -0.00255126 -0.00842986
 -0.0188967  -0.00122602  0.05648624  0.02354877 -0.00061643  0.02420026
  0.03431512  0.01104828 -0.01719525 -0.05905323 -0.01987057  0.01748233
 -0.04996604  0.02781334  0.06421719  0.00610082  0.00354063  0.01391805
  0.01817054 -0.03867416 -0.02083232 -0.06760435 -0.05009445  0.04122836
  0.05149937  0.00536425  0.05430831 -0.03558125 -0.0054176  -0.03493003
  0.00256994  0.03720417  0.01403817  0.03874717  0.00759282  0.03451438
 -0.00449194  0.04990589  0.04529545 -0.01082262  0.01472111  0.04005225
  0.06253901  0.03580618  0.02482597  0.01919611 -0.02482674 -0.00949164
  0.0181549  -0.09364792  0.00756982 -0.04524007  0.01665647 -0.04494362
 -0.02558555 -0.01805633  0.04598457  0.04372132 -0.01155153  0.07240739
 -0.00110116 -0.01252961  0.04387502  0.08076102  0.10634352 -0.04830246
 -0.03039942  0.06660577  0.01027132 -0.02907182  0.11183402 -0.02371087
 -0.01201256 -0.0095147  -0.05109838  0.02141026 -0.00988863  0.01323372
 -0.07326934  0.03545835  0.06860825  0.1046546   0.00369364  0.01523637
  0.01639136  0.02637256 -0.02253473 -0.02095373  0.01834998 -0.08616881
  0.08079091 -0.04108266  0.03129512 -0.0340615   0.03211827  0.10388611
 -0.02838676  0.06212505  0.04958395  0.02995675 -0.02581817  0.11985583
 -0.00606132  0.00907124  0.0163096  -0.01470293  0.01448136  0.00543452
 -0.01070465  0.01052903  0.02119961  0.00222798 -0.01439224  0.14944655
 -0.0157704  -0.01605321 -0.02397932 -0.04494734 -0.00820633  0.05581351
  0.02889456  0.02217068  0.06721214  0.05483673 -0.00215291 -0.01481871
 -0.00906495 -0.04662986  0.01345995  0.03039699  0.03005332  0.01904417
  0.00337012  0.01820543 -0.03284672 -0.02556383  0.05570542  0.03344322
 -0.01502423  0.05091007  0.01945304 -0.00032952 -0.05085779  0.03236024
 -0.02902785  0.07917839  0.06504647 -0.05059431 -0.02669577 -0.01225389
 -0.04944456  0.00647076 -0.01767146 -0.02125917 -0.09545234  0.05417288
  0.05031862  0.06022421  0.00635937 -0.03497735 -0.02882391  0.01542938
  0.04437606  0.02706511 -0.01244916 -0.00117252  0.01236593 -0.0214428
  0.01620682  0.00059963 -0.01370592 -0.01899555 -0.06683014  0.00904761
  0.03002279  0.02926789  0.07308396 -0.08725351 -0.04010939 -0.00025274
 -0.05336456  0.06183805  0.06325154  0.02048045 -0.0490223   0.03856292
  0.03088247  0.04918953 -0.02285    -0.02100925 -0.01140266 -0.01116202
 -0.02700486  0.04053412 -0.03845993 -0.04616017  0.03370003 -0.03497939
 -0.00358453  0.033219  ]"
Other,"[-4.38894667e-02  1.12948582e-01 -1.42410928e-02 -2.47203652e-03
  5.18128015e-02 -3.70858908e-02 -4.61912490e-02  1.69447940e-02
  8.70244056e-02 -4.53618057e-02  3.05292364e-02 -1.99584421e-02
  1.91448405e-02  2.97603831e-02 -5.90092316e-02 -3.11905202e-02
  3.68323214e-02  7.15669841e-02 -2.81784832e-02 -4.20841686e-02
 -4.11175564e-02 -1.57129858e-02  3.58800739e-02 -6.57771751e-02
 -1.06998133e-02 -5.03241867e-02  4.31050397e-02 -3.79883423e-02
  1.78983565e-02  3.60549092e-02  1.98945752e-03  6.01957459e-03
  1.81110427e-02  6.99561974e-03  2.83908825e-02  5.99804111e-02
  8.29679426e-03  1.06579475e-02 -7.36772195e-02  8.76741856e-02
 -6.59522638e-02 -9.70376134e-02 -3.31420824e-02  4.25691530e-02
 -2.44541746e-03 -5.42983115e-02  4.33729636e-03  1.01820618e-01
 -4.34889980e-02 -1.79515556e-02  9.89174005e-03 -5.47804907e-02
 -7.81758036e-03  6.24556281e-03  2.81507634e-02  5.75136617e-02
 -6.91997632e-02  2.43206806e-02  3.21613178e-02 -7.77674466e-02
  3.54830883e-02 -5.14003783e-02  1.68855954e-02 -2.05881879e-05
 -3.36686894e-02 -3.67954820e-02 -2.62480360e-02  9.67729241e-02
 -8.60281289e-03 -6.37313956e-03  3.42129022e-02 -3.53767164e-02
 -4.96139452e-02 -7.20219016e-02  3.92081253e-02 -1.30061641e-01
 -2.08409354e-02  1.61460247e-02  4.78421673e-02 -2.26870142e-02
 -1.50568504e-02  4.71393950e-02  7.20063224e-02 -2.55734194e-02
 -9.43815932e-02  4.14511003e-02  1.69651713e-02 -1.04303993e-02
  7.33087212e-02 -5.94658963e-03 -2.98212469e-02  3.13346349e-02
 -1.08625786e-02 -5.39870411e-02  7.31998123e-03  2.90427916e-03
 -2.93860282e-03  3.92056182e-02 -3.43444720e-02 -9.60269570e-03
  3.71584035e-02  2.70701125e-02 -1.81546733e-02 -2.82291565e-02
 -3.72801609e-02  8.66279155e-02  2.81535778e-02 -3.16211917e-02
 -4.70335688e-03 -1.73780173e-02  8.57874844e-03  1.53071005e-02
  3.00174616e-02  4.08408828e-02  4.60620001e-02  7.01704845e-02
  1.03954762e-01  6.43123612e-02 -3.34191695e-02 -4.04707640e-02
  3.09137697e-03  1.15188472e-02 -2.46777944e-02  5.27645461e-02
 -5.39201237e-02 -4.01170254e-02 -4.67538908e-02  2.75570247e-02
 -2.35545803e-02  3.90455350e-02 -1.43412373e-03  6.91582030e-03
  1.25466380e-02 -8.36872384e-02  8.75936374e-02 -2.18693409e-02
 -5.67891523e-02 -5.88940419e-02  1.67536717e-02  2.25867908e-02
 -4.11066553e-03  1.80270653e-02 -8.31557512e-02 -2.46610101e-02
  3.22172605e-02  8.28349367e-02  6.02820665e-02  1.36141647e-02
 -4.86200722e-03  2.35628965e-03  2.69881878e-02 -1.77564938e-02
 -1.55312344e-02  1.44962976e-02  1.69271193e-02 -3.30787078e-02
  1.35585200e-02 -6.22498766e-02  3.46292742e-02 -4.29952405e-02
 -5.26700821e-03  4.97960187e-02  2.86865998e-02  1.08505217e-02
 -2.09897738e-02 -4.69790250e-02  4.15997114e-03  3.57857682e-02
 -7.69124702e-02  9.29156691e-03 -1.63901143e-03 -1.38144298e-02
  1.26428707e-02  8.79243091e-02 -3.45746167e-02  2.31909696e-02
 -4.01443429e-02 -2.32992088e-03 -3.79027873e-02 -7.98463263e-03
  8.35960880e-02  5.78889204e-03 -3.97145711e-02  5.05811721e-02
  9.07200575e-02  9.10401270e-02 -2.00972408e-02  6.76065758e-02
  3.00038662e-02  5.16230725e-02 -8.24423227e-03  3.13446820e-02
 -1.55380834e-02  1.83230173e-02  2.56940834e-02 -2.96852700e-02
 -4.15349044e-02  6.52214373e-03  2.25424897e-02 -4.50985692e-02
 -3.92253846e-02 -1.29536033e-01  4.83020730e-02  3.84525843e-02
  4.71705794e-02 -5.48500046e-02  5.97416684e-02  2.41632126e-02
  4.17801216e-02 -2.93851700e-02 -3.18323411e-02 -4.08622660e-02
 -3.23547143e-03  4.32917476e-02 -2.10997611e-02  8.86556134e-03
 -1.29652647e-02  3.89747135e-02 -8.38326756e-03 -1.59428606e-03
 -2.12758258e-02  1.97193511e-02 -2.76610791e-03  1.12992069e-02
  9.43079311e-03  8.00453052e-02 -5.32681309e-02  2.18470562e-02
 -3.94299328e-02 -7.50437658e-03 -7.38125890e-02 -8.08740035e-03
  1.47036985e-02  9.51581821e-03  2.20255856e-03  3.14806290e-02
 -6.68118820e-02 -4.74042632e-02  6.15986623e-02 -9.41822026e-03
 -5.62531613e-02  5.87807689e-03  1.87819377e-02 -7.83616230e-02
  2.58753672e-02  1.58275533e-02 -2.65526306e-02 -5.07391393e-02
  7.19287843e-02 -2.03559012e-03 -2.57470347e-02 -6.16759947e-03
 -2.95205750e-02 -4.08886112e-02 -2.55136061e-02 -4.25383225e-02
  9.47905183e-02  4.04536072e-03 -4.40760888e-02 -1.92799408e-03
  2.23864820e-02  4.06353269e-03  1.79644879e-02  9.72404517e-03
 -3.08715608e-02 -6.35310560e-02  6.66963756e-02 -2.51177624e-02
 -9.47044510e-03 -1.48510113e-02 -1.57178696e-02  4.28808620e-03
 -6.08603051e-03 -2.92108729e-02 -5.22869155e-02  1.92400943e-02
  9.84367728e-02  7.86012039e-03  7.08474144e-02 -3.10933460e-02
  2.75319479e-02  1.08655058e-02  9.68095846e-03  3.93089652e-02
  4.73234840e-02  2.38431450e-02  2.54500192e-02  1.58889405e-02
 -3.42727229e-02 -5.13590313e-02 -2.48817001e-02 -1.15437210e-02
  1.53710963e-02 -6.82431906e-02 -3.15360241e-02  5.82817383e-03
  1.36328507e-02  4.68275584e-02  1.45088747e-01  1.46409019e-03
 -1.29984654e-02  5.51474169e-02 -9.27431509e-02 -1.31756244e-02
 -1.11249909e-02 -3.39976512e-02  7.89498985e-02 -5.73891252e-02
 -5.86100966e-02  1.05691873e-01 -2.84548961e-02  1.45127364e-02
  5.11196554e-02 -5.43651506e-02  5.62632382e-02  6.99785771e-03
  2.22021285e-02  1.24632511e-02  3.30026932e-02  3.08885751e-03
  3.21341194e-02  3.44572845e-03  7.84868281e-03  3.94401886e-02
 -4.39359387e-03  4.58009029e-03  2.13430822e-02  8.44416618e-02
  1.13307394e-01  3.81713398e-02  3.07617355e-02  3.17278467e-02
  1.38523793e-02 -8.72598309e-03 -6.30267039e-02  1.39286055e-03
 -8.13346915e-03  2.40361528e-03  3.53596881e-02 -1.15185948e-02
 -2.76927687e-02 -1.68038663e-02 -5.04161604e-02  2.31096037e-02
  4.43436615e-02  8.32547024e-02 -1.13846608e-01  6.45809025e-02
  4.38285097e-02 -6.80648237e-02  3.12930793e-02 -3.68146673e-02
 -1.54090934e-02 -6.20679446e-02 -4.44291439e-03 -4.74042669e-02
  1.79449432e-02  2.85286121e-02 -2.04319935e-02 -4.49227877e-02
  6.11446332e-04 -1.03973979e-02 -9.62941572e-02 -1.18466616e-02
  4.67623658e-02 -9.34367850e-02  4.02590856e-02  3.00245360e-02
 -6.07911358e-03 -4.57440242e-02 -6.60035610e-02 -3.94791253e-02
  4.21087199e-04 -9.86579526e-03 -1.29370941e-02  1.21994847e-02
 -1.79757476e-02  2.93478705e-02 -1.08862922e-01 -5.99560589e-02
 -1.71001665e-02 -2.18347460e-02 -1.65564306e-02 -2.40980648e-02
 -3.62790711e-02 -6.41864836e-02 -1.10290848e-01  1.15375742e-02
 -2.49859728e-02 -1.45815732e-02 -4.05594595e-02  1.72505323e-02
 -2.31112111e-02  9.85374954e-03 -7.21785054e-02 -5.62881716e-02
  5.22720851e-02  3.47948559e-02  5.55008575e-02  1.07758287e-02
 -2.82958150e-02  4.53326292e-02 -7.58835953e-03  2.94560604e-02
  1.04686417e-01  1.97691713e-02 -5.26288003e-02 -2.45367475e-02
  5.75635582e-02  4.34034616e-02 -5.31455018e-02  4.77050133e-02
 -4.76226658e-02  3.67146842e-02 -3.32308118e-03  5.94844222e-02
  3.74834985e-02  5.78405336e-02 -1.79813765e-02 -1.24727562e-02
  5.00626266e-02 -1.38334297e-02  1.18915625e-02  3.48730721e-02
 -6.30606934e-02  2.56875530e-02 -1.70310382e-02 -4.06240560e-02
 -6.02945350e-02  1.60303395e-02 -8.15231875e-02 -6.06911741e-02
 -4.40359786e-02 -2.35411692e-02 -6.04600832e-03 -1.24432649e-02
 -6.42510578e-02 -8.90723914e-02 -1.60629936e-02  7.00982511e-02
  4.58728895e-02 -8.61609634e-03  1.66739691e-02  4.65070270e-02
 -1.91516764e-02  6.99558184e-02 -7.22857937e-02 -4.55210991e-02
  4.51400764e-02 -3.40876263e-03  2.22237613e-02  7.17801377e-02
 -6.27136007e-02  5.30248554e-03 -2.13322695e-02  3.59975658e-02
 -1.26661554e-01  1.43028963e-02  4.17251959e-02  1.67873632e-02
  3.73187363e-02  1.13894381e-02  9.76008887e-04  3.00940629e-02
 -1.23810051e-02 -2.69748410e-03  1.37216616e-02  5.35098137e-03
 -3.90233193e-03  5.04914559e-02 -2.81367712e-02 -3.49619128e-02
  6.47493079e-03  2.91401856e-02 -2.02411674e-02  3.69078591e-02
  1.92536470e-02 -4.51253448e-03  9.90891177e-03 -1.49871111e-02
  4.22693305e-02 -4.41751268e-04 -8.24162886e-02 -2.34254021e-02
 -3.12273297e-02  4.16902341e-02  1.87689029e-02  4.48474027e-02
  2.43225005e-02 -4.09375988e-02  1.06133958e-02  1.50293286e-03
 -5.58028556e-02 -2.51068063e-02 -8.34271125e-03  4.01954353e-03
 -1.79782324e-02  8.79452080e-02  1.59376077e-02 -3.49192284e-02
 -1.95847955e-02 -3.65396850e-02  8.17534998e-02 -6.18522838e-02
  6.76176846e-02  7.86163658e-02 -5.93872881e-03 -3.85441594e-02
 -1.31770708e-02 -5.66019267e-02  7.37117380e-02  7.48849139e-02]"
Rafael,"[ 0.05313946 -0.00816206 -0.02364266  0.06380324  0.03123141  0.04803552
 -0.02906813  0.05424267 -0.03724884 -0.02864124 -0.0272295  -0.00484526
  0.00922428  0.06969932 -0.0309117  -0.04281149  0.04338662  0.12842837
  0.00138001  0.00858232 -0.02042477  0.01455362  0.02765555  0.01479216
  0.04919231 -0.06347899  0.04594089  0.05804926  0.07496368 -0.04003824
  0.01151401 -0.07907508 -0.03073562 -0.03307487  0.06641746  0.02193097
 -0.01924133  0.02264035 -0.00769402 -0.07120307 -0.02641356  0.01737186
 -0.007994   -0.09859362 -0.02335698 -0.05136456 -0.01354877 -0.01289749
  0.01651226  0.01547969 -0.00936183 -0.00802784  0.09329958  0.07338759
 -0.01924696 -0.00254711 -0.04165833  0.04958627  0.03523118 -0.01867953
  0.06040629 -0.05220507  0.05623012  0.0791967  -0.00192862 -0.05284636
  0.114997    0.04568932  0.13314714  0.02672945 -0.08429762 -0.04382031
  0.00028853 -0.00257176  0.00412856 -0.07030467  0.00201388 -0.03248715
  0.0702346   0.00271874  0.0195753   0.04614668  0.04410489  0.06634088
 -0.03423113  0.09430867  0.08112556 -0.03984099 -0.00786192  0.01408959
 -0.02299103  0.04881223 -0.01669185  0.03065569 -0.03476681  0.03869764
  0.01837466 -0.0656406  -0.03157327 -0.0231949  -0.03729101  0.0107664
 -0.0023506  -0.03519568 -0.0224773   0.00303698 -0.03989871 -0.00528414
  0.03204665 -0.00063895  0.00138045  0.03174493 -0.01005715 -0.00623278
  0.00898984 -0.01245042  0.0554999  -0.0009674  -0.07193376 -0.01460816
 -0.00912293  0.01817151 -0.02040643  0.00880817 -0.03898864  0.06450573
 -0.02459589  0.00210056 -0.07725796  0.07504267 -0.01283769  0.0534255
 -0.03317989 -0.05965019  0.04189816 -0.00928495 -0.02484503  0.02945911
  0.03976772  0.00828032 -0.03133199  0.00222362  0.09273586 -0.01123065
 -0.03946098  0.04864067 -0.02493834 -0.01307692  0.02629293 -0.05432954
  0.02233705 -0.04057744  0.01247508  0.01656264 -0.0200495  -0.05126716
  0.0305546  -0.00669723 -0.0486116   0.00209145 -0.04882802  0.04872836
  0.08986332 -0.03078009 -0.0041146   0.02297057 -0.08905824 -0.02118262
 -0.01851529  0.0563651  -0.0151842  -0.01854832  0.00775462  0.01626807
 -0.00039626 -0.01685565 -0.01683472  0.07274187 -0.02900128  0.04898648
 -0.04750785  0.02627498 -0.0251211  -0.04021631  0.05099639  0.00037268
 -0.01566981 -0.05777435 -0.00585349 -0.0341631  -0.03341598  0.02870011
 -0.0571661  -0.02111585 -0.02175035  0.0528117  -0.09795348 -0.01731511
  0.05036443  0.04623338  0.00138633  0.06621689 -0.04651869  0.00785727
  0.01001766 -0.04590626 -0.08858521  0.05204453 -0.01485883  0.00791069
 -0.05535142 -0.02066182 -0.04383209  0.03267614 -0.08504308  0.10165498
 -0.00681285  0.08853107 -0.06179057 -0.00903402  0.01379979  0.04372757
 -0.00505164  0.06130499 -0.00103129  0.07821295 -0.023876   -0.00058458
  0.03460605 -0.09757609  0.06828508 -0.03846081  0.11172145 -0.05560815
  0.01635124 -0.01685399 -0.03806404 -0.02975397  0.06919067  0.01213661
 -0.05644598 -0.07048313 -0.01925045 -0.02365403  0.03687494 -0.00881041
  0.00915064 -0.05075936 -0.00617767  0.01687542 -0.0124667  -0.0622453
 -0.02043492  0.08436967  0.05387163 -0.05806567  0.05422257  0.01347321
 -0.03956486 -0.02842278  0.02437537  0.00812322  0.0370201  -0.08679768
 -0.00029205 -0.08432974  0.0229901   0.02021512  0.05725482  0.08342392
 -0.02721766 -0.02260763  0.0426691  -0.03091812 -0.00683355  0.02919664
 -0.01875365 -0.05327313  0.03333894 -0.00518579 -0.02056513 -0.02909644
 -0.08029874  0.05952454  0.00120776  0.03433723 -0.00652618  0.06897014
 -0.00979128 -0.01871068 -0.01714107 -0.05688773  0.0334908  -0.04308264
 -0.00199055  0.04245314 -0.0232428   0.08858403 -0.02959731 -0.0640441
  0.08194416 -0.00107256  0.06185816  0.05783564  0.03626268 -0.07155445
  0.00518942 -0.05816409 -0.06695142 -0.01775516  0.00919951  0.02266036
 -0.01202192  0.06510495  0.06691474  0.03492042  0.00122967 -0.00203069
 -0.01275559  0.0437057   0.04796131 -0.04209229  0.10460751  0.03658323
  0.01702169  0.00184958 -0.03941083 -0.06059363  0.04780184 -0.05274307
  0.00441628 -0.05155563  0.00499696 -0.05565112  0.04219431  0.00470565
  0.07671837  0.02832763 -0.04681353  0.01984395  0.07464838 -0.00868089
 -0.03547405 -0.05224231  0.03164194  0.00162826 -0.06853971  0.07124952
  0.05500025 -0.00469275  0.03467716 -0.05810805 -0.00495428  0.00782295
  0.00670615 -0.00587812 -0.01249679  0.03339482 -0.03878476  0.04363017
  0.04453832  0.02176334 -0.00714513  0.04128348 -0.02745672 -0.03815019
  0.03551477  0.00366221  0.03658444 -0.01980013 -0.02591878  0.03880815
  0.04975526  0.00725427 -0.00576978  0.03170021 -0.09492292  0.02549099
 -0.00858942  0.01551841  0.02959709  0.12807934  0.00958523  0.01461234
  0.04917492 -0.06005363 -0.05206592  0.04171124  0.03676842  0.02035527
 -0.05848043  0.03729779 -0.05426348  0.01193183 -0.10385472  0.03967133
 -0.01448338  0.00784479  0.06678387  0.04580884 -0.06631674  0.00748582
 -0.03456128 -0.05238543  0.05591568 -0.00513189 -0.00275394  0.02236074
  0.03049638 -0.01576261  0.01443462  0.06310175 -0.00896676  0.05903774
 -0.02903509 -0.09145517 -0.00038471  0.01441958  0.01464924 -0.0371807
  0.04052182 -0.01603604 -0.05639351  0.04652992  0.04044065  0.00945838
  0.00575448 -0.00116543 -0.05545242 -0.04505255  0.00123764 -0.01946557
  0.01821388 -0.01368398 -0.03294275 -0.02036653 -0.02225574 -0.06383412
  0.01065894 -0.03692272  0.03078612 -0.04301973 -0.04531252 -0.00778954
 -0.06844916  0.08214621 -0.06117508  0.08653597  0.05410146 -0.00672467
  0.07147073  0.00529015  0.02297569 -0.00350747  0.03824773 -0.03215364
 -0.02646646  0.0084682   0.02340151  0.01489468 -0.04208215  0.01768348
 -0.02749164  0.0998448   0.00182204  0.01929415  0.06914747 -0.07900019
 -0.02971265  0.04222015 -0.03263237 -0.04171714 -0.01921718  0.01330019
  0.00795356  0.02648664  0.0241374  -0.05399717 -0.04601058 -0.04619076
  0.03642517  0.02125346 -0.00208908 -0.08625881 -0.07167934 -0.00243024
  0.02554703 -0.00389435  0.02253581  0.01488821 -0.04284444 -0.02089339
 -0.03820908  0.07728182  0.02660654 -0.05360314  0.01102538  0.05906823
 -0.1111908   0.05292126  0.07438903 -0.01532311  0.00591928 -0.02303218
  0.0727107  -0.06043898  0.02966774  0.04208114  0.01419326 -0.00276285
  0.02140222 -0.00460377]"
Rafael,"[ 5.86861074e-02 -1.54647799e-02 -2.27645431e-02  6.59757033e-02
  3.88598070e-02  4.97402400e-02  1.85973179e-02  4.72054742e-02
 -3.17126326e-02 -4.93266210e-02 -2.91272979e-02 -1.00614072e-03
  6.63765613e-03  5.30775823e-02 -4.10318859e-02  9.01428889e-03
  1.68528203e-02  1.17313989e-01 -1.04147540e-02  2.04030182e-02
 -2.78291125e-02 -4.35939897e-03  2.42530368e-02  2.45965626e-02
  6.40918463e-02 -5.08980975e-02  4.85468432e-02  3.31736915e-02
  3.47612314e-02 -3.88969779e-02  3.88149843e-02 -5.19758724e-02
 -3.01782154e-02 -1.33332396e-02  4.90022488e-02  2.23387666e-02
  4.79384735e-02  1.17834667e-02 -4.72752191e-03 -8.07636380e-02
 -3.07097827e-04 -1.69969792e-03  2.85303383e-03 -9.80379879e-02
 -3.02320812e-02 -5.19187301e-02 -3.52824144e-02 -1.40097886e-02
  4.02288437e-02  1.99393090e-02 -8.67224671e-03 -3.65093797e-02
  5.13168499e-02  6.68536201e-02 -1.18895434e-02 -1.94720775e-02
 -3.30751091e-02  8.67888890e-03  4.40265201e-02 -1.11099835e-02
  1.96972229e-02 -3.26004960e-02  4.31392603e-02  8.08517858e-02
 -7.59533094e-03 -4.58201729e-02  1.03615381e-01  1.49204982e-02
  1.63663700e-01 -1.35359950e-02 -9.33964998e-02 -8.45098272e-02
  3.30935679e-02  2.03709267e-02 -5.30808698e-03 -3.58272232e-02
  4.19433638e-02 -4.47592847e-02  4.35458682e-02  3.26885539e-03
  1.26513168e-02  2.47089714e-02  5.28207384e-02  4.26342227e-02
 -1.25274027e-03  9.83947963e-02  6.97050691e-02 -6.23728260e-02
 -1.40755465e-02 -1.65451318e-02 -5.80984801e-02  6.18810244e-02
 -1.15372567e-02  4.46009934e-02 -3.88168618e-02  2.15508100e-02
 -1.35218492e-02 -1.00954361e-01 -3.29310969e-02  3.14138941e-02
 -7.05627427e-02  4.55604494e-02 -3.99539620e-03 -2.60651726e-02
 -2.31937096e-02 -2.47681420e-02 -3.58504988e-02 -2.65978947e-02
  4.68707681e-02 -1.68296974e-02 -2.24929722e-03  1.16662849e-02
 -9.66599304e-03 -4.36784839e-03 -8.73662625e-03 -1.99245811e-02
  3.69876325e-02 -2.26823222e-02 -6.68505281e-02 -2.02812068e-02
  8.58490355e-03  2.87523493e-02  1.02004444e-03  1.11250607e-02
 -4.95973900e-02  2.58053746e-02 -2.61792634e-02 -2.00667549e-02
 -5.10194115e-02  6.60725906e-02  8.66338145e-03  2.74664070e-02
 -5.89451753e-02 -2.11482532e-02  2.23958828e-02  1.75033119e-02
 -1.22792507e-02 -1.83860976e-02  4.04575877e-02 -1.53468214e-02
  1.44193284e-02 -8.28851387e-03  5.75691573e-02  6.45675464e-03
 -2.38926951e-02  3.83706056e-02 -3.52686569e-02 -2.07096972e-02
  5.47229201e-02 -5.43660931e-02  1.43325794e-02 -3.67660634e-02
  3.62982936e-02  1.66784227e-02 -2.44147256e-02 -3.84377353e-02
  2.02994253e-02  1.72441434e-02 -7.64539465e-02  1.89975295e-02
 -6.93323016e-02  6.98446035e-02  7.81201646e-02 -3.33044492e-02
 -1.56838199e-04  2.77695507e-02 -1.11240000e-01  8.25277157e-03
 -1.64863523e-02  3.04265507e-02 -1.32146226e-02  1.04822638e-03
 -1.44868437e-02  5.89069426e-02  4.72774506e-02 -2.36516297e-02
 -2.16334611e-02  6.06635772e-02 -3.28872725e-02  8.84760618e-02
 -4.16595042e-02  6.68582991e-02  1.95885077e-03 -6.11129217e-02
  2.80139744e-02 -5.51524200e-02  1.27984874e-03 -6.64831325e-02
  2.37498078e-02 -2.64495071e-02 -4.62257601e-02  5.03016450e-02
 -6.71039745e-02 -3.78382578e-02 -2.52730083e-02  7.71351084e-02
 -7.75098577e-02  2.56683026e-02  7.71522000e-02  4.86252680e-02
  7.04006059e-03  6.26563802e-02 -9.99362860e-03  3.75376306e-02
  6.52435720e-02 -2.76831556e-02 -7.08721355e-02  8.28725696e-02
 -3.26598026e-02  2.20081303e-02 -3.13724540e-02 -3.59589346e-02
 -1.38798608e-02  5.10324687e-02 -8.25400427e-02  1.09472401e-01
 -1.38017815e-03  3.56551744e-02 -5.79401255e-02 -2.15762723e-02
  2.07211431e-02  3.04062776e-02  3.70794944e-02  6.58465847e-02
 -2.54786704e-02  8.43109414e-02 -6.20249659e-03 -3.24358116e-03
  3.41610573e-02 -8.39513242e-02  5.56752495e-02 -2.36650575e-02
  7.34718814e-02 -3.19686867e-02  6.37206947e-03 -2.62428932e-02
 -4.74999808e-02  3.53805721e-04  5.25080413e-02  4.42942930e-03
 -4.41970900e-02 -5.70317805e-02  6.99138315e-03 -1.30936354e-02
  3.92881483e-02  6.19373110e-04  1.84523687e-02 -4.35324572e-02
 -2.23344788e-02  3.19671258e-02 -1.98448636e-02 -6.35286123e-02
  1.34144130e-03  6.94115832e-02  4.52653095e-02 -8.73374939e-02
  2.04291642e-02  4.60187512e-05 -4.86765690e-02 -3.73926349e-02
  2.72530094e-02  4.92439605e-02  2.10870970e-02 -9.33093950e-02
 -6.72239857e-03 -8.08258653e-02 -7.89111014e-03  5.52470284e-03
  4.42051589e-02  3.52321416e-02 -4.09817658e-02 -3.68779711e-02
  3.27012688e-02 -3.77977528e-02  4.03106818e-03  4.60071266e-02
 -3.18135135e-02 -6.49471730e-02  3.96798514e-02  4.49542440e-02
 -4.29534167e-02 -1.14939697e-02 -1.15887582e-01  7.23490044e-02
 -1.24543989e-02 -1.90940164e-02 -1.67275835e-02  6.27494454e-02
  2.24440712e-02  3.81259061e-02 -5.32666333e-02 -5.35546020e-02
  7.46723963e-03 -2.67024562e-02  4.81386743e-02  5.50708547e-02
 -5.53449914e-02  6.51156083e-02 -5.95649742e-02 -5.66505603e-02
  4.02228199e-02 -1.18586281e-02  6.10691719e-02  6.44724444e-02
  5.18459920e-03 -3.73224877e-02 -2.89457683e-02 -3.96396704e-02
 -5.51926531e-02 -5.32391705e-02  1.43620325e-02  3.71993184e-02
 -1.16252173e-02  2.60498766e-02  2.60378681e-02  8.71132463e-02
  3.10295075e-02  1.58718787e-02  1.69377550e-02  2.25470867e-02
  6.31555989e-02 -6.13502972e-02  1.19891040e-01  4.16790769e-02
  2.41039656e-02  3.92878652e-02 -5.76678924e-02 -5.91960736e-02
  6.57679106e-04 -9.66280922e-02  2.37892717e-02 -6.13254905e-02
  2.12090686e-02 -4.90115136e-02  4.67086621e-02  3.11830975e-02
  1.07821278e-01  3.24527510e-02 -4.04369533e-02 -7.11110653e-03
  5.45170531e-02 -1.78394895e-02 -4.65230606e-02 -7.59253204e-02
  2.80424338e-02 -1.99634992e-02 -3.59108187e-02  8.71586427e-02
  8.95953737e-03 -1.74096022e-02  1.19566126e-02 -2.49117091e-02
  2.68653072e-02 -1.10975502e-03  3.42240110e-02  7.01262383e-03
 -3.42362374e-02  2.07257755e-02 -3.96029018e-02  5.88800982e-02
  4.36194241e-02  2.62344368e-02  4.93056104e-02  1.30685335e-02
 -1.34189371e-02 -1.81119349e-02 -1.25774322e-02 -5.12184994e-03
  3.79013158e-02  3.83426668e-03  5.66492928e-03  2.49564536e-02
  3.42622325e-02 -4.38484363e-03 -5.63592762e-02  3.25657688e-02
 -7.61606246e-02  4.81901169e-02  2.74102297e-02  2.55521126e-02
 -5.81710925e-03  1.44691050e-01  2.36336198e-02  1.72858331e-02
  4.45467643e-02 -5.38554154e-02 -4.99205627e-02  4.92837317e-02
  2.78269146e-02  1.21959960e-02 -5.12403958e-02  1.88794713e-02
 -4.08656225e-02  1.43486103e-02 -8.59854147e-02  3.52595225e-02
  1.84331287e-03  1.08216917e-02  4.29000370e-02 -6.41194114e-04
 -3.13765407e-02 -2.96153743e-02 -6.76979125e-02 -4.71301675e-02
  5.43918498e-02 -1.66347176e-02 -1.26417223e-02 -1.80596430e-02
  2.63967235e-02  2.76653636e-02  1.11749228e-02  1.09121585e-02
  1.65666603e-02  1.90498866e-02 -1.62077993e-02 -7.90667683e-02
  1.32860392e-02 -3.12577300e-02  1.68220978e-02 -1.67274512e-02
  4.07884344e-02 -2.47166660e-02 -7.20645785e-02  2.06165221e-02
  3.73285934e-02  2.79938076e-02 -1.42471017e-02  4.24558744e-02
 -2.08226461e-02 -2.87020598e-02  5.59042499e-04 -1.55996792e-02
 -1.77522879e-02 -2.43030991e-02 -3.93704791e-03 -1.78841334e-02
 -1.67388897e-02 -6.13994896e-02  7.57620251e-03 -5.87984622e-02
 -1.07925851e-02 -3.61119285e-02 -6.29684404e-02  1.47568975e-02
 -6.43433928e-02  6.25588223e-02 -4.24287654e-02  6.91276714e-02
  6.16805144e-02  8.50485452e-03  7.69087970e-02 -2.96863001e-02
 -1.03543801e-02 -3.56609421e-03  3.60637978e-02 -2.62854677e-02
 -3.56413014e-02 -1.68365631e-02  2.68734694e-02  4.66449261e-02
 -2.04023551e-02  5.01290634e-02 -3.17241736e-02  8.17970186e-02
 -4.75118682e-02  1.56000732e-02  7.35422522e-02 -9.95975807e-02
  6.85072970e-03  3.45640853e-02 -8.91598873e-03 -1.21107548e-02
 -4.92423810e-02  8.48020986e-03  1.63428430e-02  8.75916798e-03
 -1.03605799e-02 -1.34856990e-02 -5.70001788e-02 -4.47787493e-02
  4.64760419e-03  6.57060463e-03  8.74389149e-03 -7.01050982e-02
 -8.27988982e-02  1.80953951e-03  2.48562731e-02  1.93066068e-03
 -1.71431750e-02  2.65562814e-02 -2.54789237e-02 -3.25330570e-02
 -3.49837318e-02  6.51137978e-02  4.38841917e-02 -5.15227169e-02
 -2.17299014e-02  6.47339970e-02 -8.21975172e-02  4.53629792e-02
  1.04636200e-01 -3.45516689e-02 -1.70122888e-02 -1.88218541e-02
  7.56280124e-02 -6.95257410e-02  3.54501493e-02  6.66909665e-02
  2.57011820e-02  1.85626689e-02  1.61412973e-02 -1.91467628e-02]"
Rafael,"[ 4.61366922e-02  2.21679267e-02 -1.68089624e-02  6.33019507e-02
 -1.59857923e-03  4.96330746e-02  2.57687047e-02  4.84582409e-02
 -3.86860892e-02 -3.51457894e-02 -3.92921008e-02 -1.87342186e-02
 -5.92345095e-05  6.14510775e-02 -4.46886830e-02 -1.82325970e-02
  1.87463611e-02  1.13858603e-01  4.26309370e-03 -3.05909058e-03
 -3.48639414e-02 -4.57282588e-02  5.77818416e-03  3.20735795e-04
  6.40961155e-02 -8.02697241e-02  3.78086977e-02  4.25493196e-02
  4.14419323e-02 -7.26507977e-02  3.82263735e-02 -2.67017651e-02
 -3.35163586e-02 -1.26388967e-02  3.23207118e-02  7.90755637e-03
  2.72816718e-02  4.73226048e-03 -3.40013430e-02 -1.10839792e-01
 -1.49987880e-02  3.41032702e-03  4.16490808e-03 -8.56844485e-02
 -2.13162764e-03 -5.66270389e-02 -2.85084825e-02  6.45201188e-03
  5.23388386e-02 -1.06918290e-02  4.60790610e-03 -5.80090890e-03
  6.64345026e-02  3.68146114e-02 -1.53486552e-02 -4.81365528e-03
 -6.47024289e-02  7.10229650e-02  5.41823469e-02  2.40821876e-02
  1.21200667e-03 -3.50027569e-02  7.06432089e-02  8.02925006e-02
 -2.51312982e-02 -3.87287326e-02  7.79610500e-02  5.11625446e-02
  1.25453681e-01 -2.74710916e-03 -1.05631761e-01 -7.63382688e-02
  4.75900546e-02  3.03939879e-02  2.57409662e-02 -6.69786483e-02
  2.21569091e-02 -3.76933366e-02  4.71326374e-02  4.90841630e-04
  4.19115229e-03  3.63802649e-02  3.74318175e-02  6.11831956e-02
 -2.90494245e-02  8.53195637e-02  9.18527991e-02 -4.60765436e-02
  7.79978978e-03  2.71586254e-02 -6.67772144e-02  8.16742703e-02
 -6.87995646e-03  3.63208950e-02 -4.36612852e-02  3.52366790e-02
 -1.16323531e-02 -7.55734369e-02 -3.90539579e-02  1.74176246e-02
 -6.32791361e-03  1.53204845e-02 -2.65679378e-02 -5.71990535e-02
 -3.78408507e-02 -6.39432203e-03 -1.49302324e-02 -2.00940911e-02
  3.16218585e-02 -2.00905073e-02  1.24797681e-02  1.86673719e-02
 -1.97901260e-02  1.06912889e-02 -1.35179302e-02  8.46670195e-03
  5.46476692e-02 -3.74443159e-02 -7.51040876e-02  4.96579846e-03
 -9.20914952e-03  2.85636559e-02  2.24665776e-02  2.05004252e-02
 -5.53999208e-02  1.36050256e-02  1.24155441e-02  8.59505404e-03
 -5.09073474e-02  7.80719593e-02 -2.34337486e-02  2.25329380e-02
 -1.46666104e-02 -3.42348814e-02  4.13362011e-02  3.35445069e-02
  5.04478719e-03  2.17832578e-03  1.66526251e-02 -1.32487575e-02
  1.42065650e-02 -1.65463872e-02  6.94537163e-02 -1.23466598e-03
 -1.41505776e-02  4.16065045e-02 -2.76416466e-02  6.90441532e-03
  7.65102282e-02 -3.12686600e-02  3.54193076e-02 -1.93828009e-02
  2.72869226e-02 -1.28667720e-03 -2.00601015e-02 -3.35906520e-02
  8.64199735e-03 -1.07612628e-02 -6.60407320e-02  7.36895204e-03
 -2.19394509e-02  6.15636855e-02  8.90144035e-02 -2.24115960e-02
  2.86341319e-03 -4.93307016e-04 -1.13933407e-01  2.45514251e-02
 -3.92088480e-02  6.67926967e-02  2.11042203e-02  7.80573348e-03
 -7.77136208e-03  1.89776309e-02 -1.81868263e-02 -4.14936543e-02
 -6.74697896e-03  6.86117113e-02 -4.35400829e-02  6.61891997e-02
 -4.83730622e-02  8.35303143e-02  1.21261524e-02 -6.60376251e-02
  2.96730287e-02 -3.94237563e-02  2.01347913e-03 -7.53162727e-02
  9.05832276e-03 -1.97323170e-02 -2.27195323e-02  6.24854155e-02
 -4.89546433e-02 -5.17876707e-02 -3.97081720e-03  6.19449317e-02
 -7.92072862e-02 -1.77596267e-02  6.70851469e-02  2.00831573e-02
  1.36196380e-02  5.91718629e-02 -1.35115096e-02  4.29396443e-02
  6.32912219e-02 -6.70159832e-02 -8.18006173e-02  6.87129721e-02
 -3.91606279e-02  3.44909206e-02 -3.52955796e-02 -2.83021200e-02
 -1.32892411e-02  4.62903269e-02 -7.50063285e-02  1.16404228e-01
  1.60281602e-02  6.62271753e-02 -3.31002697e-02  9.11408383e-03
  4.90546674e-02  6.74776807e-02  1.71106756e-02  4.29982096e-02
 -1.52983479e-02  9.80074853e-02 -1.85962752e-04  2.35168040e-02
 -7.61518627e-03 -5.30905239e-02  6.92465305e-02 -4.46639434e-02
  4.91627306e-02 -3.52416746e-02 -6.75413944e-03  1.29435509e-02
 -3.33328880e-02 -1.33379204e-02  5.60477637e-02 -2.62867622e-02
 -5.25528230e-02 -5.64677715e-02  2.71814130e-03 -9.77456942e-03
  6.03907146e-02 -3.99265438e-03  1.77643020e-02 -5.88581339e-02
  1.40375104e-02  2.58614365e-02 -4.56796139e-02 -7.82305747e-02
  3.84536502e-03  9.72222090e-02  1.11983689e-02 -6.41094521e-02
  1.66577809e-02  1.89488344e-02 -1.24031547e-02 -1.32020889e-02
  1.60646867e-02  5.62514849e-02  4.09597009e-02 -8.45762789e-02
  1.74005702e-02 -1.07180759e-01 -7.01013766e-03 -3.63513594e-04
  7.44489655e-02  6.07251450e-02 -2.89645586e-02 -4.47173826e-02
  9.28806420e-03 -6.26639649e-03 -1.44096802e-03 -1.32612314e-03
 -5.92582151e-02 -6.15490787e-02  4.94384915e-02  5.78361899e-02
 -6.50292486e-02 -1.03457300e-02 -1.12984791e-01  1.96868964e-02
 -1.65040251e-02  8.89682770e-03 -2.58236621e-02  6.81221038e-02
 -8.41710065e-03 -1.12831639e-02 -1.11856554e-02 -9.68691520e-03
  8.23822245e-03 -3.45678069e-02  2.78084874e-02  5.29005788e-02
 -6.42731693e-03  6.87484592e-02 -4.03799564e-02 -4.03022692e-02
  4.55824323e-02 -9.78517998e-03  6.71201646e-02  5.56415431e-02
  5.64080402e-02 -2.72851437e-02 -1.34554459e-02 -5.26528247e-02
 -3.46284024e-02 -5.20286746e-02 -7.67647894e-03  4.03195918e-02
 -4.07459885e-02  2.78079454e-02  6.00878261e-02  2.49289647e-02
  3.39522325e-02 -4.19412553e-02  6.63025817e-03 -4.25724685e-03
  6.42287731e-02 -6.80489093e-02  7.64416084e-02  4.12415750e-02
  4.28229943e-02  5.19882562e-03 -2.97281314e-02 -5.93273602e-02
 -3.81535874e-03 -8.22430775e-02 -2.02466501e-03 -1.84954088e-02
  3.10775969e-04 -5.63421175e-02  3.52961533e-02  3.13867107e-02
  1.10755526e-01  2.75486149e-02 -4.20555398e-02 -3.53889912e-02
  5.15806302e-02 -4.98324353e-03 -2.21354570e-02 -8.69724602e-02
  1.64655428e-02 -1.24130556e-02 -2.97423080e-02  9.74079296e-02
  4.36876677e-02  2.97309458e-02  3.46854329e-02 -4.26794440e-02
  9.89981275e-03  4.36450019e-02  8.17080494e-03  9.55964345e-03
 -8.49085767e-03  7.53669068e-02 -2.70824954e-02  5.52542284e-02
  3.66993584e-02  2.18616053e-02  1.60008185e-02  2.56132800e-03
 -4.66171652e-02 -1.46593982e-02 -1.63735473e-03 -2.10625101e-02
  2.01819483e-02 -2.63318024e-03  1.29793566e-02  4.04813252e-02
  2.97860149e-02  4.15036269e-02 -3.76653485e-02  4.05804552e-02
 -8.01509097e-02  4.27786149e-02  4.89138858e-03  4.47461121e-02
 -1.52248200e-02  1.59345359e-01  1.46313775e-02  3.16714086e-02
  5.61310723e-02 -6.18944429e-02 -5.75644523e-02  4.96503636e-02
  2.34624417e-03  5.12850191e-03 -5.38363867e-02  1.02498801e-02
 -3.25068608e-02 -5.24701457e-03 -7.40478039e-02  1.83527041e-02
 -1.96974706e-02 -1.07030944e-04  4.73343022e-02  2.68644132e-02
 -2.18252111e-02 -4.51531224e-02 -5.90862073e-02 -4.45241109e-02
  1.41385896e-02 -3.03733721e-02  2.73267217e-02  1.00491643e-02
  5.73990159e-02  4.61351983e-02  2.58758329e-02  5.07597327e-02
 -8.09080154e-03  5.59295602e-02 -3.81773002e-02 -8.68036672e-02
 -2.87779029e-02  2.33213529e-02 -1.89509727e-02  9.04618669e-03
  3.23827490e-02 -1.10935820e-02 -6.26016557e-02  2.94379052e-02
  5.90183325e-02  2.33748518e-02 -7.73406075e-03  4.03052308e-02
 -2.01261658e-02 -5.21889850e-02 -1.50282653e-02 -4.34591472e-02
  1.81845725e-02 -6.21445104e-02 -3.08125950e-02  8.68588872e-03
 -5.41405007e-02 -6.74254894e-02  2.38861572e-02 -9.18201432e-02
  8.16118065e-03 -3.00023183e-02 -1.05438344e-02  1.08557695e-03
 -5.74608929e-02  6.43260181e-02 -3.94707322e-02  9.80801210e-02
  4.77043055e-02 -2.28053448e-03  8.94543976e-02 -2.20848210e-02
  8.77893344e-03 -2.91088428e-02  4.33458621e-03 -4.27390151e-02
 -3.84735689e-02  6.38695201e-03  7.39446133e-02  4.17116918e-02
 -3.69026586e-02  6.91587105e-02 -3.10386834e-03  5.51904775e-02
 -3.76941301e-02  4.25131992e-02  7.07355291e-02 -6.43406287e-02
 -1.50294845e-05  3.83575782e-02 -1.47896670e-02 -4.27155718e-02
 -2.29275152e-02 -1.06811635e-02  2.70478074e-02  2.42900401e-02
 -9.01251752e-03  1.00413747e-02 -1.04140658e-02 -3.77396569e-02
  4.62360587e-03 -6.18057046e-03  8.22428148e-03 -4.18399423e-02
 -7.03677610e-02 -1.82531476e-02 -1.32822096e-02 -5.75926248e-03
  2.50590984e-02  1.35107925e-02 -7.79815912e-02 -1.65597647e-02
 -6.33344725e-02  5.66708148e-02  4.13748622e-02 -6.82181567e-02
 -2.61220727e-02  6.07223660e-02 -7.26656541e-02  3.85793410e-02
  5.70557378e-02 -3.07264570e-02 -2.70338356e-02  1.41323160e-03
  4.08898145e-02 -7.80529901e-02  1.00035500e-02  4.09301482e-02
  2.65332945e-02 -4.27335873e-03  3.84964421e-03 -1.15665365e-02]"
Rafael,"[ 2.84500793e-02 -1.78524684e-02 -1.81232449e-02  6.34636506e-02
  3.03565133e-02  3.08368169e-02  9.66147427e-03  5.80814965e-02
 -7.05569377e-03 -5.67469522e-02 -3.33785489e-02  1.20735401e-03
 -7.09268078e-03  9.40782204e-02 -1.78988725e-02 -3.52101624e-02
  3.02144466e-03  1.17905110e-01 -2.54576039e-02 -5.50538953e-03
 -1.54627627e-02  1.77884242e-03  2.04684995e-02 -1.08341314e-02
  2.64472719e-02 -6.29010871e-02  2.32223887e-02  4.52501886e-02
  6.86542690e-02 -7.54769892e-02  3.57364900e-02 -6.71326667e-02
 -1.49229669e-03 -5.49565107e-02  6.73169121e-02  4.61460128e-02
  6.98469114e-04  3.13684940e-02 -1.94094200e-02 -8.48680511e-02
 -2.05389298e-02 -5.78169245e-03 -1.75781790e-02 -1.25629887e-01
  1.15443999e-03 -7.57936165e-02 -1.27183963e-02  3.63037572e-04
  2.75983196e-02  2.06305617e-06  2.50093988e-03  6.42240979e-03
  6.33183569e-02  4.72289249e-02 -1.53228734e-02 -1.99178234e-03
 -4.56387363e-02  4.47917506e-02  4.11926880e-02 -2.45278026e-03
  2.24940982e-02 -6.51635826e-02  6.99707270e-02  9.34934542e-02
 -3.03441081e-02 -4.68370579e-02  1.01899825e-01  4.13426422e-02
  1.31616458e-01 -1.00046601e-02 -1.13863453e-01 -6.10070489e-02
  3.44672687e-02 -2.40329690e-02  2.38968581e-02 -8.07246417e-02
  4.52232137e-02 -5.11006266e-02  4.37347293e-02  2.34940685e-02
  2.19608750e-03  4.39242721e-02  6.18671142e-02  5.82812987e-02
 -2.97377873e-02  8.93587321e-02  9.43801999e-02 -4.43770066e-02
 -9.94141679e-03  1.77564546e-02 -3.93410884e-02  6.71731383e-02
  7.62173114e-03  2.84433998e-02 -5.10934517e-02  6.28073663e-02
 -4.74933581e-03 -6.97252154e-02 -2.74131037e-02 -3.76770049e-02
 -1.11886868e-02 -2.17221375e-03  1.49469674e-02 -3.06061413e-02
 -1.45879928e-02 -8.45797639e-03 -2.15702858e-02 -1.63592733e-02
  4.17509675e-02 -1.29434085e-02  4.56202403e-03  6.07079640e-02
 -2.30969349e-03  4.87060664e-04  2.09334176e-02 -3.64658125e-02
  5.41244224e-02 -4.03351299e-02 -7.52024502e-02 -1.82171874e-02
 -2.22947877e-02  3.54862749e-03 -1.67239401e-02  2.83150990e-02
 -6.66054636e-02  2.46157292e-02 -3.40613127e-02 -2.03446336e-02
 -6.10780753e-02  7.22452924e-02  1.83563922e-02  5.63570708e-02
 -1.93879306e-02 -5.95374890e-02  4.76893038e-02  1.83920488e-02
  1.40088785e-03  2.70392727e-02  4.13906686e-02 -1.48184542e-02
  1.33273774e-03  2.62995567e-02  7.89406449e-02  1.68612804e-02
 -1.01515651e-02  4.19815555e-02 -3.74010727e-02 -5.39219892e-03
  5.86453965e-03 -2.58495975e-02  1.02129225e-02 -3.39665599e-02
  7.94940908e-03 -2.29386147e-02 -2.67643146e-02 -5.53778224e-02
  2.73008998e-02 -1.06487656e-02 -7.00015277e-02 -3.12455534e-03
 -3.72357666e-02  3.28234583e-02  1.00804970e-01 -5.08214422e-02
 -1.30980667e-02  1.56165855e-02 -1.01247430e-01  3.77727230e-03
 -2.48329807e-02  4.59506810e-02 -1.23048259e-03 -2.61956342e-02
  1.38677303e-02  3.85396904e-03 -9.27542523e-03 -4.54541296e-02
 -4.83511575e-02  3.41327339e-02 -2.74264943e-02  7.17613697e-02
 -4.56387177e-02  4.09110859e-02 -2.42387783e-02 -7.05016330e-02
  3.23566049e-02 -2.34115701e-02 -3.01556159e-02 -8.56758133e-02
 -8.42830341e-04 -2.21389551e-02 -5.14567383e-02  4.02616337e-02
 -6.81896657e-02 -5.97883249e-03 -2.12164931e-02  6.24278262e-02
 -7.54545778e-02 -8.61997530e-03  4.28500846e-02  8.24333075e-03
 -1.33641781e-02  6.43363073e-02 -3.85665074e-02  6.99716341e-03
  5.02604106e-03 -7.53890574e-02 -6.18239790e-02  5.92746995e-02
 -1.62121858e-02  2.41672006e-02 -3.60344499e-02 -1.81836206e-02
 -2.70460602e-02  1.78079065e-02 -8.91751349e-02  9.56151858e-02
 -2.97079440e-02  8.25159848e-02 -5.12095354e-02 -1.17273098e-02
  1.97627470e-02  5.70076890e-02 -1.46870152e-03  5.62697574e-02
 -8.95501766e-03  7.56781697e-02 -1.71948075e-02 -1.63254943e-02
  1.25421286e-02 -9.91416723e-02  6.36008754e-02 -4.94759269e-02
  7.47456998e-02 -3.45915332e-02 -2.95258407e-03 -9.94199794e-03
 -3.56397033e-02 -6.18592557e-03  5.89828454e-02 -1.22863455e-02
 -5.83749674e-02 -8.38331506e-02  1.92614272e-02 -2.98280921e-02
  2.12072805e-02 -6.64572557e-03  2.55282279e-02 -5.83136529e-02
 -2.08292287e-02  1.01996697e-02 -1.93591435e-02 -8.35310221e-02
 -2.25949325e-02  9.27281454e-02  4.50426042e-02 -6.29340932e-02
  1.38841765e-02  1.19607551e-02 -1.05226068e-02 -2.64421124e-02
  5.11334799e-02  3.85689400e-02  4.75253686e-02 -7.75443017e-02
  3.05605326e-02 -6.33608699e-02  1.76002141e-02  3.20848897e-02
  6.06079958e-02  6.85462952e-02 -3.29829790e-02 -3.73479202e-02
  2.49228161e-02 -3.63869630e-02  4.09517623e-02 -6.06119353e-03
 -1.38168568e-02 -4.61580716e-02  3.10925040e-02  4.26085815e-02
 -4.88963239e-02 -3.47423404e-02 -9.10935178e-02  2.60365866e-02
 -1.69587974e-02  3.19064893e-02 -1.73935629e-02  9.52714011e-02
  1.08544258e-02 -7.92224426e-03  1.04267225e-02 -5.16475439e-02
  3.32351774e-02 -5.74346147e-02 -2.30978206e-02  8.56539309e-02
 -2.32732482e-02  4.16081026e-02 -3.04624364e-02 -5.61198667e-02
  4.06980030e-02  9.05725826e-03  8.25388730e-02  5.15281036e-02
  2.59612948e-02 -7.46039599e-02 -4.36483044e-03 -5.40977418e-02
 -4.54645567e-02 -3.64795998e-02 -5.27492666e-04  4.11637165e-02
 -1.90433220e-03  4.83084507e-02  4.76953611e-02  6.26544729e-02
  1.69812869e-02 -1.02820722e-02 -2.94787958e-02  3.49374339e-02
  2.43964400e-02 -4.94450219e-02  1.05568260e-01  4.24894355e-02
  4.14989293e-02 -2.51575578e-02 -4.35882732e-02 -4.96196076e-02
  3.29648629e-02 -3.97540033e-02  1.24227954e-02 -2.66375076e-02
  9.15432815e-03 -5.45196235e-02  1.40688138e-03 -9.15477145e-03
  9.70092714e-02  4.55171987e-02 -4.50228006e-02 -1.99121386e-02
  7.92151317e-02 -4.16512713e-02 -4.92458157e-02 -4.70227487e-02
  4.35723104e-02 -1.15164323e-02 -5.79718500e-02  8.25951174e-02
  3.31561230e-02 -2.61682402e-02  4.01631445e-02 -7.53525048e-02
  2.72700563e-02  1.44434441e-03  3.08579896e-02  1.91362780e-02
 -4.29528691e-02  4.97832373e-02 -3.42521109e-02  5.35463244e-02
  2.00595558e-02  5.48791811e-02  1.76108927e-02  3.61249857e-02
 -2.77233887e-02 -3.40972692e-02  1.55611793e-02  1.26832426e-02
  4.08186391e-02 -3.14037129e-02  5.21334354e-03  2.04956122e-02
  4.99965511e-02  3.13522518e-02 -4.61780019e-02  4.35307920e-02
 -7.01542571e-02  5.49476780e-02 -1.36233438e-02  4.21565808e-02
 -1.81014780e-02  1.54898629e-01  2.45048385e-02  2.27833819e-02
  6.33092299e-02 -6.78910911e-02 -5.09010926e-02  2.35834494e-02
 -9.05488804e-03  1.38693955e-02 -4.67477888e-02 -4.32901736e-03
 -4.13271077e-02  4.44892934e-03 -8.46994892e-02  3.39837670e-02
 -1.46556506e-02  1.60017759e-02  5.64328730e-02  3.78140472e-02
 -6.58602640e-02 -3.89408208e-02 -6.84790611e-02 -3.60373855e-02
  3.17720957e-02  3.20983566e-02 -3.61585547e-03 -1.59313735e-02
  2.55550146e-02  1.70491524e-02 -1.30050792e-03  5.80440238e-02
  2.97266757e-03  3.89138572e-02 -3.30232121e-02 -6.20204471e-02
 -2.32808944e-03  1.25973942e-02 -8.59325007e-03 -4.03922424e-02
  4.47259471e-02 -1.50194904e-02 -3.79742868e-02  3.79716442e-03
  2.85259970e-02  2.87121870e-02 -2.61016320e-02  3.68173346e-02
 -3.83961499e-02 -6.54673129e-02 -2.46943235e-02 -2.70323455e-02
  2.79123392e-02 -2.75785625e-02 -6.29879609e-02 -2.37888694e-02
 -3.95368226e-02 -3.60728614e-02 -1.35535700e-03 -2.59583909e-02
  3.35932821e-02 -2.34427769e-02 -4.09563705e-02 -1.72871631e-02
 -5.99549562e-02  7.06049278e-02 -5.32378294e-02  6.25498146e-02
  4.32168432e-02  1.78202633e-02  7.07203075e-02 -1.17939329e-02
  8.80996604e-03  1.03833135e-02  1.25293573e-02 -5.45047149e-02
 -2.40105726e-02 -1.24225877e-02  5.05140983e-02  3.49369049e-02
 -5.77745959e-02  2.30886154e-02 -9.67486482e-03  6.93486407e-02
 -1.30660990e-02  2.32253727e-02  6.96466044e-02 -6.62544817e-02
 -2.66925003e-02  4.95244116e-02 -6.44374415e-02 -3.11254859e-02
 -1.66437235e-02  7.99279660e-03  2.63798721e-02  3.06509137e-02
 -4.15325258e-03 -3.88548635e-02 -1.38683803e-03 -3.92791554e-02
  2.21161786e-02  9.02082864e-03 -1.93012934e-02 -6.47285134e-02
 -5.91946468e-02  3.24620702e-03  3.09367161e-02 -2.25674063e-02
  1.94552839e-02  8.66445154e-03 -6.73446953e-02 -9.43216588e-03
 -2.63502076e-02  6.40534759e-02  4.38752361e-02 -3.72636579e-02
 -2.51153804e-04  5.86982667e-02 -9.65092927e-02  3.27551849e-02
  6.73173815e-02 -2.10615080e-02 -2.47457456e-02 -3.07812188e-02
  6.27447888e-02 -5.55267707e-02  4.43677418e-02  2.51034349e-02
  3.55560035e-02 -7.77088851e-03  1.54356258e-02 -9.63961333e-03]"
Rafael,"[ 0.03123582 -0.03195269 -0.01813992  0.06262758  0.00377975  0.05499348
  0.03084528  0.01017688 -0.03701313 -0.04337757 -0.03431032 -0.04099929
 -0.01078004  0.0648844  -0.01229931  0.0086388   0.02248374  0.1094233
  0.00149539  0.02386446 -0.01361586  0.00586773  0.04111885 -0.00478378
  0.03971748 -0.03794511  0.04161401  0.03128276  0.05903786 -0.05102328
  0.02583097 -0.00821486 -0.01995881 -0.01171893  0.04267967  0.01791495
  0.05811399  0.01641274  0.00228545 -0.10531708  0.01312067 -0.02950643
 -0.00871211 -0.09219879 -0.02895375 -0.09768149 -0.01916748 -0.00406473
  0.03513191  0.03441565 -0.00566781  0.01273514  0.04469431  0.04228451
 -0.00585099 -0.03666376 -0.02743401  0.05001286  0.08243711  0.02262894
  0.04541235 -0.05333138  0.05216485  0.04745992 -0.00538273 -0.02601824
  0.11733855  0.01066442  0.11584146 -0.00151711 -0.1271596  -0.06465615
  0.06552017  0.02054534  0.00116332 -0.02492919  0.05411738 -0.06438318
  0.01301703  0.00945711 -0.00812393 -0.00444273  0.04720945  0.04963204
  0.00319911  0.06299252  0.08053952 -0.03337076 -0.05224812 -0.00378521
 -0.04863814  0.01558499 -0.00358756  0.06958801 -0.05398916  0.01754453
  0.00707549 -0.09207033 -0.03162856  0.02568407 -0.02920732 -0.01385543
  0.00060466 -0.04745052 -0.03932393 -0.02670743 -0.01335053 -0.03188788
  0.02959483 -0.01322795 -0.01552094  0.00567392 -0.02220692 -0.03466824
 -0.03374028 -0.029854    0.0280455  -0.06185559 -0.03751764  0.01006765
  0.02193879  0.01156559 -0.01290524  0.06691342 -0.07055936  0.00696306
 -0.0013676   0.00029368 -0.03780508  0.07374529  0.01764917  0.01064644
 -0.04774721 -0.01275632 -0.00664421  0.02046347  0.00699926  0.0021349
  0.03869843 -0.02439738  0.01316062 -0.00335963  0.08590698  0.01748256
 -0.00982804  0.05457345 -0.01807149 -0.05473412  0.03254193 -0.03512057
  0.01497152  0.00082309  0.03349822 -0.03901355 -0.02794339 -0.06873224
  0.00213477  0.02142619 -0.06022619  0.02080631 -0.04928042  0.02473246
  0.09192926 -0.01214468  0.00492769  0.02819132 -0.10815944 -0.02282827
 -0.00285449  0.01331566  0.04139782  0.00595741  0.01846348  0.01081155
 -0.00499297 -0.06979384 -0.03489571  0.05046752 -0.02896391  0.09581917
 -0.03489026  0.07856726 -0.00458484 -0.07564575  0.01292482 -0.04485155
  0.00033818 -0.07221126 -0.01975094 -0.04196154 -0.04143754  0.0450078
 -0.07774734 -0.01524218 -0.03325554  0.07398269 -0.09001336  0.02229951
  0.03370005  0.05670202  0.00803837  0.09099825 -0.03672596  0.02290176
  0.01075507 -0.06732691 -0.06702877  0.0507117  -0.06440607  0.03295062
 -0.00541203 -0.03553862 -0.00956386  0.06445362 -0.10098438  0.13200332
  0.03318777  0.02050919 -0.03878205  0.0183398   0.05463418  0.0267872
  0.01159603  0.0248562  -0.03561205  0.08590747 -0.00826789 -0.03177894
  0.03391282 -0.06754066  0.06826565 -0.0388291   0.0508417  -0.01005755
 -0.02508594  0.00213994 -0.00630771 -0.01080845  0.03320527 -0.03271214
 -0.03080147 -0.08518919 -0.00447497 -0.01977354  0.04203695  0.01428976
  0.00694731 -0.03895995 -0.00409488 -0.00791927 -0.02322041 -0.08660338
 -0.03318737  0.04630612  0.03190473 -0.07249069  0.0100222  -0.02839213
  0.00342381 -0.0385638   0.03201227  0.04200251  0.03346855 -0.0582784
  0.01405322 -0.06532415 -0.00890503 -0.01244341  0.05604392  0.03521361
  0.01336205 -0.00034171 -0.002886   -0.01558456  0.0170175   0.03554964
 -0.06295617 -0.04808563  0.03028215  0.06697152 -0.01596935 -0.05034815
 -0.10986122  0.04726733 -0.01057435 -0.03833517 -0.04808077  0.06003619
  0.02534794  0.02127726 -0.02201558 -0.02867758  0.01176219 -0.0418574
 -0.01272054  0.0741308  -0.07407358  0.04776131 -0.04995562 -0.03596099
  0.04406764 -0.02373267  0.09019342  0.073445    0.02342693 -0.06202309
 -0.00036103 -0.00770924 -0.06755171 -0.06996303  0.01434306  0.03918492
 -0.0312183  -0.01882189 -0.0083777   0.09261072  0.01366748 -0.02029504
 -0.00334709  0.01155594  0.04560221 -0.06154164  0.09770916  0.04924674
  0.02524953  0.00300641 -0.06382798 -0.07214793  0.00036689 -0.06649004
  0.01745442 -0.06126885  0.01546028 -0.06210854  0.01761373  0.02912538
  0.10460147  0.0043335  -0.03856486 -0.05031865  0.05765557 -0.0110642
 -0.06247862 -0.06383562  0.0294169  -0.02111705 -0.05723361  0.06441015
  0.00470391  0.00328184  0.01347903 -0.07372676  0.02652955  0.02752365
  0.04072006  0.03085505 -0.03963982  0.05496123 -0.05847172  0.10506215
  0.01149171  0.04765709  0.02096106  0.00182321 -0.03992857 -0.01753552
 -0.01407808 -0.01191765  0.00557254 -0.01357148  0.03155064  0.05335761
 -0.00326856  0.03063218 -0.05193612  0.00020155 -0.10311089  0.05488353
  0.01142236  0.02193942 -0.01510347  0.16987649  0.03425252  0.01425037
  0.07736492 -0.05715965 -0.04444434  0.04893729  0.00264989  0.03462722
 -0.02064664 -0.00819552 -0.0361682  -0.00235723 -0.08695731 -0.00462727
 -0.01651212  0.00622567  0.03363616 -0.01455911 -0.02444369 -0.02206378
 -0.07123795 -0.0361276  -0.0016915  -0.0259681   0.00559888 -0.05106075
  0.00176151  0.04471019 -0.00073903 -0.00537155  0.00950976  0.0575233
 -0.01207168 -0.08047833 -0.00973648 -0.00504751  0.00767701 -0.02845262
  0.035653   -0.03894582 -0.02870499  0.01938873  0.04807279  0.02412691
 -0.01063429  0.07177182 -0.0331341  -0.03994859 -0.00768582 -0.03775214
  0.00313238 -0.05402399 -0.03299008 -0.01473371 -0.00151432 -0.04365449
  0.01206141 -0.06384296  0.00350341 -0.01215851 -0.05859095  0.008027
 -0.06265541  0.04097262 -0.02114144  0.07037011  0.03699974  0.0291622
  0.10281337 -0.00590202 -0.02070233 -0.00244331  0.0473506  -0.0727009
 -0.03157496 -0.00934587  0.05806799  0.09287073 -0.04257684  0.06151482
 -0.01946704  0.09165253 -0.02345122  0.0294088   0.07466695 -0.07494975
  0.03970622  0.02257454 -0.01227816 -0.01274664 -0.01554017  0.01301302
  0.04779097  0.00539517 -0.0103806  -0.01557888 -0.04037176 -0.01964376
 -0.00721536  0.0003923   0.03063896 -0.05317909 -0.0573439   0.0084245
  0.03241643  0.00169182 -0.00982269  0.01299644 -0.03223568 -0.00857145
 -0.04180082  0.05878047  0.03176445 -0.0241276   0.01003554  0.06180889
 -0.0645735   0.03187516  0.07483188 -0.01096309 -0.02241902  0.02753692
  0.04927763 -0.07815018  0.04456551  0.01848462 -0.00067434  0.06235042
  0.0048859  -0.02688431]"
Rafael,"[ 4.24476415e-02 -2.02862010e-03 -1.53137743e-02  5.93187138e-02
  2.75202710e-02  9.36463289e-03 -2.58470140e-03  5.85323200e-02
 -7.21741328e-03 -6.21807873e-02 -6.16207533e-02 -3.17852646e-02
 -9.16525349e-03  2.73400489e-02 -2.11662762e-02  5.53439260e-02
  1.28982523e-02  5.08779176e-02 -1.86046474e-02 -7.85948359e-04
 -2.75799464e-02 -3.55100282e-03  1.12007919e-03 -5.09174587e-03
  5.83578050e-02 -7.97076970e-02  9.27919000e-02  2.24653725e-02
  6.84135035e-02 -4.07301262e-02  2.58702431e-02 -1.89771522e-02
 -2.10777950e-03 -2.33416092e-02  5.75559214e-02  2.28108168e-02
  6.32044896e-02  2.51854137e-02 -3.76417823e-02 -1.07299924e-01
  1.79192629e-02 -1.92794465e-02  1.31488554e-02 -1.03498042e-01
 -1.31921154e-02 -8.59419554e-02 -7.99978152e-03 -2.40051914e-02
  1.00578470e-02  7.18228593e-02  5.75572662e-02 -5.25560509e-03
  2.68906690e-02  6.55943621e-03 -3.56209129e-02  1.08323013e-02
 -3.08035631e-02  1.26302689e-02  6.62360638e-02  3.92951779e-02
  4.19742391e-02 -6.08141609e-02  6.23571873e-02  7.72031322e-02
 -4.12341394e-02  1.10238930e-02  1.17942981e-01  5.82216829e-02
  1.57269314e-01 -5.57384416e-02 -8.57465044e-02 -8.01568851e-02
  3.86157446e-02  3.52190919e-02 -9.60647035e-03 -9.17308684e-03
  3.98999974e-02 -4.34362106e-02  3.47097516e-02  3.83351557e-02
  5.78333475e-02  8.82869237e-04  5.90749048e-02  2.86667179e-02
  8.35879147e-03  4.56323698e-02  6.10114112e-02 -1.75841954e-02
  1.66654661e-02  4.05033678e-02 -6.93671107e-02  4.69068512e-02
  2.01615784e-02  2.48609073e-02 -1.00607596e-01  1.48255136e-02
 -3.98248881e-02 -9.68051329e-02 -5.51705025e-02 -3.22212875e-02
 -1.76110510e-02 -4.45357664e-03 -2.96562398e-03 -1.92114674e-02
 -2.68019382e-02  3.50490063e-02  3.46803246e-03 -9.22023132e-02
  4.93275374e-02 -2.03677434e-02 -3.55962664e-02  6.85481448e-03
  1.27844303e-03  1.78340375e-02  1.68156736e-02 -3.56250047e-03
  3.69773731e-02 -3.78388911e-02  1.98406773e-03  1.91124436e-02
  2.19446290e-02  3.91363865e-03 -7.44217681e-03 -3.11940443e-03
 -5.34855388e-02  5.25067467e-03  1.13582779e-02 -4.37820479e-02
 -4.54282872e-02  8.79913568e-02  2.98899021e-02  3.34705375e-02
 -4.76751141e-02 -7.74479434e-02  1.25388531e-02 -7.28447223e-03
 -2.70532630e-02 -3.62775885e-02  4.36602607e-02 -1.90587882e-02
  3.08211651e-02  9.85549204e-03  4.00268286e-02 -9.94856469e-03
 -1.07486844e-02  4.12473418e-02 -6.02515182e-03 -1.95062235e-02
  2.81648170e-02 -4.17946354e-02 -2.35277484e-03 -3.07667013e-02
  2.89500598e-02 -2.79270001e-02 -4.97592017e-02 -4.40949425e-02
 -8.21197056e-04  1.07066371e-02 -5.25572859e-02  2.34814994e-02
  5.30801341e-03  6.23380952e-03  9.52735096e-02 -8.26943368e-02
  7.21483119e-03 -1.20510301e-02 -1.00318834e-01 -4.35876613e-03
  1.45761734e-02  1.67426129e-03 -1.00835450e-02  1.22584067e-02
  8.07681959e-03  2.90831979e-02  3.49780656e-02 -5.20130768e-02
  1.67338829e-03  1.15719996e-02 -2.63428781e-02  3.20443921e-02
 -3.51326540e-02  7.62747824e-02 -3.09485830e-02 -8.57979432e-02
  1.55969560e-02 -2.36501358e-02 -2.93735396e-02 -4.75579463e-02
 -2.41238419e-02  2.01691166e-02 -6.57799542e-02  7.47715756e-02
 -3.30668464e-02  3.15227266e-03  1.60442032e-02  7.61048421e-02
 -2.58069802e-02  3.08563132e-02  4.48821299e-02  1.74764767e-02
 -2.69311983e-02  1.92115679e-02  2.23772377e-02  2.80261487e-02
  1.13335764e-02 -6.20075092e-02 -1.73630584e-02  1.05845049e-01
 -5.76290190e-02  5.09437956e-02 -3.40826586e-02  5.50465938e-03
 -2.93262266e-02  5.56673370e-02 -7.11959079e-02  1.04153112e-01
 -4.31863964e-02  5.06365150e-02 -7.39388093e-02  4.58415225e-02
  1.40343392e-02  5.46371341e-02 -1.93742104e-02  6.46566823e-02
 -3.79934534e-02  7.49687552e-02 -3.08410786e-02 -5.06752804e-02
  7.01506715e-03 -4.26268913e-02  5.98098524e-02 -9.68560204e-02
  7.84121901e-02 -6.37266338e-02 -3.78269106e-02  1.44786742e-02
 -1.42050674e-02 -1.27723860e-02  6.22987933e-03 -6.59475289e-03
  8.26660171e-03 -4.66234758e-02 -5.06397570e-03 -5.45101687e-02
  2.34244913e-02  3.80498767e-02 -1.66639239e-02 -2.39549689e-02
 -7.58907432e-03 -3.59613933e-02 -5.64258583e-02 -5.30184396e-02
 -3.32552679e-02  5.41646667e-02 -2.50974298e-02 -8.84804130e-02
  1.24841956e-02 -9.29202512e-03 -1.86915565e-02 -6.86545018e-03
  5.58664985e-02  1.10490872e-02  8.30615591e-03 -8.19092542e-02
  3.76255363e-02 -3.77115235e-02 -2.13730745e-02  2.18914580e-02
  5.63368425e-02  4.06430103e-02 -2.29303986e-02 -6.32329658e-03
  4.26111184e-02 -5.88641018e-02 -1.06857085e-04  4.66780178e-02
 -3.43425088e-02 -5.67658022e-02  7.89868459e-03  5.45336865e-02
 -7.08343312e-02 -2.34447774e-02 -7.50575960e-02  3.26050185e-02
 -7.38800829e-03 -2.84626801e-02 -1.25668030e-02  7.42353722e-02
  2.18545068e-02 -2.28190608e-02 -5.99171370e-02 -3.79825272e-02
 -2.35311650e-02 -5.46102859e-02 -9.00273398e-03  8.84561017e-02
 -3.32422256e-02  7.29730725e-02 -7.45828089e-04 -1.43096065e-02
  4.63759229e-02 -2.92859953e-02  7.59413019e-02  1.80356372e-02
 -4.22063051e-03 -5.66023476e-02  2.94758584e-02 -4.21317853e-02
 -6.16785064e-02 -5.02489209e-02  2.09750235e-02  4.63901609e-02
 -4.20476682e-02 -1.14700682e-02  1.20617049e-02  4.19454053e-02
 -1.10880351e-02  3.34921665e-02 -5.28563838e-03 -3.16273654e-03
  6.93806559e-02 -1.19866319e-01  9.69237909e-02  5.31097762e-02
  4.13953997e-02  1.26902887e-03 -3.70286107e-02 -3.24188247e-02
  2.91854218e-02 -4.49413545e-02  4.91663292e-02 -4.53092493e-02
 -1.64587854e-03 -6.33564070e-02 -3.33342585e-03  5.41551076e-02
  7.71144778e-02 -1.59695167e-02  1.65927585e-03  1.54118342e-02
  4.96232361e-02 -2.42862869e-02 -7.86411390e-02 -4.84661236e-02
  4.05672044e-02 -5.57386726e-02 -6.39498457e-02  9.97529328e-02
 -2.77959276e-03  1.33870980e-02  3.05805281e-02 -5.73124811e-02
  3.31658386e-02  2.25795736e-03 -3.29952985e-02  1.36180790e-02
 -3.34197991e-02  5.15895337e-02 -7.54173175e-02  5.21032177e-02
  1.69263240e-02  1.78191867e-02 -6.13848725e-03 -2.05130363e-03
 -2.36189030e-02 -1.26582524e-02  4.41858312e-03 -1.74632762e-02
  3.04669570e-02  1.44569539e-02 -1.09894061e-02  3.67399342e-02
 -1.45700369e-02  2.80118436e-02 -2.69746501e-02  1.01023996e-02
 -7.27382824e-02 -9.89963487e-03 -1.65457763e-02  4.69699465e-02
 -4.74761277e-02  1.66693538e-01  3.16281542e-02 -1.84051879e-02
  3.43151242e-02 -5.65068759e-02 -3.12100910e-02  7.53281638e-02
 -1.35249747e-02 -5.66241145e-02 -3.76350656e-02 -2.29928866e-02
 -1.06991932e-01 -4.50334363e-02 -4.50580083e-02 -2.33875234e-02
  3.85036133e-02  4.23101038e-02  5.15812784e-02 -1.57901868e-02
 -5.54464161e-02 -6.14563935e-03 -6.38177916e-02 -3.67961451e-02
 -1.34618664e-02 -4.33690399e-02  1.08126048e-02 -5.61652891e-02
  3.79893444e-02  2.87646241e-02  5.46522345e-03 -1.79007370e-02
  2.55653658e-03  4.03006971e-02 -2.92772576e-02 -4.77686562e-02
 -3.31720747e-02  2.05826163e-02 -1.10684894e-02 -4.07977682e-03
  2.09405739e-02  3.61088105e-02  8.86010414e-04  3.80611680e-02
  2.10552011e-02  1.54333934e-02 -6.67877570e-02  6.09180704e-02
 -2.53877416e-02 -4.50223908e-02 -5.61926812e-02 -7.75586292e-02
 -7.48806074e-03 -4.68239151e-02 -6.54885843e-02 -2.57081334e-02
  1.47728976e-02 -2.20261030e-02 -4.27300809e-03 -3.71181034e-02
 -3.57854180e-02 -6.68111220e-02 -3.29854302e-02 -3.23231965e-02
 -7.09350333e-02  8.95338058e-02  4.94756131e-03  5.13044819e-02
  4.34759855e-02  1.67465899e-02  8.13539624e-02 -3.36855128e-02
  1.43769514e-02 -8.60283244e-03 -2.61592120e-03 -3.85686010e-02
  4.51824715e-04 -2.52633379e-03 -1.16747348e-02  9.79964733e-02
 -1.61385369e-02 -7.61344098e-03 -5.92306082e-04  8.25558677e-02
 -1.99586898e-02  1.48283422e-03  6.96172938e-02 -1.26175717e-01
  2.91382940e-03 -8.49691033e-03  6.82844874e-03 -2.63381423e-03
 -2.80956402e-02  2.99405307e-02 -1.08989859e-02  3.79148424e-02
  2.57226955e-02 -1.24252848e-02 -1.60022005e-02 -2.85906792e-02
  3.41162831e-02 -1.15503166e-02 -6.40891818e-03 -5.16938716e-02
 -4.72956672e-02  2.03590449e-02  9.98980086e-03 -3.00963987e-02
 -9.64876916e-03  4.94655780e-02 -4.45311442e-02 -2.88195871e-02
 -1.12293707e-02  2.06395006e-03  5.68978190e-02 -4.62716222e-02
  1.85530689e-02  1.07998475e-02 -8.52672085e-02 -2.44193850e-03
  7.16996714e-02 -4.46120128e-02 -4.85967360e-02  9.73651744e-03
  5.93478195e-02 -5.30907661e-02  3.87537144e-02  2.37191226e-02
  3.36037204e-02  4.24261466e-02  4.06122990e-02 -3.62249464e-02]"
Rafael,"[ 1.11207934e-02 -6.31122664e-02 -1.43636186e-02  4.79666404e-02
  7.35390857e-02  2.72379927e-02 -1.81079954e-02  1.02126114e-02
 -1.14025939e-02 -5.07961176e-02 -6.87280744e-02 -5.05331019e-03
 -2.81732567e-02  4.44271304e-02 -3.63939330e-02  4.87625375e-02
  3.02622151e-02  1.12088241e-01  1.63209380e-03  5.62693505e-03
 -2.45889239e-02  5.68548255e-02  2.73456052e-02 -9.32947826e-03
  4.08092290e-02 -7.41159096e-02  3.90649401e-02  2.56529562e-02
  5.27740195e-02 -2.95828357e-02 -5.10304328e-03 -1.79066621e-02
  1.93456393e-02 -1.80904090e-03  6.99554756e-02  3.40946876e-02
  2.80274395e-02 -4.94099595e-03 -5.72088771e-02 -5.47998920e-02
  3.64397876e-02 -3.43786776e-02 -4.22943663e-03 -1.11714005e-01
 -4.44298051e-02 -7.15340748e-02 -1.59894228e-02 -1.74868107e-02
 -1.75257996e-02  7.39836693e-02  1.85381491e-02 -3.78028154e-02
  7.36944750e-02  4.87650335e-02 -7.58337229e-03 -4.01622318e-02
 -2.76005287e-02  5.05410880e-02  9.36661288e-02 -3.08514759e-02
  5.45758754e-02 -4.53943685e-02  7.69827291e-02  8.36475939e-02
 -1.87810156e-02 -1.08528519e-02  1.08907849e-01  4.52497974e-02
  9.80878621e-02 -2.66832445e-04 -9.69651788e-02 -8.46572220e-02
  6.19098134e-02  2.91658528e-02  6.00711722e-03 -1.90809891e-02
  4.68232557e-02 -1.84744934e-03  5.09375036e-02 -3.21066356e-03
  6.39934763e-02  7.08751893e-03  3.74612771e-02  3.25910114e-02
  2.57512089e-02  5.15751056e-02  7.58604631e-02 -2.56097857e-02
 -3.99177521e-02 -1.34515790e-02  5.10421628e-03  4.95658480e-02
  3.95828485e-02  3.34279276e-02 -5.98938353e-02  1.83454733e-02
  1.74145401e-02 -4.15669829e-02 -4.84793670e-02  1.00812232e-02
  4.52537183e-03  1.32306237e-02 -2.58280989e-03 -1.59947407e-02
 -3.90855148e-02 -2.85700001e-02  4.17829193e-02 -4.40554991e-02
  5.37140518e-02  1.17735798e-02 -3.01672127e-02  4.31648004e-05
 -1.54085970e-03 -2.76617426e-02 -3.02595161e-02 -3.58688273e-02
  2.10826583e-02 -3.65495449e-03  8.89568403e-03  4.31486368e-02
  1.41108660e-02 -2.33113579e-02 -5.54858446e-02  1.24228001e-02
 -5.24447300e-02  5.36572672e-02  5.29080629e-02 -2.31261812e-02
 -5.66310734e-02  6.04411885e-02  2.65795365e-02 -1.55770667e-02
 -6.77050948e-02 -4.27858867e-02 -1.41841071e-02  1.51161151e-02
 -3.57450964e-03  7.56013114e-03  3.73032764e-02 -2.24104840e-02
 -1.35214149e-03  1.91402510e-02  4.16176692e-02  2.67486461e-02
  7.43278023e-03  7.10040750e-03 -3.75474617e-02 -3.97903286e-02
  3.00993435e-02 -5.49745709e-02  1.43720023e-02 -1.62688978e-02
  1.13891414e-03 -2.32682787e-02 -1.41159268e-02 -6.72009885e-02
 -2.90008262e-02  8.99235345e-03 -6.40423074e-02  3.96656841e-02
 -8.75359401e-02  9.76891723e-03  9.02476609e-02 -9.85871535e-03
 -2.84830611e-02  1.25380447e-02 -1.00963376e-01 -7.29034236e-03
 -1.19086085e-02 -9.50691663e-03 -9.41781513e-03 -4.39608991e-02
  1.15361214e-02  4.84446064e-02  3.82350981e-02  1.66066433e-03
 -1.88166276e-02  6.54048398e-02 -5.46023846e-02  4.92550246e-02
 -3.98465768e-02  5.76038882e-02 -3.25840712e-02 -2.02402081e-02
  3.56729366e-02 -1.73239280e-02 -5.62906777e-03 -4.31558117e-02
  4.44447296e-03  8.02352745e-03 -8.40141997e-03  3.90918255e-02
 -5.06650098e-02  1.10001070e-02  7.95512926e-03  7.13822097e-02
 -9.30911452e-02  7.91169852e-02  1.78307723e-02  4.02833894e-02
  4.12711827e-03  4.68038619e-02 -1.35505972e-02  1.53643703e-02
 -2.71423603e-03 -7.81304687e-02 -7.86848459e-03  1.00346118e-01
 -3.19666089e-03  2.74017621e-02 -1.96833163e-02 -1.79409795e-02
 -2.12411303e-02  8.94881338e-02 -8.77282992e-02  1.10110149e-01
 -1.18440501e-02  4.85470816e-02 -7.51975551e-02  3.28953117e-02
  5.73612889e-03  6.48627654e-02 -9.63040721e-03  5.87914027e-02
 -1.78693160e-02  6.79878369e-02 -4.87296544e-02 -6.88407272e-02
  2.32005399e-02 -3.71549316e-02  6.49496838e-02 -5.83689287e-02
  7.91006088e-02 -3.80104482e-02 -1.78966597e-02 -3.11177187e-02
 -3.98547621e-03 -2.05706619e-02  1.81700792e-02  9.89494845e-03
 -3.21068615e-02 -7.08188489e-02 -2.20121760e-02 -2.18139123e-02
  1.65149532e-02  1.06191114e-02  2.10543089e-02 -4.78004701e-02
  1.44641241e-02 -3.14571126e-03 -1.49116004e-02 -7.95590952e-02
 -5.30448556e-02  1.42392786e-02  1.25218742e-02 -6.36929423e-02
  4.92714345e-03 -2.96881236e-02 -3.53180096e-02 -6.24257140e-03
 -1.34973936e-02  5.52855954e-02  1.84902865e-02 -6.87483177e-02
  9.25120525e-03 -6.69701993e-02  6.33860845e-03  1.86250005e-02
  5.35516776e-02  1.44806691e-02  1.65752717e-03 -6.47633523e-03
  1.83102842e-02 -6.42646998e-02 -3.17873410e-03  2.21368410e-02
 -7.78057380e-03 -5.49376197e-02  3.47661152e-02  5.06073684e-02
  1.31568862e-02 -1.70947388e-02 -7.23249912e-02  5.06609119e-02
  1.92346070e-02 -2.19421666e-02 -5.01023307e-02  4.23492193e-02
  5.72403893e-02 -3.03632161e-03 -7.43830875e-02 -3.30534428e-02
  3.46768126e-02 -7.36926645e-02  1.62949469e-02  3.40687372e-02
 -1.22892344e-02  6.49823323e-02 -2.03135442e-02 -2.03183126e-02
  7.01619536e-02  1.82254333e-03  6.78146034e-02  1.21650085e-01
 -1.47209887e-03 -1.90953799e-02  4.53247922e-03 -6.33752272e-02
 -6.51319101e-02 -5.13014235e-02 -2.93929153e-03  9.84920412e-02
 -1.38964206e-02  1.32941650e-02  1.53368646e-02  6.51233569e-02
 -6.95375260e-03  4.11474854e-02  3.59882340e-02  1.49520067e-03
  9.17561203e-02 -7.80393109e-02  1.04412884e-01  1.83878448e-02
  1.94614250e-02 -2.05911347e-03 -4.90903147e-02 -5.68813346e-02
  1.62381511e-02 -6.12194799e-02  6.80001080e-03 -4.13098074e-02
  4.34115976e-02 -8.56727287e-02 -7.63580063e-03  5.93950450e-02
  7.67192766e-02 -1.72436852e-02 -6.06700033e-02 -2.86535546e-02
  3.29791531e-02  3.10718846e-02 -6.50365278e-02 -7.63427466e-02
  4.71652821e-02  2.18750280e-03 -8.63622352e-02  8.19681138e-02
  1.08783226e-02 -2.31474023e-02  1.91646926e-02 -8.31652731e-02
 -1.07949199e-02  3.22303958e-02 -2.62063872e-02 -2.07886212e-02
 -2.14477554e-02  2.50919815e-02 -2.36884058e-02  7.88546056e-02
  1.48913474e-03  2.07108334e-02  2.71776505e-02  5.14776036e-02
 -4.52957954e-03 -2.36048233e-02 -1.96978878e-02 -7.97758531e-03
  1.17077800e-02 -2.13650223e-02 -1.52927060e-02  4.34076563e-02
 -6.26603439e-02  2.86382474e-02 -3.92609760e-02  1.62849221e-02
 -1.15669720e-01  2.78435294e-02 -9.08409525e-03  5.78288995e-02
 -1.06735956e-02  1.40568241e-01  3.29523385e-02  8.54801293e-03
  5.79888783e-02 -4.40067574e-02 -5.25186546e-02  6.25741109e-02
  3.22202183e-02  1.39746638e-02 -4.82705869e-02  1.45655107e-02
 -1.07292365e-02 -2.99835093e-02 -6.28366396e-02 -1.31162826e-03
  1.51208416e-02  1.76333673e-02  7.76967257e-02 -1.44876949e-02
 -3.14782634e-02 -1.52771110e-02 -7.96045288e-02 -6.64848536e-02
  7.27799162e-02 -3.91070060e-02 -3.19365561e-02 -5.19475676e-02
  3.33820544e-02  1.12369647e-02  1.22593977e-02 -1.39496801e-02
  3.56383808e-02  2.43654158e-02 -1.74519466e-03 -7.90613890e-02
  2.53829956e-02  1.84091448e-03 -2.12708544e-02 -2.60558631e-02
 -6.30575989e-04 -3.30054127e-02  1.60251204e-02  4.94118817e-02
  1.72299091e-02 -2.58077998e-05 -2.04336029e-04  4.71982956e-02
 -9.06006619e-02 -5.88593334e-02 -3.07126120e-02 -2.59173419e-02
 -2.77528726e-02 -4.17445451e-02  1.46613456e-02 -2.69799083e-02
  3.18436623e-02 -5.26043475e-02 -1.05776554e-02 -6.85166195e-02
 -1.82705198e-03 -8.93317312e-02 -3.83264944e-02  1.10578835e-02
 -7.42159411e-02  3.85715663e-02 -2.88252272e-02  8.19479302e-02
  2.73568332e-02  1.99997686e-02  8.25477988e-02 -1.83534175e-02
 -1.90205071e-02  2.19911058e-02  4.13319767e-02 -3.07382550e-02
 -4.40706983e-02 -5.31948842e-02  2.32895627e-03  9.47483480e-02
 -2.16602515e-02  2.47679744e-02 -4.06006388e-02  7.51288980e-02
  3.16071399e-02  2.01290473e-02  8.14343318e-02 -1.35290131e-01
  1.42620606e-02  3.17193940e-02 -1.34241944e-02 -2.65009496e-02
 -5.27494065e-02  4.03851122e-02 -4.88396548e-03  2.88394280e-02
  2.44733673e-02 -2.97464970e-02 -5.23798959e-03 -3.50730470e-03
  2.61775646e-02 -1.23267779e-02 -8.34979396e-03 -6.30211532e-02
 -4.11137529e-02 -2.71770321e-02  4.75371294e-02 -2.95039453e-02
 -1.72172170e-02  2.61602569e-02 -1.51099283e-02 -1.32285198e-02
  6.44692453e-03  3.00677195e-02  2.92340107e-02 -4.15265635e-02
  1.45214880e-02  7.46287331e-02 -6.08723015e-02  3.35227624e-02
  4.08434421e-02  1.02736568e-02 -1.65968165e-02 -9.41206352e-04
  7.59938508e-02 -5.39281219e-02  2.77533010e-02 -2.44046785e-02
 -1.56361740e-02  2.07447335e-02  2.46901810e-02 -1.57127902e-02]"
Rafael,"[ 2.55385209e-02  2.65454035e-02 -2.14951262e-02  5.39632812e-02
  5.85261583e-02  3.04623339e-02  2.07589548e-02  1.24891968e-02
 -9.48273763e-03 -4.86907400e-02 -2.48282701e-02 -3.18524465e-02
  3.54240723e-02  2.00972818e-02 -6.21427894e-02 -6.00119121e-03
  3.29289050e-03  1.13003336e-01  2.89459061e-02 -1.67199410e-02
 -7.35313445e-03 -2.47744471e-02  1.22966561e-02  5.35529479e-02
  7.45204836e-02 -2.57144738e-02  6.08682707e-02  2.02442314e-02
  4.89559285e-02 -4.44506444e-02  1.69710666e-02 -3.08059398e-02
 -2.50748135e-02 -4.72395830e-02  8.91494974e-02  1.39378402e-02
  6.61368221e-02  2.29917336e-02 -4.02402058e-02 -7.54978433e-02
 -4.02995497e-02  6.40650606e-03 -1.24769742e-02 -1.11850411e-01
 -5.52038811e-02 -7.72412866e-02 -6.18854538e-02  6.05065329e-03
  2.57775299e-02  3.48512605e-02 -2.64352765e-02 -5.22406511e-02
  6.29131799e-04  3.35402712e-02  2.15571653e-02  1.39199768e-03
 -2.42888201e-02  1.93820149e-02  4.99407612e-02 -4.82572941e-04
  5.88484295e-02 -1.80950277e-02  5.17851636e-02  6.16657659e-02
 -1.75175921e-03 -6.88026249e-02  8.58386979e-02  2.24366728e-02
  1.10798590e-01  2.71522976e-03 -8.95439237e-02 -6.69142753e-02
 -6.53566653e-03  4.05801646e-02  4.71512191e-02 -6.01609088e-02
  3.16699222e-02  1.56349819e-02  7.08607957e-02 -1.03040021e-02
  9.99687705e-03  1.93015076e-02  6.18608594e-02  1.98777840e-02
 -1.33288763e-02  7.38763288e-02  7.42510557e-02 -1.57320146e-02
  3.63426981e-03 -3.12573537e-02 -4.80775423e-02  3.86672765e-02
 -3.15065100e-03  6.85264170e-02 -3.26359496e-02  2.03485265e-02
  1.72203612e-02 -1.17690787e-01 -2.22453065e-02  5.87727204e-02
 -7.07473680e-02 -2.19403710e-02 -3.36947069e-02 -3.57224457e-02
 -6.42841086e-02 -2.53136475e-02 -6.10301979e-02 -2.94925086e-02
  6.68363646e-02 -2.52556498e-03  2.03138478e-02  3.36389132e-02
 -4.26157750e-03  1.17676565e-02 -1.49410591e-03 -9.99854994e-04
  6.00388162e-02  3.85601888e-03 -6.35950118e-02  3.02231275e-02
  1.99091025e-02  1.98037121e-02 -1.29951034e-02  2.17697248e-02
 -3.82769443e-02  3.62518467e-02 -1.00199804e-02 -2.08461471e-02
 -6.49731457e-02  1.00798279e-01  1.38491336e-02  4.18421580e-03
 -2.24749185e-03 -3.93559076e-02  2.25622077e-02  2.46841181e-02
  1.05116563e-02 -1.24536008e-02  2.35454012e-02 -3.53592820e-02
  4.78682946e-03 -1.17353164e-02  5.79560325e-02  4.95784497e-03
 -3.86973098e-02  3.44070569e-02 -3.39100324e-02  6.05961820e-03
  6.42372221e-02 -6.92932606e-02 -1.12924017e-02 -2.08412092e-02
  4.56181094e-02  5.91357239e-03 -6.53146580e-03 -5.78680597e-02
 -4.46362235e-03  4.40544188e-02 -3.94460708e-02  1.58267170e-02
 -6.90477639e-02  5.73306642e-02  7.22878128e-02 -1.26521708e-02
 -1.60580985e-02  2.08813958e-02 -6.35371283e-02 -1.00697973e-03
 -1.87112000e-02  4.93948013e-02  4.75993613e-03 -2.04091799e-02
  5.40710241e-03  3.02377455e-02  1.57971755e-02 -3.05182990e-02
 -1.40747866e-02  8.33609924e-02 -6.20795712e-02  5.57069667e-02
  3.03541048e-04  3.46094146e-02  8.10702052e-03 -2.22280975e-02
  3.35360281e-02 -2.00506821e-02 -2.60935873e-02 -6.02213927e-02
  6.39165286e-03  9.34776198e-03 -8.00717697e-02  8.13610181e-02
 -3.56326960e-02 -5.42820804e-02 -4.41149510e-02  7.23516047e-02
 -6.06528148e-02  3.85985710e-02  8.43076482e-02  1.58304386e-02
  2.29767198e-03  2.07461789e-02 -2.73204781e-03  3.18540223e-02
  5.27404696e-02 -4.48563136e-02 -8.34668279e-02  6.08256273e-02
 -2.23979168e-02 -9.81423073e-03 -1.81981064e-02 -7.32628629e-02
 -9.70582385e-03  5.78703210e-02 -4.73677292e-02  1.06362775e-01
  3.84648610e-03  3.83555889e-02 -7.79390410e-02  7.41450698e-04
  3.40239629e-02  3.67911048e-02  7.24436715e-03  5.99442348e-02
 -4.93590198e-02  6.13544099e-02 -2.87982542e-02 -1.08692283e-02
  1.12317074e-02 -1.04286611e-01  3.21487747e-02  2.42156330e-02
  3.52997854e-02 -6.80112019e-02  1.94126870e-02  3.90098654e-02
 -4.20986004e-02  1.11626536e-02  5.20282649e-02 -1.51605736e-02
 -6.45440295e-02 -2.10943073e-02 -3.87137160e-02  3.11307539e-03
  2.23069116e-02  2.97978357e-03  4.24169600e-02 -4.82520349e-02
 -5.36550255e-03  4.26848792e-02 -3.98383327e-02 -7.28230476e-02
  1.47774359e-02  7.21786842e-02  6.13512704e-03 -9.18224379e-02
 -2.72400472e-02  4.15863795e-03 -4.28953357e-02 -3.50680761e-02
  1.74044576e-02  5.43418601e-02  1.70908123e-02 -6.55533448e-02
 -1.31854005e-02 -1.10256709e-01 -1.66056864e-02  2.82504819e-02
  3.39351967e-02  1.04094809e-02  1.64160896e-02 -5.45175606e-03
  1.97036806e-02 -2.45039985e-02  3.30934650e-04  2.40826104e-02
 -9.89494193e-03 -5.27789257e-02  3.81377079e-02  4.27988246e-02
 -3.32979858e-02 -2.44412906e-02 -1.28766790e-01  6.47646561e-02
  2.45938636e-02 -1.89278945e-02  5.74359251e-03  3.49387079e-02
 -2.68130843e-03 -9.63652041e-03 -5.56887910e-02 -7.82616362e-02
 -9.11545474e-03 -9.54246032e-04  5.36052771e-02  4.89621498e-02
 -1.92002170e-02  7.88738802e-02  1.68176135e-03 -3.66242789e-02
  5.21186292e-02  1.18546113e-02  7.12626427e-02  8.18095356e-02
 -1.32362470e-02 -1.68357082e-02 -1.09301182e-02 -3.04202493e-02
 -3.49371806e-02 -3.66123877e-02 -1.30019849e-03  5.71638867e-02
  3.09396461e-02  1.45164737e-02  5.15565127e-02  9.63884145e-02
  6.33585230e-02  1.71026599e-03 -2.47607678e-02 -2.32088454e-02
  6.93006814e-02 -6.36213571e-02  7.26459250e-02  3.39973867e-02
 -1.46356737e-02  3.29415873e-02 -5.54898642e-02 -4.66904566e-02
  9.54005308e-03 -9.38804150e-02  8.89463536e-03 -2.96072476e-02
  3.26886550e-02 -3.62454876e-02  4.76529170e-03  2.36905627e-02
  4.86344695e-02  3.45443077e-02 -5.74240014e-02  3.25431004e-02
  5.94901890e-02  1.30409969e-03 -7.42710829e-02 -6.79404661e-02
  5.35097793e-02 -2.01960541e-02 -6.78211153e-02  1.09197915e-01
  3.59904468e-02 -3.21440510e-02 -9.70801618e-03 -2.93616243e-02
  1.20308353e-02  3.38210575e-02 -3.58445160e-02  9.81810130e-03
  2.37272438e-02  3.21803614e-03  1.21445279e-03  5.03052101e-02
  2.33280323e-02  5.02325967e-02  1.04476102e-02 -1.05989538e-03
 -3.63748968e-02  1.64261530e-03  7.03284843e-03 -2.13687159e-02
  2.24005692e-02  1.61170848e-02  7.21436134e-03  5.59293069e-02
 -4.83872078e-04  3.78971361e-02 -4.51474227e-02 -5.41026099e-03
 -4.39374112e-02  7.85861257e-03 -1.45746851e-02  1.18564593e-03
  1.25492280e-02  1.45937383e-01  5.71290143e-02  3.80090848e-02
  6.99466541e-02 -7.44795203e-02 -7.59982243e-02  2.93057989e-02
  2.33898144e-02  1.69077814e-02 -6.24266863e-02  3.17310020e-02
 -3.54021462e-03 -4.53698542e-03 -8.07395205e-02  1.40107581e-02
  3.99000794e-02  4.63152491e-02  3.51710357e-02 -1.41580421e-02
 -4.91709523e-02 -8.52738228e-03 -7.38356188e-02 -1.00832051e-02
  6.61169887e-02 -2.14194357e-02 -2.84446925e-02  1.01490030e-02
  6.56255186e-02  5.52936122e-02  1.53349498e-02  3.29867825e-02
 -2.33166479e-02  1.54145826e-02 -9.82122961e-03 -5.37913777e-02
  1.62771419e-02 -2.85323709e-03 -3.44370268e-02  2.29353104e-02
  3.64176929e-02 -2.86151208e-02 -5.26135527e-02  3.53679731e-02
  2.73976009e-02  5.34662716e-02  1.53842159e-02  8.44892487e-03
 -5.09286486e-02  2.00059898e-02 -2.62588542e-02 -1.72296278e-02
 -3.95344160e-02 -2.03200039e-02 -9.96978208e-03  1.52011029e-02
 -3.47076058e-02 -6.94130585e-02  1.62622221e-02 -3.41385119e-02
  2.72085723e-02 -2.19502840e-02 -4.24034968e-02 -7.40061002e-03
 -9.61958524e-03  1.64186489e-02 -5.94718009e-02  1.19498424e-01
  3.52242030e-02  2.32737325e-02  8.86248723e-02 -4.20234427e-02
 -7.65584467e-04 -3.16052437e-02  4.18396741e-02 -5.09132352e-03
 -5.56545965e-02 -1.25236968e-02  4.51165400e-02  3.21768746e-02
  1.01644713e-02  1.00704558e-01 -2.97499020e-02  8.64648595e-02
 -7.48013752e-03  1.12788202e-02  8.46651867e-02 -9.26332399e-02
 -8.12813453e-03 -4.21366980e-03 -1.68719701e-02 -5.14861271e-02
 -6.66490048e-02  1.05845062e-02  1.84859894e-02  3.02098691e-02
  4.06508683e-04 -1.49534149e-02 -3.84517200e-02 -4.73820940e-02
  2.26148982e-02  6.73176395e-03  4.34014387e-03 -2.64716372e-02
 -6.87625259e-02 -2.47222162e-03  2.41709780e-02  9.00209136e-03
 -3.63878310e-02  3.73339206e-02  2.36741174e-02  1.39707161e-04
 -2.22156383e-02  5.07998802e-02  9.70538929e-02 -4.26064245e-02
 -3.66450697e-02  6.85813278e-02 -1.07755922e-01 -1.27020990e-02
  9.01669711e-02 -3.00194304e-02  3.09704393e-02 -6.32748902e-02
  7.43921697e-02 -6.53158352e-02 -1.12913232e-02  5.74844629e-02
  4.29494344e-02  2.90570012e-03  1.67907886e-02  1.30622350e-02]"
Rafael,"[ 2.49307584e-02  5.79507761e-02 -4.27054428e-02  4.52548228e-02
  3.38964686e-02 -1.34928254e-04  5.98100619e-03  2.81783696e-02
 -2.53144167e-02 -5.55303060e-02 -2.71484070e-02 -4.28105146e-02
  3.92130539e-02  1.44960666e-02 -2.93382332e-02 -1.99881438e-02
 -1.10446545e-03  1.24305323e-01  1.17015541e-02  1.09276641e-02
 -6.32496644e-03 -5.97325228e-02 -1.05701275e-02  2.58157924e-02
  7.72983506e-02 -2.75182556e-02  5.64731769e-02  2.84312349e-02
  9.06403735e-02 -1.01191439e-02  4.64288965e-02 -2.18723044e-02
 -3.15689631e-02 -3.20498496e-02  8.76265168e-02  6.49960805e-03
  6.05484061e-02  5.22784749e-03 -4.21509929e-02 -4.06478047e-02
 -7.32595176e-02 -1.20399753e-02 -8.72427411e-03 -1.01111270e-01
 -4.50616218e-02 -8.43948796e-02 -5.40726036e-02  2.18024217e-02
  4.81617339e-02  1.75719876e-02 -3.94309312e-02 -5.26927784e-02
  1.83925331e-02  2.82084253e-02  2.32609343e-02 -4.71992604e-03
 -5.08534797e-02  7.97540918e-02  6.21757694e-02  1.75178573e-02
  4.49740104e-02 -6.11053966e-03  3.40985321e-02  4.16894294e-02
 -1.07268263e-02 -6.15976825e-02  6.07948005e-02  3.35737914e-02
  7.53070861e-02 -2.56119412e-03 -1.01529166e-01 -5.37520982e-02
 -1.94465369e-02  1.49638318e-02  4.96245362e-02 -1.02737755e-01
  1.15379281e-02 -1.06445272e-02  6.29238933e-02 -9.25923139e-03
 -1.53587554e-02  3.88270314e-03  9.26375538e-02  2.55820137e-02
 -3.76024731e-02  2.49918550e-02  4.69985902e-02  3.13453786e-02
  1.75702255e-02  3.92998429e-03 -1.31747182e-02  3.44432145e-02
  6.29616063e-03  2.20453516e-02 -1.12972194e-02  1.56404711e-02
  4.50780317e-02 -8.56954604e-02 -3.38138267e-02  6.41789064e-02
 -5.53521514e-02 -2.19023470e-02 -9.58223734e-03 -2.83537321e-02
 -6.60874695e-02 -2.88064424e-02 -3.65248248e-02 -2.59731486e-02
  7.42774755e-02  1.99013427e-02  1.90613382e-02  5.56987338e-02
 -1.29550109e-02  2.87919398e-03 -5.26942499e-03  2.32090079e-03
  6.45108968e-02 -1.34837013e-02 -8.29839334e-02  2.73429994e-02
  1.30719095e-02  4.79710922e-02 -4.18220181e-03  3.56570706e-02
 -4.24797311e-02  3.05272788e-02 -2.41805688e-02 -3.00638601e-02
 -6.56507090e-02  9.96940359e-02  2.21143686e-03  2.03689467e-02
  4.28166762e-02 -3.93847972e-02  4.58576120e-02  1.93152614e-02
  2.88735218e-02  8.13593809e-03  2.22527813e-02 -3.31382453e-02
  1.43427001e-02 -4.35084738e-02  1.58593524e-02  1.52675398e-02
 -2.40423353e-04  5.40166534e-02 -4.18293662e-02 -1.21023059e-02
  9.62084234e-02 -4.74833511e-02  3.04352455e-02  8.94799177e-03
  6.08824715e-02  2.31348630e-02 -8.80922470e-03 -7.91676864e-02
 -1.00463731e-02  8.34763609e-03 -3.90900858e-02  7.71394651e-03
 -5.06129153e-02  3.02013252e-02  7.38134235e-02  1.79681331e-02
 -2.10350915e-03  3.23860347e-02 -6.52558878e-02 -2.99588405e-03
 -3.39714997e-02  4.94741052e-02  2.49802582e-02 -1.42807579e-02
  3.03592836e-03  3.02273650e-02 -2.19121817e-02 -6.51870221e-02
 -7.54386513e-03  5.32499999e-02 -5.99987619e-02  2.53005996e-02
 -2.16450989e-02  3.91825885e-02 -1.68232282e-03 -2.99737211e-02
  3.92606705e-02  1.29488613e-02 -1.30032916e-02 -6.42667636e-02
 -7.40794837e-03  1.17185460e-02 -5.92709780e-02  7.90117010e-02
 -3.08486130e-02 -5.98720349e-02 -5.25241569e-02  6.75764382e-02
 -7.23766834e-02  1.89807713e-02  8.12046975e-02  2.89556483e-04
 -1.52992988e-02  1.42188994e-02 -1.50760217e-02  3.47564630e-02
  8.22343901e-02 -6.14450015e-02 -7.95850679e-02  4.65038829e-02
 -5.64438589e-02  9.10663325e-03 -4.66508642e-02 -8.14881772e-02
  5.10131521e-03  6.55158535e-02 -3.35535705e-02  1.18307285e-01
  1.68551300e-02  6.31198362e-02 -4.29977998e-02  3.10033862e-03
  8.92018527e-03  2.90914923e-02 -3.35047953e-02  2.18158104e-02
 -4.26384136e-02  7.55214319e-02  1.39071967e-03  1.53229227e-02
 -2.33501960e-02 -6.00325763e-02  3.65614481e-02  2.65099667e-03
  2.82209460e-02 -6.66317791e-02  2.99824756e-02  3.98560166e-02
 -4.15234305e-02  3.85874286e-02  5.24944030e-02 -7.89949596e-02
 -8.00829157e-02 -1.18837561e-02  9.35628358e-03 -5.92505094e-03
  4.91935611e-02  8.45212676e-03  4.13096547e-02 -3.95832695e-02
  3.49587668e-03  4.37259078e-02 -4.24120352e-02 -7.69076794e-02
  7.40001537e-03  5.67607656e-02 -9.67166573e-03 -8.07206258e-02
  2.41170749e-02  2.58179028e-02  2.72672288e-02 -4.00599912e-02
  1.34634823e-02  2.41946690e-02  2.89676413e-02 -7.08112121e-02
  4.10896987e-02 -1.59175158e-01 -3.48605774e-02  6.18963838e-02
  1.93820838e-02 -1.34406169e-03  2.20487136e-02 -1.87855344e-02
  7.93302804e-03  2.48206910e-02 -2.27909070e-02 -9.58756451e-03
 -1.46646926e-03 -2.28667576e-02  3.96248177e-02  5.52570932e-02
 -5.30790873e-02 -2.97656171e-02 -1.12181373e-01  7.06368759e-02
  1.23417433e-02 -5.38854748e-02  3.19487229e-03  2.57129259e-02
 -2.04219744e-02 -2.30295416e-02 -5.02533391e-02 -4.92530055e-02
 -2.93210503e-02 -4.17907955e-03  2.98683736e-02  4.11447175e-02
  8.42981413e-03  5.37800826e-02  1.47018686e-03  1.68929502e-04
  5.39232902e-02 -1.65112764e-02  5.45657650e-02  6.23253249e-02
  2.23558415e-02 -1.07003096e-02  2.83145290e-02 -2.43893899e-02
 -3.87596898e-02 -1.08765811e-02 -1.70840640e-02  6.55486733e-02
  4.59331600e-03  8.35095532e-03  4.57196832e-02  9.21776667e-02
  3.63895334e-02 -6.14149645e-02 -2.62347199e-02 -4.22088020e-02
  5.06448932e-02 -8.22246671e-02  2.95636095e-02  7.49586076e-02
 -3.64243165e-02  2.13645007e-02 -4.83066700e-02 -2.38379445e-02
 -1.86878890e-02 -6.06025867e-02  2.41775867e-02 -1.38247767e-02
  1.26608126e-02 -7.65198767e-02 -1.57480240e-02  3.96579644e-03
  2.86719352e-02  4.03017737e-02 -4.78197895e-02  8.62309523e-03
  5.05144894e-02  1.03079970e-03 -8.44800100e-02 -5.37016727e-02
  6.61305785e-02  5.53789595e-03 -5.66321462e-02  9.92232412e-02
  7.92916119e-02 -7.31282728e-03  7.23208592e-04 -3.61322649e-02
  2.76478212e-02  4.02412601e-02 -1.91394296e-02  4.78378218e-03
  2.52684001e-02  6.58786073e-02  2.25558355e-02  3.40682119e-02
 -8.42210744e-03  4.04148102e-02 -3.85574326e-02 -3.88302132e-02
 -2.25092079e-02 -1.55904312e-02 -5.68355434e-04 -2.94837933e-02
 -4.24079876e-03  2.84749679e-02  1.39712831e-02  2.60987561e-02
 -1.86102148e-02  3.40134650e-02 -3.72492820e-02 -1.94396114e-03
 -2.19985079e-02  2.48842668e-02 -2.12381184e-02 -3.25784041e-03
 -3.60646576e-04  1.13386147e-01  4.45250347e-02  2.23205034e-02
  7.05918819e-02 -8.08707923e-02 -9.07152891e-02  5.00394404e-03
 -4.52033151e-03  4.01663259e-02 -5.36767654e-02  5.71416207e-02
 -8.58960993e-05  3.53256473e-03 -4.75219935e-02  8.22235830e-03
  3.86027507e-02  6.94550350e-02  2.79584769e-02  1.94281887e-03
  9.70838519e-05 -4.09066770e-03 -4.07313295e-02  4.46636183e-03
  1.87531412e-02 -2.61419248e-02 -2.09962390e-02 -1.21015394e-02
  3.15848514e-02  7.64985904e-02  2.01505702e-02  4.16504592e-02
 -4.93998304e-02  2.60510426e-02 -2.13824529e-02 -5.41965440e-02
  2.47874167e-02  2.51635145e-02 -4.16411497e-02  1.57701094e-02
  4.81761061e-02 -9.80822649e-03 -5.42297848e-02  5.18821254e-02
  2.85102632e-02  7.47169852e-02  3.11444327e-02  3.22940014e-02
 -5.87627366e-02  3.31762806e-02 -2.12840121e-02 -1.21836746e-02
 -3.76738869e-02 -3.52055617e-02  8.48718861e-04  5.77279702e-02
 -5.74293248e-02 -7.32266456e-02  1.88510865e-02 -3.22881900e-02
  5.84086403e-02 -1.53704183e-02 -2.72072405e-02  3.92281404e-03
 -7.11384509e-03  5.09090126e-02 -4.61127721e-02  8.86724442e-02
  4.08043303e-02  3.35097536e-02  1.17857516e-01 -2.50878911e-02
 -1.17345871e-02 -1.60459876e-02  8.16742256e-02  7.63310678e-03
 -7.24929944e-02 -2.04855409e-02  8.12906846e-02  1.87125765e-02
 -1.58435164e-03  9.59065631e-02 -3.15434001e-02  5.00592552e-02
 -1.10402163e-02  2.80252825e-02  9.05646309e-02 -7.57117271e-02
 -8.95853213e-04  4.53082360e-02 -2.52258275e-02 -3.00481673e-02
 -2.66068503e-02 -1.48859201e-02  6.42471835e-02  5.17775677e-02
 -4.28534336e-02 -2.90328693e-02 -1.01018567e-02 -1.45495245e-02
  9.15992726e-03  1.76822185e-03  2.79334784e-02  2.61264620e-03
 -4.71916832e-02 -1.50693255e-02 -1.12409927e-02  1.96227040e-02
 -2.40034307e-03  1.38250794e-02 -1.87879130e-02  2.18787827e-02
 -7.96468481e-02  6.14710785e-02  1.00038752e-01 -3.26155387e-02
 -3.67388614e-02  9.15750414e-02 -8.12784582e-02 -4.01851768e-03
  5.24231158e-02 -4.58981059e-02  1.99798308e-02 -6.72289953e-02
  3.28537188e-02 -4.96361591e-02 -2.39619054e-02  4.57289070e-02
  3.73904444e-02  2.39522550e-02  6.31128848e-02  1.16799874e-02]"
Rafael,"[ 0.06202686  0.02400458  0.00482453  0.11535513  0.01911616  0.00512003
 -0.02276994 -0.00718879 -0.02781327 -0.07379307 -0.01219005 -0.03214454
  0.04727758  0.05536985  0.01291002  0.01901472  0.04049958  0.13310872
 -0.0137574   0.09339298 -0.02522063 -0.03924931 -0.00641277 -0.00514462
  0.03591525 -0.04698753  0.07280697  0.03241239  0.06209552 -0.01136724
  0.04035681  0.00293942 -0.07197981 -0.01388105  0.0162737  -0.00317354
  0.06601157  0.01243577 -0.03584733 -0.01683187 -0.02752403  0.00922274
  0.01203236 -0.10693771 -0.01697768 -0.0698504   0.02546104  0.02661109
  0.00611866  0.03467423  0.01531655 -0.0038369   0.02111454  0.03504956
 -0.04704494 -0.06437171 -0.06274462  0.07476497  0.08276965 -0.00798315
  0.05769902 -0.01827169  0.04521499  0.01676871 -0.02169292  0.03013715
  0.07304043  0.00856762  0.09585699  0.00877146 -0.05686511 -0.01407169
 -0.02122452  0.02792233 -0.00024998 -0.08939361  0.00898838 -0.05111563
  0.02368652 -0.03857597  0.04405348  0.04161265  0.04918981  0.00415436
 -0.01742638  0.04032905  0.09486642  0.01672319 -0.03992787  0.04534259
 -0.00973993  0.03397508  0.0040807  -0.00199467 -0.00457799 -0.00323647
  0.05577362 -0.07815358 -0.0515282   0.01276167 -0.03846303  0.00249573
 -0.03355509 -0.0582375  -0.04037676 -0.00509267  0.00625232 -0.03596409
  0.0106092   0.03899517  0.01973484 -0.00172882 -0.04748685  0.02057311
  0.00405611 -0.00944731  0.06892712 -0.03895396 -0.07019714  0.0261572
 -0.01181261  0.09059305 -0.00845246 -0.00994142 -0.03828908 -0.02662823
 -0.01114226 -0.00384353 -0.07160193  0.06932873  0.0280204  -0.00713277
  0.01060837 -0.03918257  0.00589999 -0.00102473 -0.03140701 -0.02207074
  0.06006793  0.00181064  0.07022569  0.00425596  0.03594662  0.07101206
  0.02203476  0.06150201 -0.00066299 -0.02075062  0.08954068 -0.02724063
  0.04341685 -0.01306426  0.02074726  0.03191886  0.00682471 -0.07827076
  0.02744711 -0.00581452 -0.03506064  0.01750034 -0.02699877  0.03299323
  0.08858468  0.05186594  0.00540358  0.04158739 -0.13391918 -0.05413382
  0.00640103 -0.02251223 -0.00210542  0.02830806  0.00874082  0.0362246
  0.01790905 -0.04822356 -0.00979348  0.02432379 -0.01986606  0.07651817
 -0.07661489  0.01505904 -0.03680494 -0.06687309  0.01743077  0.04173686
 -0.01725416 -0.00489568  0.01079778  0.00681549 -0.03477887  0.04873013
 -0.01940565  0.0031588  -0.00481145  0.07861438 -0.07925268 -0.01564736
  0.06920215  0.02882087  0.01988623 -0.02276784 -0.04731712  0.07125912
  0.09176169 -0.04174814 -0.06818194  0.08704091 -0.07839917  0.00810969
 -0.07697306 -0.05516817  0.02621967  0.066326   -0.04864399  0.10686762
  0.03328487  0.0699138  -0.04197474  0.03954424  0.0097491  -0.01402477
 -0.06020267  0.01201283  0.00362859  0.11806275  0.01028628  0.01793358
 -0.02693981 -0.03522361  0.08097232 -0.01734754  0.08891151 -0.08913378
 -0.01150822  0.04373024 -0.03547465  0.02744238  0.06460248 -0.05704641
 -0.01824421 -0.01781244  0.02208171  0.01329394  0.043694    0.0064796
  0.01900022 -0.01322713 -0.02130079  0.04261257 -0.08066205 -0.07370645
 -0.02365628  0.03012722  0.01743163 -0.04961948  0.02647666 -0.03078099
 -0.00651416 -0.02001535 -0.02949302 -0.00148255  0.03570856 -0.10152472
  0.02394922 -0.08404922 -0.03853298  0.00033042  0.04820661  0.0137666
  0.00412132  0.00747586  0.04623633  0.00454792 -0.04036531  0.00521121
 -0.0447586  -0.06031854  0.0620689   0.04022345 -0.05240978 -0.05381087
 -0.06144804  0.07466284  0.00969372 -0.06276786 -0.00942612  0.02689132
 -0.02272979 -0.01074977 -0.06159854 -0.01538521  0.00653455 -0.02295646
  0.02089483 -0.00060141 -0.05733524  0.07429627  0.00865872 -0.04397218
  0.08482437 -0.03579209  0.04434729  0.04495196  0.06191573 -0.00822879
 -0.01516644 -0.01082175 -0.05018443  0.02844224  0.05593066  0.09471037
 -0.02493843  0.01472812  0.02096052  0.04478806  0.00015515 -0.02418157
 -0.03540899  0.01591184  0.08267818 -0.07096276  0.03913743  0.10812377
 -0.01592082  0.02155973 -0.04459001  0.00369986  0.01061076 -0.03148987
 -0.01279264 -0.04521574  0.01944654 -0.10221522  0.00019123  0.02416082
  0.05957017 -0.03249368  0.02999545 -0.00402849  0.02427201 -0.00823422
 -0.09508374 -0.04513781  0.05892381  0.03226683 -0.04929085  0.07137839
  0.06075016 -0.01017748  0.00430555 -0.04488534  0.04453564  0.03251607
 -0.00996543  0.01714125  0.01441186  0.07172124  0.00299704  0.09620718
  0.03121649  0.03833826 -0.04136313 -0.0286241  -0.01790576 -0.03116045
 -0.0296344  -0.04240955  0.00764199  0.0001769  -0.02558359  0.02156065
 -0.01071344  0.05054321  0.00799437  0.03661818 -0.07299656  0.03305585
 -0.02004909  0.01140454 -0.01480317  0.07975481  0.00389443 -0.01352663
  0.06389464 -0.03573886 -0.07547896  0.04447916  0.01933699  0.01017882
 -0.04696134  0.05916818 -0.03878949  0.00693339 -0.08882504  0.02827562
  0.00272407  0.0591124  -0.0057436  -0.00637973  0.00661747  0.00210637
 -0.03187148 -0.01976191 -0.00267804 -0.08426943 -0.0317613  -0.01950824
  0.00106288  0.0107347   0.02662939 -0.04321233  0.00535031  0.06271417
 -0.01603455 -0.02714535 -0.03454981  0.03681459 -0.00623185 -0.0219405
  0.01887735 -0.01736742 -0.06053537  0.06458591  0.00577565  0.02133591
  0.01357853  0.04175741 -0.05192711  0.02094337 -0.04188565 -0.03681853
 -0.00880628 -0.05560966 -0.00082238  0.07697601 -0.06833825 -0.06013119
  0.02649332 -0.05933001  0.04351615 -0.02183221  0.00247952  0.06750786
 -0.04690507  0.04764763  0.01691544  0.04051263  0.07638662  0.05632326
  0.04183828 -0.01807943 -0.03581805 -0.01790001  0.0997977   0.02942876
 -0.02297427 -0.03352911  0.03174064  0.03615515 -0.00546794  0.01886421
  0.00318663  0.04564548 -0.06713749  0.02173642  0.08273625 -0.023835
  0.0373064   0.0954631   0.03831323  0.00687253 -0.01320144 -0.01086301
  0.03117753  0.01477272 -0.02658105 -0.03549086 -0.01681499  0.00865615
 -0.02226586  0.01647613  0.04891064 -0.01112185 -0.02714124  0.01954765
  0.01794352  0.03203053  0.06518705  0.03353659 -0.01240201  0.00922469
 -0.09162485  0.07057165  0.05151851 -0.06678282  0.02752937  0.06279866
 -0.0194481   0.05008732  0.06997016 -0.0316995  -0.04098564 -0.02098433
 -0.01074032 -0.01965939  0.03056613 -0.00357774  0.00410359  0.07939934
  0.07992785  0.04159156]"
Ulises,"[-0.01161892 -0.01134764  0.02049117  0.00500008  0.022423    0.04613607
 -0.00852602 -0.01712202 -0.02052262 -0.01906334  0.01002496  0.06050847
 -0.03723718  0.02717209 -0.05669108  0.04572202  0.03769993  0.0349602
 -0.05596399  0.04124977 -0.0027063  -0.01671943  0.03772126 -0.07208756
  0.05093349 -0.01816119  0.01602978  0.01785444  0.02636657  0.00663274
 -0.02695198 -0.02788915 -0.0355288   0.04611582  0.00689639  0.10668847
  0.01804681 -0.07183101 -0.02723326  0.04504327  0.01698439 -0.03954175
  0.00399449 -0.08756667 -0.01058394 -0.02069425  0.00772468 -0.00374765
  0.05284656  0.03068569  0.05623258 -0.09681701  0.05240426  0.08032155
  0.01647057 -0.05974973 -0.1028234   0.12028992 -0.00041203 -0.02483648
  0.05064268 -0.03695336 -0.00898623  0.09560066 -0.0109054  -0.00105142
  0.04094196  0.0379123   0.04905277 -0.01098026 -0.05152871 -0.00772553
  0.04115858  0.00220071 -0.02269978 -0.04291321  0.02653086  0.03473955
  0.03730065 -0.00013116 -0.00460084 -0.04188063  0.0536149  -0.06896056
  0.0517204   0.05740344 -0.00055645 -0.03486779  0.01755745  0.08089995
  0.05929303  0.02473747 -0.02682434 -0.04851911 -0.01188421  0.04107816
  0.11619197  0.06877638 -0.00098577  0.02233525  0.00185937  0.00386381
  0.01867086 -0.00102919  0.02316757 -0.03913655  0.09681869  0.01204812
  0.02472138 -0.00722489  0.02110462 -0.03147378  0.12912819 -0.02280324
 -0.00773886 -0.04537562 -0.02106435 -0.06224155  0.03135445 -0.00056999
  0.0328514   0.02351477 -0.04583681 -0.00485056  0.00794242 -0.0646612
  0.0067647   0.01279419 -0.06594595 -0.0216715   0.00645625  0.03816912
 -0.07903908 -0.0085664  -0.02230403 -0.01030229  0.03678816  0.02892545
  0.00933752  0.03887097  0.07129771 -0.04432806 -0.03029829  0.0583743
 -0.06837676 -0.03291601 -0.00964452  0.01091748 -0.00472231 -0.00612326
  0.0310887   0.01689456 -0.05602479  0.03510709  0.03633297  0.01437299
  0.01318118  0.00887162 -0.06941582  0.07314654 -0.0046264   0.01789637
  0.03596611 -0.01764428  0.00615731  0.03004601 -0.00433571 -0.06283828
 -0.02096335  0.00437149 -0.08401185 -0.04365842 -0.01056333  0.01757457
  0.09816504 -0.00513964 -0.04959983 -0.02690394 -0.05336438  0.01680298
 -0.05459278  0.03809264 -0.05904341  0.03462088 -0.03362626 -0.01764123
  0.009864   -0.0337511   0.0206207   0.08809423 -0.01540979  0.03800434
 -0.0605694  -0.02847753 -0.02102466  0.040569   -0.06395924  0.06382228
  0.02465088 -0.05614088 -0.01354661 -0.03482422 -0.04804276  0.04920754
  0.07209088 -0.06888285 -0.00709218  0.04785215 -0.0286159  -0.0171257
 -0.07015329 -0.06095905  0.10773414 -0.05116112 -0.0305418   0.00515993
 -0.02592535  0.08536614 -0.0326904   0.03776867 -0.04805594 -0.01361243
  0.0441529  -0.05068564  0.01290127  0.09633738 -0.02437151  0.00525605
  0.01484163 -0.01807607  0.08661438  0.03091688 -0.04299319  0.02907148
  0.07333264 -0.05876291 -0.02005357 -0.08798561 -0.02723972  0.05531709
 -0.06690618  0.01089319  0.02072126  0.04885436  0.07861147 -0.01296963
 -0.01077984 -0.06397627  0.01901721 -0.03996383 -0.00507048  0.01281174
  0.0130759  -0.05901026  0.0083139  -0.04617675 -0.01537161 -0.0327869
 -0.0197267   0.06129267  0.00184016  0.05231293  0.00791721 -0.02043235
  0.00789183 -0.02568311 -0.01892959  0.02839136 -0.00466298 -0.03285557
 -0.03687655  0.03350366 -0.00554416 -0.01308209  0.01855361 -0.00478799
  0.02978875 -0.02349513  0.00070839 -0.01809806 -0.02516081  0.04820833
 -0.01823169  0.08015125 -0.01758599 -0.1069237  -0.01122794  0.07914456
 -0.00126441  0.00966869 -0.03227948 -0.01697611 -0.00920163 -0.05662365
  0.02453738  0.03432193 -0.01657233  0.0863196  -0.08263928 -0.01839266
  0.04173797  0.01349717 -0.03765483  0.11258135  0.03568488 -0.01101266
 -0.03695679 -0.01411592  0.01016574 -0.00323511 -0.00144428  0.0334813
 -0.02730119 -0.01466269  0.07773534  0.03095178 -0.02418986  0.01920253
 -0.01644934  0.02239263  0.06828538  0.00901947 -0.01420025  0.03798965
 -0.02123537  0.03248656 -0.05639837  0.00913473 -0.02573468 -0.0010833
  0.01531851  0.00484211  0.03179541 -0.0461221   0.05836375  0.02904973
  0.06457569  0.05050234 -0.01940192 -0.01498793  0.02917506  0.00914394
 -0.01733677 -0.05319207  0.04910579  0.06883623  0.00383551 -0.01855924
  0.0309606  -0.11741681  0.01511299 -0.03987367  0.04778131 -0.02023808
  0.01540742 -0.02484823  0.02563499  0.0198716  -0.02469741  0.04211669
  0.00417748 -0.05366956  0.00519749 -0.01593434  0.04868023 -0.07555729
 -0.0003391  -0.05336149 -0.02617303 -0.0114147  -0.05655262 -0.01536322
 -0.02923206  0.04494976 -0.01186674  0.05678004 -0.00744839  0.08028409
 -0.0298466   0.07921889 -0.02231391  0.05379641 -0.01053795 -0.03009836
  0.08766238 -0.05700735 -0.07390575  0.0776225  -0.03646639  0.10596915
 -0.04383373  0.08379027  0.00098327  0.04986444 -0.07785959 -0.01104554
  0.01630752 -0.0093662   0.05840444  0.0313949  -0.00118784 -0.03555809
 -0.00609422 -0.07174137  0.0127801  -0.00664429 -0.00890799 -0.0446128
  0.04562333  0.00569284  0.03811272 -0.07332044  0.00347929 -0.00967039
 -0.04263568 -0.07549325  0.03432618  0.01429974 -0.00311771 -0.09319017
  0.07545879  0.02948278  0.04136699 -0.00046929  0.0235395   0.05040408
  0.01185487 -0.01244456 -0.02369145 -0.06544189  0.01931692  0.04590395
  0.03305237 -0.02467474  0.0630158  -0.00625019 -0.00548092 -0.0271442
 -0.06089335 -0.04437398  0.0032017   0.00085537  0.01535249  0.07918847
 -0.09572931  0.02844526 -0.01382542  0.04902274  0.09645777 -0.03213039
  0.08606853 -0.10396313  0.00024655  0.00378052  0.07791443  0.03938095
  0.01866528 -0.04430429  0.03078507 -0.03655886 -0.00401059  0.00327418
 -0.00344898  0.01797001  0.01903546  0.00932862  0.07631347 -0.05226891
  0.01069812  0.04190721 -0.03479079 -0.03947057 -0.01586125  0.03996927
  0.00172447  0.04343491  0.02563582 -0.03560699 -0.00036742 -0.01137831
  0.06269903  0.07602737 -0.01127298 -0.00816025 -0.0363369  -0.00972256
  0.08189866  0.0447873  -0.00420469  0.00239821 -0.02122898  0.09437546
 -0.03975113  0.06713273  0.05310218  0.05751906 -0.0705281   0.08883265
  0.07775245  0.03411471 -0.01155122  0.02028267  0.00960876 -0.07033385
  0.08553161 -0.02626024  0.01329082 -0.03153926 -0.01760313 -0.03928389
  0.06900274  0.0892539 ]"
Ulises,"[ 2.69754976e-02  2.51636673e-02  4.65927646e-02  2.04737391e-02
  4.52919155e-02  6.10585026e-02 -2.65999213e-02 -3.20015848e-02
 -3.30965929e-02 -1.59065742e-02 -2.05246694e-02  2.78857611e-02
 -1.77681781e-02  5.61256073e-02 -7.90411048e-03 -2.41187382e-02
  2.85349693e-02  6.84011355e-02 -1.38556156e-02  2.63463948e-02
 -1.54413478e-02 -3.49797495e-02  2.97349244e-02 -3.16788144e-02
  5.10212444e-02  1.95207237e-03  3.37061808e-02  2.22833548e-02
  3.76612544e-02 -5.05056232e-02  1.16478223e-02 -2.12393813e-02
 -5.22289276e-02  2.43885275e-02  5.04662022e-02  6.76507354e-02
  1.12231439e-02 -4.25028838e-02 -7.24797398e-02  1.85738765e-02
 -1.05974320e-02 -7.47269345e-03 -8.82245973e-03 -1.08801425e-01
 -2.66356263e-02 -6.74964860e-02  2.66632829e-02  2.39972994e-02
  4.09733802e-02 -1.76119991e-02  3.78351174e-02 -3.01429052e-02
  5.39748967e-02  2.78871413e-02  4.59373416e-03 -5.78158125e-02
 -8.37424472e-02  1.07635565e-01  5.62365493e-03  7.59645877e-03
  2.63536107e-02 -3.78108881e-02  4.38767746e-02  6.00696206e-02
  7.62445526e-03 -6.13967814e-02  3.03584039e-02  4.97539937e-02
  3.86029445e-02  1.56339779e-02 -2.18362771e-02  1.01647256e-02
 -6.63347682e-03 -2.66191214e-02  2.97020152e-02 -8.83214921e-02
  3.08856871e-02  1.90643240e-02  6.06126189e-02 -1.65530983e-02
 -1.06080212e-02 -1.57393534e-02  3.26150768e-02 -9.35410336e-03
 -7.80868297e-03  4.04027738e-02  5.39985970e-02 -2.17439071e-03
  2.38021500e-02  9.00785699e-02  4.76023220e-02  5.12068085e-02
 -3.29802893e-02 -3.31125967e-02  1.44987488e-02  9.64631792e-03
  9.23109874e-02  3.58344391e-02 -1.48499534e-02 -5.31922374e-03
  4.63568605e-02 -5.12602832e-03 -1.17700044e-02 -2.52840314e-02
 -6.49388239e-05 -1.50293764e-02  5.73014803e-02  4.21943516e-02
  6.04435764e-02  2.26910450e-02  4.08341251e-02 -2.02385187e-02
  6.32439703e-02  2.79705878e-02 -2.29676440e-02 -1.69495083e-02
  1.46488026e-02 -6.09636791e-02 -5.07061835e-03  2.97982860e-02
  1.62979327e-02  2.18078587e-02 -3.58058587e-02 -9.98320896e-03
 -1.51748285e-02 -1.45843951e-02 -6.01485884e-03  3.45516317e-02
 -6.09483682e-02  3.28205191e-02  8.54554120e-03  3.31209190e-02
 -6.73346641e-03 -3.05344071e-02  1.92344177e-03  2.86960322e-02
  1.71877742e-02  4.28935699e-02 -6.90903654e-03  6.46082219e-03
  5.25488891e-02 -3.74022946e-02  2.03081239e-02  3.26461494e-02
 -4.06287573e-02 -1.80162564e-02 -1.20742498e-02  6.77491445e-03
  6.79829940e-02 -2.44832356e-02  2.83041093e-02  3.33948657e-02
  3.25021218e-03  3.95956598e-02  9.99586005e-03 -8.86061974e-03
  4.71836478e-02 -1.43129174e-02 -3.04848906e-02  1.88138671e-02
 -5.07826656e-02  1.99023467e-02  3.64984237e-02  1.18811205e-02
  3.36055038e-03  9.11261886e-03 -2.81547345e-02 -2.87731234e-02
 -5.08957654e-02  1.46815609e-02 -5.32978959e-03 -5.43394238e-02
 -2.57619377e-02  5.24305925e-03  3.37237343e-02 -3.58615294e-02
 -6.00544065e-02 -3.09908995e-04 -5.95619455e-02  4.97712567e-02
 -8.91102105e-02  5.86791337e-02 -5.03882356e-02  2.44820840e-03
 -4.17025900e-03  7.13987800e-04 -1.61021277e-02 -2.56298408e-02
 -2.48960173e-03  5.37621342e-02 -1.73813719e-02  4.15364504e-02
 -4.85789031e-02 -3.89046520e-02 -3.25903296e-02  3.84160765e-02
 -8.31372663e-02  8.21170397e-03  5.91147095e-02 -3.05195600e-02
 -1.26958797e-02 -4.32534926e-02 -8.05026740e-02  7.59262890e-02
  5.56602590e-02 -9.76700559e-02 -4.08983976e-02  3.63561064e-02
 -4.22353484e-02 -2.10803095e-02 -1.23253599e-01 -1.00345604e-01
  6.24003746e-02 -1.59113109e-02 -1.19901663e-02  3.30062546e-02
  2.42842995e-02  1.16630897e-01  1.39899720e-02  4.00411822e-02
 -1.97668392e-02  3.53318499e-03  3.37876333e-03 -2.22161189e-02
  2.68202424e-02  1.02578074e-01 -4.10623513e-02  2.03895965e-03
  2.26340769e-03 -2.65842434e-02  1.05128706e-01  3.52287479e-02
  1.31198959e-02  7.50346389e-03  1.00204512e-01 -5.79997711e-02
 -3.57480384e-02 -5.28456159e-02  3.98619287e-02 -2.08533853e-02
 -1.00514151e-01 -5.00739403e-02  3.31072994e-02  2.24953592e-02
  9.56038684e-02 -2.35213172e-02  3.58556844e-02 -7.64828473e-02
  4.03139107e-02  1.86815560e-02  8.85008369e-03 -6.44164160e-02
  2.22580153e-02 -3.74542689e-03 -1.68687329e-02 -4.55408618e-02
  1.44923711e-02  1.29961241e-02 -1.09483916e-02  8.53439514e-03
 -2.09911913e-02  6.58358708e-02  4.85070571e-02 -6.40242398e-02
  4.57032546e-02 -9.52029005e-02 -1.50215225e-02  3.23563069e-02
  4.39219363e-02  4.78933714e-02  7.59121124e-03  2.71332916e-02
 -1.00819860e-02 -2.42803320e-02 -3.84083316e-02 -6.55737147e-02
 -1.88992247e-02 -2.40640901e-02  1.46609461e-02  1.26583660e-02
 -2.28149034e-02 -1.47228222e-03 -1.51064079e-02  8.52131993e-02
 -3.55581827e-02 -6.23283125e-02 -3.07593662e-02  3.00773960e-02
  6.87568961e-03 -2.75915433e-02 -8.08305945e-03 -1.30812135e-02
  1.24181798e-02 -6.52510300e-02  2.57869419e-02  1.33151757e-02
  2.12929621e-02  8.05014744e-02 -5.58997355e-02 -3.15598398e-02
  5.33138476e-02 -1.13825817e-02 -4.22183201e-02  1.02219224e-01
  6.32367805e-02 -4.05221991e-02 -4.61412705e-02  9.04161111e-03
 -4.40383470e-03  3.55017669e-02 -1.17168510e-02  3.44556384e-02
 -7.11026639e-02  3.79769504e-02  9.45840403e-02  2.18232404e-02
  3.28877419e-02 -4.77795526e-02 -4.29547578e-02 -8.51018727e-03
  9.65784788e-02  3.32711544e-03 -1.31531823e-02  2.72266436e-02
 -2.79145390e-02  2.57605128e-02 -3.98738012e-02  2.76490431e-02
  1.34526128e-02 -1.10740568e-02 -1.73175912e-02  3.15026902e-02
  4.84919995e-02 -8.49772617e-02  3.06436010e-02 -3.54846488e-05
  4.94111814e-02  7.72873163e-02 -5.94124943e-02 -1.13280362e-03
 -9.72470269e-03  7.99316633e-03 -4.52428758e-02 -3.86348367e-02
  6.66125640e-02  1.00007273e-01 -7.85245933e-03  1.26136318e-02
  8.28296095e-02 -1.00859351e-01 -5.04623633e-03 -6.60086200e-02
  8.73581786e-03  2.70700138e-02  2.77688284e-03 -4.32778336e-02
  2.39462312e-02  4.81907092e-02  2.42228787e-02  5.33535928e-02
  3.89104895e-02 -1.49214230e-02 -4.02734764e-02 -2.69957725e-02
 -3.02919839e-02 -6.50554970e-02  8.89089599e-04 -5.19195944e-02
  1.96055956e-02  9.97769646e-03 -5.14707454e-02  2.38719732e-02
 -1.94087271e-02  6.30966350e-02 -3.57925892e-04  2.19883211e-02
 -2.24070493e-02  8.35437104e-02  4.18887986e-03  7.06506446e-02
 -2.43863631e-02  5.80073297e-02 -4.06605974e-02 -1.62567981e-02
  8.22115764e-02 -4.07236256e-02 -1.01682052e-01  5.86228557e-02
  4.87715239e-03  7.98407868e-02 -9.43222642e-02  1.02519266e-01
  3.04873604e-02  5.40424883e-02 -6.83592409e-02 -5.03172912e-03
 -4.28550877e-02  6.16466487e-03  4.55610193e-02  5.72923124e-02
 -5.06452983e-03 -3.09163891e-02 -1.21127926e-02 -5.19312732e-02
  2.39016525e-02 -3.09173968e-02  7.49867922e-03  8.84240679e-03
  4.34671640e-02  2.32377220e-02  5.39666489e-02  3.30932788e-03
 -7.00258790e-03  5.34846745e-02 -3.24581787e-02 -1.01862371e-01
 -1.63783021e-02  6.98757684e-03 -2.77710781e-02 -5.38341813e-02
  5.78470714e-02 -5.18602785e-03 -1.69801358e-02  3.35678644e-02
  5.20620681e-02  4.29826938e-02  1.22701395e-02 -8.35553464e-03
 -5.67012802e-02 -3.56036946e-02  1.55705251e-02  1.53748747e-02
  2.96490248e-02 -2.97473520e-02  2.77037714e-02  2.07307022e-02
 -6.35688975e-02 -4.38133106e-02 -4.65310439e-02 -5.54057024e-02
  6.36691824e-02 -1.75063051e-02  4.74177487e-02  2.56478377e-02
 -6.48051575e-02 -2.32752552e-03 -5.26635908e-02  8.16501006e-02
  7.99048245e-02 -3.91043909e-03  7.19146803e-02 -4.61891778e-02
  5.41680818e-03  9.36016068e-03  9.94289964e-02  4.79246788e-02
 -5.06279729e-02 -2.21725088e-02  6.07715696e-02 -4.38687801e-02
 -1.14040431e-02  2.94085313e-02 -1.32008903e-02  2.14303732e-02
  7.43467594e-03 -8.85435008e-03  9.95192006e-02 -8.60558078e-03
 -1.44412210e-02  7.06337094e-02 -3.63469161e-02 -6.77377880e-02
 -1.61764994e-02  2.88745183e-02  2.93159001e-02  5.64819276e-02
  2.66729221e-02 -6.34143949e-02 -8.64866469e-03 -1.71913877e-02
  3.37151624e-02  8.86906460e-02  2.28463709e-02 -2.77995858e-02
 -3.19443345e-02 -1.15244044e-02  5.88721894e-02  2.43068039e-02
  2.31221393e-02 -2.09327089e-03 -4.74954695e-02  8.54339823e-02
 -6.00543469e-02  9.11343917e-02  3.35614234e-02  1.05042914e-02
 -8.79785344e-02  9.65019390e-02  2.24967543e-02  6.20545819e-02
  1.23947337e-02  9.99928452e-03  1.39216641e-02 -7.37134889e-02
  6.45499304e-02 -7.80445486e-02 -3.32470573e-02 -3.34961340e-02
 -2.45622601e-02 -3.65744084e-02  6.96882084e-02  8.96008238e-02]"
Ulises,"[ 9.18134395e-03  6.14769245e-03  6.49910793e-02  1.10717919e-02
 -1.26432274e-02  3.78905609e-02 -1.18995663e-02 -2.59418297e-03
 -8.54793761e-04 -9.02439374e-03 -1.42530426e-02  2.81613208e-02
  6.56177523e-03  6.70178831e-02 -6.40033633e-02 -2.89807953e-02
  3.47929448e-02  8.34416077e-02 -4.41831090e-02  5.65731674e-02
 -4.99897217e-03 -3.41650583e-02  5.33327982e-02 -1.10385291e-01
  3.61177400e-02 -5.21302572e-04 -1.88472643e-02  1.48666408e-02
  4.44945246e-02 -4.98731658e-02  2.99360440e-03  7.64918141e-03
 -5.34386411e-02  2.85144174e-03  3.06098498e-02  4.59510051e-02
 -3.02464105e-02 -9.25712436e-02 -6.19910546e-02  3.59208994e-02
  5.90191456e-04  3.28287529e-03 -2.65162298e-03 -5.59878498e-02
 -1.79389566e-02 -3.54696736e-02  5.07541420e-03  5.40650561e-02
  1.80598046e-03 -5.33884130e-02  2.79972255e-02 -6.01866730e-02
  7.08886310e-02  8.45925882e-02  1.60953272e-02 -5.67130595e-02
 -9.65145901e-02  1.30299792e-01 -2.43689399e-02 -1.01425815e-02
  3.35613713e-02 -3.88369001e-02 -5.63945714e-03  8.22633281e-02
 -4.24695797e-02 -2.00048052e-02  2.10270938e-02  3.67572159e-02
  3.68326940e-02 -1.83163602e-02 -2.87905876e-02 -7.18960166e-03
  2.01118924e-02 -2.21071914e-02  4.58041718e-03 -8.67648274e-02
  4.45847362e-02  3.60940099e-02  3.71911675e-02 -2.98329517e-02
 -1.97305400e-02 -3.08255870e-02  2.75735613e-02 -4.81083393e-02
 -1.30408164e-02  8.40745643e-02  4.00956124e-02 -2.80870888e-02
 -6.32051704e-03  1.03065491e-01  4.86061163e-02  5.20751672e-03
 -7.63246848e-04 -4.63838242e-02 -9.84217157e-04  6.76656589e-02
  9.41814855e-02  4.39505763e-02 -1.44184632e-02  3.75028104e-02
  3.00436970e-02 -3.32694896e-03  1.38261523e-02 -7.47919502e-03
  2.80093234e-02 -1.55363912e-02  8.29085186e-02  3.98591496e-02
 -4.46777651e-03  3.52363638e-03  5.65801933e-02 -1.07202530e-02
  9.05844271e-02 -3.57118575e-03 -3.35837156e-02 -1.07306773e-02
 -1.15244621e-02 -4.38762940e-02 -2.05947645e-02  1.48689747e-03
  4.06779498e-02  2.16564611e-02 -3.88039500e-02  2.64465921e-02
 -1.02924858e-03 -6.40836433e-02  8.61966517e-03  2.91438699e-02
 -6.52258843e-02 -1.08208938e-03 -4.59585199e-03  3.15541811e-02
 -4.75644730e-02 -1.33743165e-02  2.58960240e-02  3.62929627e-02
  4.84419875e-02 -2.95336102e-03  1.72848925e-02  2.25244723e-02
  3.08672022e-02 -5.73236421e-02 -1.14974743e-02  4.30298336e-02
 -5.00225313e-02 -5.29170036e-03  1.41446134e-02  1.76352393e-02
 -9.87072382e-03 -1.79522336e-02  4.97097746e-02  1.09544061e-02
 -6.24264665e-02  3.59170064e-02  5.35545126e-02 -5.74070169e-03
  3.24675627e-02 -5.79939084e-03 -7.70807639e-02  4.79023419e-02
  4.53679636e-03  4.71824147e-02  1.97734144e-02 -1.24861235e-02
  4.34370972e-02  5.45410812e-02 -2.50250455e-02 -4.10860367e-02
 -6.81836084e-02  2.90952176e-02 -5.73372915e-02 -4.51794527e-02
 -1.75845961e-03 -1.80407185e-02  3.19164284e-02 -6.50820732e-02
 -6.38960600e-02 -6.46503456e-03 -8.16632360e-02  4.56772223e-02
 -4.57715206e-02  8.35717618e-02 -3.20023224e-02  2.24236306e-03
  2.07332503e-02  1.93217508e-02 -1.00606848e-02 -9.72184986e-02
  3.44330482e-02  3.22912782e-02 -3.03235929e-03  6.36064559e-02
 -6.28430545e-02 -4.22124937e-02 -1.22900568e-02  4.69530374e-02
 -1.06257945e-01 -1.39695508e-02  5.95804118e-02 -8.06365535e-02
  2.65155267e-02 -1.93763301e-02 -8.65299851e-02  4.03192043e-02
  1.75500307e-02 -1.04642719e-01 -6.23373985e-02  4.86538224e-02
 -1.85336582e-02  4.81571973e-04 -6.97727427e-02 -5.97173795e-02
  9.75727960e-02 -4.05241922e-02 -2.73080487e-02  2.74695419e-02
  2.81473957e-02  9.87944156e-02 -2.17797309e-02  2.96713430e-02
  1.63371023e-02  8.91567115e-03  4.65981737e-02 -5.23110293e-02
 -1.28871277e-02  1.22980058e-01 -1.52922701e-02  1.18408334e-02
  1.41341081e-02 -4.62949872e-02  8.63388032e-02  4.11436968e-02
 -3.14610042e-02  2.76828948e-02  4.80778888e-02  1.43539486e-03
 -5.17409556e-02 -9.84302014e-02  4.84911576e-02  3.91584560e-02
 -9.80258361e-02 -2.16150768e-02 -3.07217892e-03  6.15553893e-02
  6.98485970e-02 -3.69605608e-02  1.75541900e-02 -8.20102245e-02
  2.01739073e-02 -2.02245004e-02  2.20378377e-02 -1.54441232e-02
  4.64468524e-02 -3.56545523e-02  2.49575954e-02  6.65125530e-03
 -2.31359285e-04 -1.97311714e-02 -3.86862308e-02  5.65427877e-02
 -5.71167422e-03  6.22828677e-02  3.68069559e-02  4.81363945e-03
  5.35580190e-03 -4.43777777e-02 -1.25880195e-02  6.78023044e-03
  1.32783595e-02  3.31658125e-02 -3.16040181e-02  1.69126652e-02
  4.41466551e-03 -3.02231535e-02  3.37752365e-02 -1.82000902e-02
  2.42305677e-02 -2.41328645e-02  2.82812137e-02  1.02626784e-02
 -1.48839438e-02  3.69723737e-02 -4.00772355e-02  7.65542760e-02
 -3.29986289e-02 -6.05076589e-02 -6.74370769e-03  6.03906624e-02
 -2.34752223e-02  2.51781289e-03  2.53372602e-02  1.03162113e-03
  7.72040803e-03 -4.44502085e-02  2.75865719e-02  6.60910085e-02
 -1.68391205e-02  4.32471298e-02 -1.02002375e-01 -1.08789587e-02
  9.69624426e-03  1.36129353e-02 -8.74267146e-03  8.91497806e-02
  5.64079769e-02 -2.75875367e-02 -2.68570352e-02 -1.95690617e-02
 -1.18531520e-02 -2.49008201e-02 -6.59482703e-02  9.31933615e-03
 -5.10674566e-02  1.16757024e-02  7.70866945e-02  4.85439552e-03
 -1.23279532e-02 -5.29298820e-02 -1.83547288e-02  3.17257717e-02
  2.71017477e-02  4.16482650e-02 -5.87339746e-03  5.02811372e-02
 -4.53449339e-02 -1.89171091e-03 -5.95091358e-02  1.48098432e-02
 -4.55350056e-02 -6.59849122e-03 -4.12064381e-02  3.51859778e-02
  3.56437974e-02 -5.24752587e-02  8.28563720e-02  7.57369120e-03
  1.14523903e-01  7.86964893e-02 -3.71214934e-02 -5.51172979e-02
 -1.31732654e-02 -5.25161903e-03  9.34596639e-04 -5.00406213e-02
  2.80615631e-02  8.33935663e-02  2.73366012e-02 -9.23361222e-04
  5.26927337e-02 -7.14174658e-02  3.69263329e-02 -2.59044878e-02
  6.52887747e-02  3.76040908e-03  2.16766112e-02 -4.00786996e-02
  2.25716308e-02  3.77559029e-02 -2.70710420e-03  7.54549056e-02
  5.25222048e-02 -8.86532292e-03 -1.60711426e-02 -7.00605800e-03
  1.76877659e-02 -4.38293293e-02 -2.47640943e-04 -2.86938511e-02
 -9.89534799e-03 -1.65086687e-02 -3.26672383e-02 -1.39004532e-02
  2.36820318e-02  9.26751196e-02 -2.53318213e-02  6.69865981e-02
 -3.50550115e-02  1.00756533e-01  9.70445294e-03  7.61183947e-02
 -7.49720028e-03  6.79283515e-02 -5.74834878e-03 -1.24955736e-02
  7.49945715e-02 -5.56880981e-02 -8.27174261e-02  2.61956155e-02
 -3.96494046e-02  9.77051854e-02 -3.39664742e-02  6.05441742e-02
 -7.56067643e-03  9.19610336e-02 -7.27060288e-02 -2.97214999e-03
 -2.92717051e-02  8.34277889e-04  4.71051931e-02  1.53216794e-02
 -2.43308954e-02 -4.17032391e-02 -2.82454155e-02 -3.36421169e-02
 -5.02853794e-03 -3.77815706e-03 -6.65328698e-03  5.44127217e-03
  6.65393174e-02  2.85502593e-03  3.58697250e-02 -1.13811037e-02
 -2.17850553e-03 -1.11800237e-02 -6.47893101e-02 -5.66484295e-02
 -9.53757949e-03  4.37243888e-03  2.93356422e-02 -7.67115802e-02
  6.82939738e-02  2.38054171e-02  2.83198955e-04  1.41672092e-03
  5.41376360e-02  2.47386657e-02  9.98538802e-04 -7.89165869e-02
 -1.79981235e-02 -5.87315783e-02  4.84710420e-03  2.72255242e-02
  8.73693675e-02 -1.22449594e-02  3.05775460e-02  1.94826256e-02
 -2.84001566e-02 -2.89348550e-02 -4.21464033e-02 -3.85295078e-02
  4.72438931e-02  2.92026121e-02  1.58065353e-02  5.99227510e-02
 -4.60129306e-02  6.47949288e-03 -3.71640548e-02  1.22083947e-02
  8.45847875e-02 -3.94004919e-02  3.65935452e-02 -6.87892660e-02
  8.94066252e-05 -3.14112864e-02  9.33751762e-02  1.91577822e-02
 -6.55705202e-03 -2.45805476e-02  6.00692034e-02 -5.32278940e-02
  2.14230036e-03  4.50730287e-02  1.87311824e-02  2.99809151e-03
  1.95424594e-02  6.38455078e-02  6.07175641e-02 -1.95767898e-02
  9.41742212e-03  8.01188424e-02 -3.16282138e-02 -3.49011347e-02
 -2.42564753e-02  3.88927273e-02  4.59971949e-02  3.28874588e-02
  9.08319000e-03 -4.23874520e-02 -1.49822617e-02  3.34100127e-02
  3.86488847e-02  6.14310615e-02  1.03527810e-02  2.89409943e-02
 -2.16813292e-02 -7.17182085e-03  7.63531253e-02  4.31692302e-02
  5.04422635e-02 -1.87442508e-02 -6.86839968e-02  7.11051822e-02
 -5.92018925e-02  6.81985691e-02  3.32420096e-02  1.39531037e-02
 -7.49919415e-02  7.58211091e-02  3.94096226e-02  3.81233506e-02
 -3.85100618e-02 -3.39748301e-02 -7.44279067e-04 -6.55766279e-02
  4.65966612e-02 -2.13745311e-02  4.29997081e-03 -3.53566781e-02
 -1.97689440e-02 -7.94178396e-02  1.71365552e-02  7.91861936e-02]"
Ulises,"[-1.86531320e-02 -1.70641427e-03  8.16712230e-02  3.73801701e-02
  3.89159955e-02  3.87544818e-02  9.39689856e-03 -3.07154190e-02
 -2.25950740e-02 -3.41602080e-02  1.01791695e-02  7.39195151e-03
 -4.61874157e-02  6.50392324e-02 -2.02676468e-02  1.84123497e-02
 -1.74037227e-03  2.52046939e-02 -8.11049491e-02  4.07958366e-02
  2.21808888e-02 -3.55616212e-02  3.14209685e-02 -4.15618122e-02
  1.65738035e-02 -2.55390676e-03  1.50336409e-02  3.88367921e-02
  3.62560749e-02 -1.51452264e-02  9.66745615e-03 -2.17571314e-02
 -3.30689102e-02  2.45748851e-02  1.44606968e-02  8.41470584e-02
  2.37645525e-02 -6.07159510e-02 -2.72906851e-02  2.35193688e-03
  3.79708819e-02 -1.67567488e-02  4.52663675e-02 -7.90966973e-02
  1.78783424e-02 -2.10012663e-02  3.75554040e-02  1.56997666e-02
  3.72666791e-02  4.72659152e-03  7.42751509e-02 -4.14815880e-02
  7.39094913e-02  5.44401854e-02  2.02622078e-02 -7.76682273e-02
 -7.64644593e-02  8.78690630e-02  5.29078441e-03  1.76651869e-02
 -5.59418811e-04 -8.05530325e-02  9.56473686e-03  6.63658977e-02
 -3.96928415e-02 -1.28442496e-02  4.36956855e-03  7.07624108e-02
  3.95622738e-02 -1.63044725e-02 -4.33551595e-02  2.04518344e-02
  4.21513170e-02 -1.81367509e-02 -1.46626094e-02 -5.21165729e-02
  4.68372628e-02  9.22668260e-03 -8.17586109e-03  2.49335952e-02
  1.41891930e-03 -3.36740874e-02  5.01575023e-02 -8.73596501e-03
  3.42801027e-02  6.11854903e-02  2.49981508e-02 -5.42966537e-02
  3.15867774e-02  9.70613733e-02  4.47644144e-02  5.77922240e-02
 -2.12611109e-02 -3.27835679e-02  1.94824450e-02  4.18203138e-02
  8.14051777e-02  7.28083923e-02  3.55364978e-02 -2.36312337e-02
  1.91423018e-02  3.68903317e-02  9.80662461e-03  2.86954790e-02
  3.79173011e-02 -3.08334846e-02  7.41289780e-02  2.77273543e-02
  2.48570070e-02 -5.34914434e-04  4.36773784e-02  2.69436277e-02
  1.01934761e-01 -2.41924077e-02 -1.57655515e-02 -4.16598469e-02
 -3.31154540e-02 -9.48384404e-02  1.59427635e-02 -2.59974152e-02
  5.89353777e-02  5.82492836e-02 -3.21617834e-02 -2.98555046e-02
  1.82256177e-02 -4.79709804e-02  5.97838499e-03  1.98615044e-02
 -5.85492235e-03 -1.72744207e-02  4.02702764e-02  9.46381837e-02
 -5.10830730e-02  3.64488885e-02  1.04851658e-02 -8.63557507e-04
  1.19281532e-02  1.07475221e-02 -2.67182831e-02  5.48789576e-02
  5.19025922e-02 -4.18754183e-02 -2.30122078e-02  3.86765487e-02
 -4.54937369e-02 -1.19904922e-02 -8.73094425e-03 -4.29248204e-04
  1.66532013e-03 -2.60891784e-02  4.86432090e-02  2.06252187e-02
 -4.43172306e-02  7.68344849e-03 -2.36416012e-02  2.37449966e-02
 -9.96140391e-03 -6.63439231e-03 -7.53479898e-02  4.26625013e-02
  1.49131950e-03  1.87953853e-03  4.51436378e-02 -2.78193522e-02
 -9.05796979e-03  2.89569218e-02 -3.44819091e-02 -4.82753627e-02
 -4.75589633e-02 -2.19624080e-02 -3.46299224e-02 -4.26912978e-02
 -1.40194111e-02 -1.22528411e-02  9.16224569e-02 -2.06787279e-03
 -5.15152588e-02 -4.56835330e-02 -1.84469372e-02  1.25547433e-02
 -6.39610961e-02  7.58113861e-02 -5.75839989e-02 -3.02551724e-02
 -5.07432632e-02 -1.33328112e-02 -1.02636470e-02 -4.27807532e-02
  2.53222864e-02  6.42341673e-02  5.44126751e-03  3.13036218e-02
 -6.80640116e-02 -3.89809161e-02 -1.06989313e-02  2.48841755e-02
 -9.00443122e-02  2.73230001e-02 -2.27291118e-02 -5.70730343e-02
 -3.11333388e-02 -2.25439295e-02 -4.53633666e-02  4.34326604e-02
  4.11981046e-02 -4.08443138e-02 -1.23680197e-02  5.38214371e-02
 -3.55570354e-02 -2.77775880e-02 -5.29343188e-02 -4.17486094e-02
  1.16817690e-01 -4.14995514e-02 -1.65744014e-02  1.49900569e-02
 -1.87862143e-02  8.87864977e-02 -1.04207778e-02  4.83072689e-03
 -4.31077927e-02 -4.10786234e-02 -2.41724635e-03 -5.42347357e-02
 -8.70961696e-03  1.17841594e-01  5.95129188e-03  4.32768501e-02
  1.60892252e-02 -2.08167955e-02  8.39741230e-02  9.17582121e-03
 -6.24675527e-02  7.53964037e-02  6.36594445e-02 -9.54016447e-02
 -4.28633727e-02 -5.02033755e-02  4.83236479e-04  4.22543809e-02
 -7.02616051e-02 -2.48762639e-03  2.87459400e-02  3.80986445e-02
  8.20483416e-02 -4.02162820e-02  1.16664376e-02 -1.88373122e-02
 -1.43346880e-02 -2.76430678e-02  1.04596410e-02 -3.06764226e-02
  2.32977327e-03 -7.10977837e-02  3.42303924e-02 -1.24034816e-02
 -2.18317285e-02 -2.25549135e-02  7.61938747e-03  3.04536484e-02
 -8.48329742e-04  2.26409771e-02  5.13334721e-02 -2.90781871e-04
  4.33823951e-02 -3.46184298e-02 -2.60254163e-02  4.86024730e-02
  6.65847138e-02  4.69824485e-03 -3.59097496e-02  2.32359245e-02
  2.74176449e-02  6.01919834e-03  3.47880647e-02 -5.26085831e-02
  2.53289714e-02  5.09283543e-02 -1.97481760e-03 -9.49945394e-03
 -7.34148100e-02  2.93250140e-02  3.22248079e-02  5.35924956e-02
 -4.31342572e-02 -9.53681171e-02 -4.70620347e-03  5.74499294e-02
  1.28512681e-02 -1.05584189e-02  1.42200300e-02  1.95259973e-03
 -2.73200255e-02 -5.82919307e-02  2.39572264e-02  6.42923638e-02
 -2.23287754e-02  2.56338120e-02 -1.04654156e-01 -4.83459048e-02
  1.81891266e-02 -5.65902889e-03 -8.90162960e-03  6.66023940e-02
  8.46305117e-02 -4.43228550e-04 -4.56135012e-02 -1.95972272e-03
  3.68949659e-02  3.65252048e-03 -7.68540121e-05  3.76225933e-02
 -4.90567163e-02  2.69087609e-02  6.07754625e-02  1.79693121e-02
 -3.91302221e-02  2.23535094e-02 -1.69851184e-02  6.28459603e-02
  2.21774429e-02  3.60504985e-02  1.29240900e-02  3.85421216e-02
  1.54521447e-02 -4.58043953e-03 -5.45507371e-02  2.48175580e-02
 -1.49384299e-02 -2.66297106e-02 -1.69607494e-02 -1.67834815e-02
  4.33827303e-02 -5.02927154e-02  3.52913626e-02 -3.51926833e-02
  9.86868143e-02  7.43562356e-02 -3.78740020e-02 -4.03268524e-02
  7.98272435e-03 -2.37317588e-02 -7.48700649e-03 -3.66289206e-02
  4.68216985e-02  5.74411489e-02  1.63107459e-02 -3.43054649e-03
  4.15366068e-02 -1.18153825e-01  3.64327133e-02 -5.83226345e-02
  6.30267039e-02 -2.86250319e-02  5.75731099e-02 -2.18367856e-02
 -4.22201455e-02  4.99915667e-02 -3.08462437e-02  4.23429944e-02
  3.01010776e-02 -2.90842056e-02  1.65372081e-02 -3.40873525e-02
  2.53841635e-02 -1.06363185e-01 -7.15639368e-02 -6.76187798e-02
 -9.57699772e-03 -3.51419784e-02  4.96351486e-03 -4.04255837e-02
 -2.41654534e-02  3.10675111e-02 -3.51873343e-03  7.96729699e-02
  8.39676987e-03  6.80127516e-02  5.72311087e-03  1.30669132e-01
 -4.84324694e-02  2.57260129e-02 -3.37414555e-02 -2.07846984e-02
  4.30227183e-02 -2.91986484e-02 -4.45916206e-02  6.76041171e-02
 -2.00499669e-02  6.30710199e-02 -5.25573418e-02  8.21428001e-02
  1.94143578e-02  7.84788877e-02 -3.21421102e-02 -1.99897159e-02
 -4.80805896e-03  2.97147594e-02  6.27733544e-02  1.59381200e-02
 -1.05399108e-02 -5.01253121e-02  9.00582061e-04 -8.27898309e-02
 -7.24993739e-03  6.44806027e-03  4.11684019e-03 -3.47773880e-02
  2.43533142e-02  2.89161503e-02  3.39079462e-02 -3.73362750e-02
 -8.67054798e-03  6.97970390e-03 -2.87280753e-02 -8.34238082e-02
 -3.50558460e-02  4.93594771e-03  1.50871724e-02 -8.27935413e-02
  5.99426478e-02 -1.32069066e-02  6.21212833e-03 -5.10347672e-02
 -6.68435264e-03  4.40801494e-02 -1.47596756e-02 -7.61612924e-03
 -5.30700432e-03 -6.63423315e-02  1.72128920e-02  4.89900410e-02
  6.47238642e-02  2.50982679e-02  5.35117500e-02 -1.79714579e-02
 -2.72178296e-02  1.57941841e-02 -4.67790850e-02 -6.19313493e-02
  3.66575690e-03  9.47209634e-03  2.05738563e-02  2.54572108e-02
 -8.69329050e-02  6.22236952e-02 -7.19870813e-03  2.84269936e-02
  1.33393556e-01 -3.04064061e-02  2.12922320e-02 -1.06922105e-01
  1.64170247e-02  7.42943550e-04  7.24348351e-02  7.31701106e-02
  1.51260607e-02 -5.59726059e-02  2.97038909e-02 -5.33429310e-02
 -9.32582375e-03 -2.02284325e-02 -2.11309530e-02 -4.87032672e-03
  1.70260742e-02 -2.13206820e-02  5.65586202e-02 -4.71176617e-02
 -1.70415398e-02  8.50266367e-02 -3.46165448e-02 -3.45704593e-02
 -5.37669510e-02  2.28037890e-02  1.79257002e-02  6.91687837e-02
  6.71164989e-02  7.36556773e-04 -1.86879095e-02  1.70294959e-02
  3.55948508e-02  7.41008520e-02 -3.35958935e-02 -2.05363072e-02
 -6.57381341e-02 -1.02985930e-02  7.75052086e-02  4.06441987e-02
  2.33825445e-02 -1.57192498e-02 -7.50039667e-02  8.73667747e-02
 -3.82829383e-02  6.30119368e-02  4.42960523e-02  6.79310113e-02
 -8.84791911e-02  7.02908263e-02  8.28253776e-02  7.18147680e-02
 -2.78101396e-02 -3.83994542e-02  1.36657106e-02 -7.65324458e-02
  6.29507601e-02 -1.46455467e-02  4.68636341e-02 -4.03685756e-02
  2.29417253e-02 -6.26891106e-03  8.83148983e-02  3.93253863e-02]"
Ulises,"[ 0.02428373  0.00345272  0.06333069  0.04639842  0.02083591  0.07409149
 -0.04558875 -0.00304565 -0.02676668 -0.02202907  0.02864383  0.04196706
 -0.00319513  0.06951902 -0.02568021  0.01537666  0.04075571  0.04936415
 -0.04285644  0.03322018  0.01443787 -0.03301889  0.04719001 -0.07122647
  0.04189816 -0.01813025  0.01044273  0.02904011  0.01637326 -0.01960585
 -0.0110717  -0.04363583 -0.08344226  0.04841729 -0.01320509  0.09007688
 -0.00635262 -0.04095023 -0.07718301  0.03956014  0.00904375 -0.00321963
  0.02454051 -0.04613142  0.003045   -0.01269554  0.06240749  0.03014699
  0.00888988 -0.01875258  0.07543232 -0.05489196  0.1012193   0.07210903
  0.03250485 -0.04519309 -0.0845903   0.10454041 -0.00504806 -0.02054385
  0.04561706 -0.08531672 -0.0011095   0.0666237  -0.01733915 -0.00319947
  0.01302677  0.0535549   0.05314618 -0.00332876 -0.0407062   0.01499372
  0.00743226 -0.04185396  0.0216525  -0.07840422  0.0078557   0.02491689
  0.04845771 -0.01430507 -0.00188281 -0.02344773  0.03114868 -0.05179699
 -0.0272695   0.10473058  0.01377035 -0.03542639  0.0252093   0.1051112
  0.03427656  0.0610025  -0.06113587 -0.03832446 -0.00854235  0.03479949
  0.11948971  0.06622981  0.02235925 -0.0082062   0.01074123  0.00400361
  0.00780525 -0.02575223  0.0412112  -0.00434466  0.0541076  -0.00394109
 -0.01697538  0.0131052   0.02339044 -0.00303564  0.10756173  0.00176302
  0.01224705 -0.00459953  0.00902456 -0.06256479 -0.03912699 -0.02542439
  0.02241475  0.06527583 -0.03217891 -0.01988107  0.03216877 -0.05786695
 -0.00271136  0.03741774 -0.01214366 -0.00998242  0.01866961  0.07035618
 -0.0289257   0.00450248  0.02358966  0.0072711   0.00829781  0.02684991
  0.01578775  0.03930178  0.05911912 -0.05035253  0.01222765  0.02040694
 -0.04819153  0.00247745  0.03033877  0.02598947  0.00940177  0.00094852
  0.03613277 -0.01685227 -0.07593215  0.03315691  0.01223065  0.00099863
  0.03052666 -0.00914569 -0.05585038  0.04082102 -0.01002128  0.01593207
  0.04279108 -0.00284953 -0.00311476  0.03810661 -0.06047377 -0.06895056
 -0.0431427   0.00359892 -0.03156983 -0.03880755  0.02479469  0.03614553
  0.08120094 -0.00941906 -0.04288436  0.00202464 -0.06970106  0.04836486
 -0.06323341  0.05613369 -0.05565647 -0.01517335 -0.01545211  0.0129175
  0.0238321  -0.00420181  0.05047445  0.04648441 -0.00359081  0.05567393
 -0.03612652 -0.02082229 -0.03736368  0.06191052 -0.07781561  0.00490746
  0.00890102 -0.08072093  0.01664915 -0.04939621 -0.03141034  0.04548503
  0.043467   -0.0619236  -0.0153972   0.070811   -0.01282916 -0.04537255
 -0.10730869 -0.04334903  0.11489195 -0.02510754 -0.01550134  0.01556882
  0.00986063  0.07931947 -0.03165881  0.01979604 -0.05619705 -0.03045184
  0.03494314 -0.03454935  0.03663765  0.12803322 -0.04583521  0.02700415
  0.03235981 -0.03756135  0.07082458  0.04706227 -0.01455863  0.02302305
  0.07856026 -0.05663234 -0.0478283  -0.07846991  0.04771997  0.04542894
 -0.10685298  0.00454983  0.01538266  0.03825577  0.07190876 -0.0064477
  0.00614106 -0.07208606  0.02520328  0.00079319 -0.00073343  0.00663152
  0.01706203 -0.06699643  0.03347024 -0.01064689 -0.01834522 -0.01647073
 -0.04065598  0.02438317 -0.01229694  0.01529647  0.03096138 -0.00724298
 -0.01254469 -0.05422793 -0.00695493 -0.00323827  0.01754422  0.02967441
 -0.04481519  0.05503987  0.00103643 -0.02925914 -0.02165558 -0.02887308
  0.02798885 -0.0263085   0.02778451 -0.0052455  -0.0324145   0.0204072
 -0.0095186   0.06134943 -0.01511985 -0.02549713 -0.02400273  0.04095592
 -0.01621109  0.01175172  0.0331182   0.01719664  0.02779111 -0.00752846
  0.03337533  0.04635811 -0.03395314  0.06921273 -0.06020406 -0.05968007
  0.03738983  0.03801889 -0.0303633   0.08595169  0.08727255 -0.01945168
 -0.02614806  0.00552904 -0.00098424  0.03152674 -0.02102386  0.03075423
 -0.03419788  0.04461016  0.11839747  0.00460311 -0.00721439 -0.0101076
 -0.01854501  0.06260898  0.05676569  0.02935436 -0.02535271  0.02974099
 -0.01328353  0.03935124 -0.05636805  0.03231486 -0.00413628  0.02910015
 -0.01408478  0.01945604  0.01494226 -0.08752336  0.05138979  0.00860867
  0.09168502  0.07554994 -0.021786   -0.00608242 -0.00600094 -0.01565493
 -0.00677075 -0.00242667  0.0318869   0.07952772 -0.00235927  0.00770926
  0.04060312 -0.12089418  0.02477458 -0.03859946  0.04850993 -0.04020735
  0.0290531  -0.02909526  0.01555303  0.02398672 -0.04828739  0.02962755
  0.06300403 -0.04884739 -0.02738037 -0.02401248  0.01292119 -0.08260658
 -0.03068881 -0.04570718  0.00652197 -0.03397435 -0.05460348 -0.0122044
  0.00764765  0.03438246 -0.01379487  0.06578981 -0.02511443  0.05751032
 -0.01021924  0.06637856 -0.03562342  0.02426913 -0.01151621 -0.03312092
  0.05746214 -0.05746746 -0.06972225  0.04539667 -0.02303699  0.04971906
 -0.04450164  0.07057333  0.02063965  0.10187906 -0.10313664 -0.00691834
 -0.01930499  0.02862306  0.06570666  0.04179621 -0.03162944  0.00457683
  0.03440951 -0.08217813  0.02213021 -0.00602903  0.00542873  0.00528832
  0.05500716  0.03870742  0.04821056 -0.01379376 -0.01312237  0.01181305
 -0.03469438 -0.06512604 -0.02238829 -0.01087492  0.05207086 -0.09676818
  0.06335042  0.0020791   0.00249086 -0.0054178   0.00827761  0.03460054
 -0.00150396 -0.04952541  0.00609175 -0.07397716  0.01033909  0.0375995
  0.07014851 -0.02631057  0.06849553  0.01764222 -0.02089691 -0.03482351
 -0.05666796 -0.03674229  0.03370957  0.00601773  0.03710433  0.0639471
 -0.06602444  0.03551586 -0.04231133  0.02184056  0.1171182  -0.04719726
  0.02065036 -0.06916735 -0.01127406 -0.00075153  0.08067223  0.04182485
  0.01383918 -0.03300161  0.03615899 -0.08105806 -0.00332701  0.00826847
  0.02711803  0.04398702 -0.01768135 -0.03208109  0.05751991 -0.00529974
 -0.02778956  0.08760588 -0.03403854 -0.06433503 -0.02421586  0.04350236
 -0.01682797  0.02035347  0.04419815 -0.02837963 -0.0248673  -0.00538902
  0.00512271  0.07102509 -0.00842828 -0.04099238 -0.04767829  0.00086728
  0.08559936  0.0505229   0.02218982 -0.0140243  -0.06427282  0.05582285
 -0.04661673  0.09423411  0.00378106  0.04761898 -0.03466054  0.09590193
  0.07605994  0.08658405  0.00819717 -0.01225565  0.01701435 -0.0988116
  0.03963063 -0.01543009  0.03750904 -0.04609469 -0.00534677 -0.02847662
  0.04607795  0.08201818]"
Ulises,"[ 2.75021549e-02  3.54748741e-02  6.68968260e-02  3.24159525e-02
  1.67734250e-02  2.20622797e-03 -2.69351043e-02 -3.86487357e-02
 -2.10637785e-02 -1.88937411e-02  2.82849353e-02  2.24300977e-02
 -1.80550944e-02  5.77139892e-02 -2.97247665e-04  2.81045623e-02
  3.44138071e-02  2.06051972e-02 -2.35217176e-02  5.63586615e-02
  3.00153941e-02 -6.54831976e-02 -4.88026720e-03 -3.79628576e-02
  6.42823428e-02 -4.93573621e-02  4.07678774e-03  3.16644646e-02
  1.78974830e-02 -1.94857586e-02 -3.77017036e-02 -5.20394854e-02
 -6.95905089e-02  3.53828967e-02 -1.32502778e-03  5.39386831e-02
 -1.13218473e-02 -3.93741392e-02 -3.91177423e-02 -4.46614297e-03
 -9.62167326e-03 -5.61424438e-03 -2.39032065e-03 -6.69524595e-02
 -2.64737625e-02  1.73335616e-02  3.65195796e-02 -2.09218618e-02
  7.66698942e-02  1.44204078e-02  9.28386673e-02 -7.40407556e-02
  3.47488038e-02  3.43430191e-02  1.77034177e-02 -8.18651989e-02
 -8.89517367e-02  1.01449922e-01 -2.29530111e-02  2.11906936e-02
  1.51198963e-03 -6.75949976e-02  6.72389893e-03  8.37243348e-02
 -9.75373667e-03 -1.25175985e-02  1.31342122e-02  4.55654301e-02
  4.63624895e-02 -1.05170971e-02 -3.55254114e-02  3.17324214e-02
  2.32303776e-02 -1.25320004e-02  6.05573645e-03 -7.60900900e-02
  1.64181981e-02  3.03730220e-02  7.84492642e-02  5.59003763e-02
 -2.12412933e-03 -4.88826968e-02  2.50906013e-02 -2.85820700e-02
  2.23199409e-02  5.71393557e-02  3.16927284e-02 -1.48702203e-03
  3.51812467e-02  1.40867203e-01  1.43266832e-02  7.55195767e-02
 -5.35934269e-02 -1.29419947e-02 -2.30536088e-02  2.49086064e-03
  1.17297843e-01  8.41310397e-02  2.37846486e-02 -1.89811420e-02
 -1.27940234e-02  2.05139890e-02 -8.55176337e-03 -1.36988005e-03
  5.23153022e-02 -3.25600803e-02  7.07444996e-02  4.04102467e-02
  3.31931151e-02  2.99826637e-02  2.08086781e-02 -5.97222038e-02
  1.13581635e-01  2.18095928e-02 -3.03837918e-02 -2.80264467e-02
  2.08263118e-02 -7.37114698e-02 -2.73977779e-02  7.93423329e-04
  3.95797454e-02  6.74300045e-02 -5.12974374e-02 -9.37082153e-03
  5.83659038e-02 -3.05255279e-02  2.73330789e-02  1.42971752e-02
 -3.69568281e-02  2.35443320e-02  3.50028416e-03  8.24863464e-02
 -1.10165533e-02  7.40536861e-03  3.68709192e-02  5.91997989e-03
  2.21120249e-02  6.38080910e-02 -2.50403956e-02  4.11056392e-02
  8.48545432e-02 -4.64389510e-02  3.46690556e-03  1.13461055e-02
 -4.75324281e-02 -4.45464719e-03 -2.25838274e-02  2.15863734e-02
  3.99597436e-02 -1.83699690e-02  2.73505859e-02  7.55210966e-03
 -2.79143509e-02  3.50391194e-02 -1.56953987e-02 -1.14102503e-02
  4.70170677e-02 -1.33334929e-02 -9.30655822e-02  7.97092095e-02
  5.85257600e-04 -1.62395295e-02  5.71715124e-02 -3.61180142e-03
 -2.84368042e-02 -1.48285017e-03 -1.54392961e-02 -3.20802182e-02
 -3.19281705e-02  1.23218328e-04 -2.86779739e-02 -2.63793878e-02
  6.43420918e-03 -5.03863906e-03  3.52248400e-02 -2.23423652e-02
 -1.96507592e-02 -1.90294515e-02 -1.70495249e-02  3.09409257e-02
 -3.52126732e-02  3.51297706e-02 -5.36687411e-02  1.42148053e-02
 -3.84787694e-02  1.68401152e-02 -6.34769967e-04 -1.58105977e-02
 -1.45109398e-02  9.38802212e-02 -3.68304960e-02  4.27372567e-02
 -4.25427854e-02 -1.95444599e-02 -1.29342340e-02  6.62450865e-02
 -7.96362534e-02 -4.90363361e-03  2.65791044e-02 -6.77763894e-02
  1.64069273e-02 -4.30865772e-02 -4.88405973e-02  7.88551494e-02
  5.38568608e-02 -5.54508418e-02 -3.18352319e-02  8.42577368e-02
 -2.82153487e-02 -1.83932856e-02 -1.04054302e-01 -5.24808690e-02
  8.69459063e-02 -5.50820939e-02 -1.78770795e-02  5.69151388e-03
  9.71032205e-05  9.81725380e-02 -7.17236148e-03  4.88681383e-02
 -3.85116152e-02  1.81724839e-02  1.46058276e-02 -3.91167551e-02
  3.63602452e-02  1.26541436e-01 -3.08002401e-02  6.12663440e-02
  2.71669775e-03  3.36056342e-04  5.96896149e-02 -2.28980016e-02
 -3.50322388e-02  7.38256751e-03  7.10374936e-02 -5.13518155e-02
 -5.69167919e-02 -4.85896207e-02  2.97303814e-02  4.37795296e-02
 -5.87774664e-02  7.42049795e-03  2.06152797e-02  3.86205800e-02
  8.61209631e-02  7.39973923e-03 -1.71292908e-02 -2.71432437e-02
  6.72378093e-02 -3.49257626e-02 -9.32154153e-03  5.30081149e-03
  1.23658264e-02 -6.35290965e-02 -5.68562839e-03  1.14151724e-02
 -1.00771086e-02  7.76018295e-03 -2.84063779e-02  6.71765767e-03
 -4.57592383e-02  3.90309170e-02  7.49730598e-03 -1.18938340e-02
  7.11256117e-02 -3.74302454e-02 -3.12819816e-02  3.07377037e-02
  5.51301092e-02  5.00964671e-02 -6.03499375e-02  4.76526842e-03
  2.27721445e-02  8.85096844e-03 -3.30698118e-02 -1.71607863e-02
 -5.79616462e-04 -3.38483751e-02  3.31602595e-03 -1.33248894e-02
 -7.26361200e-02  4.33111303e-02 -5.47596300e-03  7.06241801e-02
  7.71475025e-03 -4.93648611e-02 -4.77038287e-02  4.57834639e-02
 -9.34306998e-03  8.39402247e-03 -3.15644336e-03 -1.51888784e-02
  3.46225649e-02 -5.06752022e-02  3.67646702e-02  2.12616175e-02
 -4.28638142e-03  6.82070181e-02 -6.45228177e-02 -5.65213226e-02
  2.04903670e-02  1.70361527e-04 -3.29142883e-02  7.18174651e-02
  5.54977320e-02  1.26384699e-03 -1.49494531e-02 -2.77317856e-02
  2.89281979e-02 -1.67114958e-02 -1.04460232e-02  6.15641773e-02
 -2.93688774e-02  1.21692093e-02  1.10936679e-01 -5.03235534e-02
 -1.83372125e-02 -1.18288156e-02 -3.72150093e-02  3.43747623e-02
  3.16056535e-02  3.13751325e-02 -2.42795087e-02  2.25945897e-02
  1.08006578e-02  9.18662641e-03 -6.02329448e-02  4.12913337e-02
 -1.07370559e-02  2.98330165e-03 -2.30455305e-02  3.82600427e-02
  8.52752570e-03 -7.34003261e-02  4.94655296e-02 -7.97648355e-03
  5.28231710e-02  3.26787308e-02 -3.86441909e-02  1.39544560e-02
  2.02555377e-02  2.41289474e-02 -4.08594832e-02 -2.95773949e-02
  4.07878086e-02  8.90703499e-02 -3.32663697e-03  2.19779974e-03
  2.87785754e-02 -9.78981778e-02  4.16779704e-02 -4.12054993e-02
  3.89380641e-02 -3.55826109e-03  1.15993954e-02 -2.11211909e-02
 -1.53338676e-02  7.28634894e-02 -1.73378903e-02  5.73226670e-03
  4.11372408e-02 -3.07194330e-02 -1.12133706e-02 -3.84536833e-02
 -2.81340512e-03 -1.21473931e-01 -3.72124612e-02 -9.84571204e-02
 -3.29300947e-02 -1.54274357e-02 -6.36772886e-02 -3.10079027e-02
 -2.22309423e-03  4.24361080e-02  3.96135040e-02  4.36873101e-02
 -1.33686429e-02  6.68928549e-02 -7.06827864e-02  1.26637712e-01
 -1.96090080e-02  3.55339758e-02 -4.33260202e-02  1.16981147e-02
  6.63076565e-02 -5.27013615e-02 -8.67573544e-02  1.09552599e-01
  3.25816451e-03  8.00164789e-02 -7.73888081e-02  4.88480479e-02
  2.08203099e-03  7.70089328e-02 -6.40396103e-02 -2.47206315e-02
 -1.97030250e-02 -2.12895237e-02  2.64310949e-02  4.13818397e-02
 -1.67525634e-02 -2.07270924e-02  2.92154159e-02 -1.12202600e-01
  4.30305395e-03 -2.01914199e-02  3.74425463e-02 -3.31563619e-03
  2.36019343e-02  1.84504129e-02  3.12480293e-02 -1.61925498e-02
 -1.88414082e-02  3.76513042e-02 -3.47027518e-02 -6.12823479e-02
 -2.81948484e-02  5.30189425e-02 -6.91616163e-03 -6.02323785e-02
  4.75077406e-02 -4.22335649e-03 -1.36600984e-02  4.84851189e-03
  3.76746431e-02  5.29731475e-02 -2.82223523e-02 -5.37861362e-02
  3.00504128e-03 -6.05482757e-02  2.23612562e-02  2.65332242e-03
  7.46699274e-02 -1.03614191e-02  4.63489704e-02  3.34299579e-02
 -4.95046340e-02 -3.09567135e-02 -5.24009056e-02 -4.69554700e-02
  5.47000393e-02  2.01021619e-02  7.31248260e-02  4.73790281e-02
 -7.50773847e-02  4.62877713e-02  1.31728007e-02  3.20184380e-02
  1.05477482e-01 -1.87948141e-02  3.10523659e-02 -9.18958634e-02
  3.43893021e-02  1.21673578e-02  5.84987327e-02  2.84437109e-02
  4.61283363e-02 -2.64408868e-02  3.47123332e-02 -7.36595541e-02
  1.54817093e-03 -3.51315252e-02  1.19940545e-02 -1.44945458e-02
 -2.18987348e-03 -5.29789180e-03  4.23702002e-02 -2.91301943e-02
  1.18435570e-03  5.60310110e-02 -2.45243385e-02 -6.11085258e-02
 -1.77517645e-02 -5.62130939e-03 -1.02936593e-03  2.42518578e-02
  3.55554931e-02 -2.45942324e-02 -1.17637515e-02  1.29234875e-02
 -2.74592871e-03  8.57293382e-02 -4.41719545e-03 -2.67283507e-02
 -3.41921784e-02 -3.09176557e-02  9.26191360e-02  3.27574424e-02
  3.96891050e-02 -5.16285538e-04 -7.48590752e-02  6.54279366e-02
 -6.33996055e-02  9.76532027e-02  1.12124672e-02  4.93024550e-02
 -5.37216142e-02  1.01336956e-01  4.76761013e-02  4.85816151e-02
  1.44780064e-02 -1.50450261e-03  2.96552945e-03 -7.73307309e-02
  5.34840636e-02 -3.27499248e-02  7.42708053e-03 -3.77800725e-02
  1.56853246e-04 -2.64332891e-02  7.33190477e-02  6.27885759e-02]"
Ulises,"[ 1.56008592e-02 -9.40986618e-04  4.04524393e-02  2.35107495e-03
  2.01194603e-02  3.18374671e-02 -6.69246260e-03 -1.41681461e-02
  1.99628547e-02 -2.62024235e-02  3.56901321e-03  4.24517132e-02
 -1.46904890e-03  6.18748739e-02 -4.07921970e-02  3.32398936e-02
  5.47115356e-02  6.70069503e-03 -3.79530080e-02  1.72694325e-02
 -1.31088309e-02 -7.13536218e-02  2.93244738e-02 -5.31817563e-02
  4.77674007e-02  1.21077755e-03  4.34568664e-03 -2.13108328e-03
  2.84110364e-02 -6.64487248e-03 -4.12569344e-02 -1.06735788e-02
 -3.56431864e-02  2.47549638e-02  2.39416435e-02  7.29981661e-02
  1.41077898e-02 -5.36458045e-02 -7.20770136e-02  2.40324344e-02
  4.75699967e-03 -3.60858366e-02 -4.74221669e-02 -8.22286457e-02
 -4.64646518e-02 -7.20540211e-02  2.74065137e-02  1.81961693e-02
  4.96679880e-02  2.02500098e-03  3.32556888e-02 -6.34443313e-02
  3.34442705e-02  5.36267050e-02 -2.01378670e-02 -5.94400316e-02
 -1.16630733e-01  1.13889404e-01 -1.66182723e-02  1.06897205e-03
  3.56608406e-02 -4.43989113e-02 -1.48908282e-02  8.77259001e-02
 -8.83152708e-04 -1.29493941e-02  6.02533109e-02  4.12588120e-02
  7.32841864e-02 -1.69504527e-02 -2.37481352e-02 -3.91006144e-03
  1.55009888e-02  2.87514040e-03 -2.69889738e-02 -3.30101550e-02
  4.66410741e-02  2.56092586e-02  5.38722016e-02  4.15494442e-02
 -9.21793468e-03 -4.46313173e-02  5.62948287e-02 -2.44214311e-02
  5.30343838e-02  4.29838561e-02  5.02669960e-02  6.09746296e-03
  3.45878564e-02  7.64582753e-02  4.17462736e-02  2.50600837e-02
 -3.20413597e-02 -1.74144972e-02  1.00020887e-02  3.62171344e-02
  1.04266837e-01  2.77028698e-02 -1.83918588e-02  1.15360497e-02
  9.07450449e-03 -2.23177336e-02 -1.91709085e-03 -1.27476221e-03
  2.93460358e-02  6.75332127e-03  9.77433324e-02  3.42674926e-02
  5.68544976e-02 -2.36629918e-02  3.58764902e-02 -4.29162644e-02
  7.01512918e-02 -1.66387782e-02 -6.18998148e-02 -3.43145952e-02
  1.51746189e-02 -7.17091188e-02  3.69202159e-02  3.58524844e-02
  5.20818792e-02  2.19512098e-02 -7.24844560e-02 -7.90551584e-03
 -5.56637626e-03 -5.56069016e-02 -5.55215823e-03  2.12783571e-02
 -7.04820752e-02 -2.80929403e-03 -8.55876133e-03  4.92417552e-02
 -2.74979509e-02 -1.75103191e-02 -6.05218858e-03 -3.38731380e-03
  2.39469577e-02  2.66883196e-03  2.29338445e-02  2.37371009e-02
  5.49450554e-02 -1.88867077e-02 -1.38288187e-02  4.80964184e-02
 -5.36044389e-02 -5.72976470e-03 -2.73805745e-02  1.51286386e-02
  1.30431689e-02 -1.86441336e-02  3.10084447e-02  7.35979993e-03
 -1.17124300e-02  4.77957763e-02  7.80857122e-03  1.75653920e-02
  4.50705327e-02  2.20696237e-02 -3.83287109e-02  4.59256247e-02
 -1.41994492e-03  1.63142923e-02  3.65358889e-02 -4.86750808e-03
  3.08262389e-02  2.71576289e-02  6.34104013e-03 -3.03417966e-02
 -1.41819641e-02  3.02643813e-02 -9.84803680e-03 -4.32373881e-02
 -4.09043245e-02 -1.27173755e-02  4.77648787e-02 -3.12877037e-02
 -6.97576553e-02 -3.84885855e-02 -4.60433848e-02  2.41154507e-02
 -4.18611057e-02  5.38479425e-02 -7.85378292e-02  3.92573588e-02
 -1.86563041e-02  3.15597211e-03 -3.94961983e-02 -2.44577657e-02
 -2.34181508e-02  5.33691235e-02 -3.16635668e-02  2.76741982e-02
 -8.60429928e-02 -5.66071793e-02 -1.56559646e-02  5.30985519e-02
 -3.94766182e-02  4.50447127e-02  3.26147191e-02 -1.59259532e-02
  1.81934852e-02 -3.64940800e-02 -5.16136065e-02  7.40927011e-02
  4.43676636e-02 -6.45276457e-02 -2.81637479e-02  3.92155945e-02
 -3.29693146e-02 -1.68654211e-02 -9.37447175e-02 -9.87272188e-02
  8.80712643e-02 -2.86605041e-02 -8.80867057e-03  5.27324341e-03
  5.06507989e-04  1.20981976e-01 -5.10651618e-03  5.83251640e-02
 -2.70112846e-02 -1.40510909e-02  1.09702069e-02 -7.45709017e-02
 -7.48384371e-03  1.07291587e-01 -4.49345373e-02 -1.83200731e-03
 -1.53700467e-02 -4.27685529e-02  7.69225210e-02  2.07826402e-02
 -4.30860519e-02 -1.13760168e-02  7.69481808e-02 -1.51085155e-02
  6.82156486e-03 -8.77403021e-02 -1.55644687e-02  1.75429806e-02
 -3.00668497e-02  1.47276197e-03  2.73325406e-02  3.94731574e-02
  9.91096720e-02  3.90435592e-03  2.75774263e-02 -5.84746003e-02
  2.35599987e-02 -4.97340448e-02  1.03934491e-02 -1.33300005e-02
  4.14954536e-02 -2.50116941e-02 -3.35830934e-02 -3.36550474e-02
  8.77294689e-03 -3.88310477e-02 -3.72195132e-02  3.08708958e-02
  1.66216735e-02  6.31374046e-02  3.74571756e-02 -5.12973145e-02
  2.11860873e-02 -1.91211700e-02 -8.70178640e-03  2.06453595e-02
  1.00870151e-03 -1.06434640e-03 -3.14071439e-02  3.86103131e-02
 -3.39582958e-03 -3.87313333e-03 -2.48753894e-02 -3.88502367e-02
 -1.70670357e-02 -5.40800951e-02 -1.68039855e-02 -4.03424241e-02
 -3.05923577e-02  3.51687558e-02 -1.67793296e-02  1.15969688e-01
 -3.08615211e-02 -9.99773219e-02 -2.05924697e-02  7.43078664e-02
 -6.73913397e-04 -3.52454223e-02 -3.71418521e-02 -3.31831984e-02
  3.12003344e-02 -6.90706670e-02  2.64793541e-02  1.91124622e-02
 -4.06688498e-03  8.20913613e-02 -5.24063259e-02  9.06341057e-03
  4.29838262e-02 -3.69798094e-02 -2.59797573e-02  1.11408137e-01
  1.36228260e-02 -2.64503136e-02 -6.22553416e-02 -2.28313431e-02
  1.94627699e-02  9.77483392e-03 -2.44994089e-02  3.95419933e-02
 -2.72556599e-02 -4.11451422e-02  6.43060133e-02  1.88663825e-02
  1.34226121e-02  4.50341068e-02 -3.68325189e-02 -2.09650602e-02
  5.39366379e-02  3.81864607e-02 -1.62665322e-02  2.85388017e-03
 -5.56854792e-02  2.70318314e-02 -7.02835396e-02  5.30998074e-02
  1.34599647e-02  1.43418132e-04  4.58886772e-02  5.59883267e-02
  3.29479761e-02 -3.96610685e-02  5.70460334e-02  1.11076208e-02
  3.61467786e-02  4.94861677e-02 -1.83422863e-02 -1.40863555e-02
  4.21784110e-02  1.61569044e-02 -4.86472808e-02 -8.01416337e-02
  4.95055169e-02  4.01864499e-02 -1.96606424e-02 -1.51042407e-02
  1.96088944e-02 -1.54551700e-01  4.32675751e-03 -6.25008717e-02
  3.50783765e-02 -1.82037037e-02  1.02513060e-02 -1.85039267e-02
  4.63606566e-02  3.12604755e-02 -5.46859670e-03  7.65603408e-02
 -2.41754390e-02  1.46589782e-02 -1.65579282e-02 -7.58705521e-03
 -5.44717023e-03 -8.19433704e-02  1.61765236e-02 -6.24641702e-02
  2.14114953e-02  2.45917942e-02 -3.71540859e-02  3.12560685e-02
  1.86087564e-03  7.05285743e-02 -9.01409797e-03  1.20811937e-02
 -7.38606695e-03  8.89166743e-02 -2.33327243e-02  5.75930737e-02
 -2.78540868e-02  5.05061187e-02 -3.33195180e-02 -1.20526990e-02
  1.04875512e-01 -3.39905098e-02 -8.82356539e-02  9.65152606e-02
 -1.06453570e-02  8.26297253e-02 -6.33226037e-02  8.43193159e-02
  2.61690561e-03  4.49223854e-02 -9.02367458e-02 -3.54925953e-02
  2.89519574e-03 -2.98028197e-02  5.39231375e-02  9.60973650e-03
 -7.77355256e-03  1.07175892e-03 -6.03395654e-03 -5.58156222e-02
 -1.34801529e-02 -3.27877104e-02  3.87514941e-02 -5.35862893e-02
  1.85966752e-02  2.66163581e-04  5.10702729e-02 -7.77937025e-02
 -1.32444389e-02 -8.39892961e-03 -4.44564819e-02 -4.33710255e-02
  4.92891110e-03 -2.39753257e-03 -1.13057578e-02 -5.56750335e-02
  9.97356847e-02  2.32591163e-02  4.12300453e-02  4.41429913e-02
  3.68104763e-02  4.71315794e-02 -4.21093851e-02 -3.48744588e-03
 -4.09021638e-02 -7.22512305e-02  4.78330180e-02 -1.39539118e-03
  2.33895294e-02  1.28215626e-02  4.20628153e-02 -1.52713545e-02
 -2.51213275e-02 -1.39640728e-02 -4.20073569e-02 -3.26898918e-02
  2.34010313e-02 -1.80768166e-02  6.51263371e-02  1.01427563e-01
 -6.92623928e-02  3.12677808e-02 -1.79893244e-02  3.91003750e-02
  9.32444930e-02  1.35255503e-02  4.28975783e-02 -7.82161132e-02
  1.58034340e-02 -2.59420723e-02  1.11420147e-01  3.14910300e-02
 -2.38541439e-02 -2.26442814e-02  2.40625497e-02 -3.84008884e-02
  3.94423865e-02  5.56372898e-03 -1.01467571e-03 -2.08509956e-02
  2.17918847e-02 -3.07791959e-02  8.43060091e-02 -2.23540254e-02
  3.49041517e-03  3.74032813e-03 -2.87957117e-02 -7.15239719e-02
 -1.59280468e-02  4.23472039e-02  3.64949554e-02  6.70718774e-02
  1.25633860e-02 -5.98171651e-02 -1.85534102e-03 -5.93173550e-03
  4.99875583e-02  1.03293300e-01 -2.65103765e-03 -3.86672355e-02
 -4.14643064e-02 -2.89650797e-03  6.88440278e-02  2.06362847e-02
  5.58202155e-03  7.19615491e-03 -1.79673322e-02  1.21499963e-01
 -4.93040495e-02  7.05715492e-02  6.30649254e-02  2.80417074e-02
 -8.61340538e-02  7.67154321e-02  5.10956608e-02  1.61909964e-02
 -6.12426735e-03  3.16392891e-02 -6.39707316e-03 -6.98775575e-02
  1.07082814e-01 -5.63687980e-02 -3.16593498e-02 -4.28758375e-02
 -1.78754907e-02 -7.06096739e-03  5.75463176e-02  9.62044448e-02]"
Ulises,"[ 5.74116176e-03  3.11421473e-02  2.84409747e-02  8.82164016e-02
 -2.37759575e-03  3.09155323e-02 -1.18616000e-02 -4.26168740e-02
 -1.07868910e-02 -1.68227814e-02  1.97359044e-02  3.37960199e-02
 -1.99337341e-02  2.24805903e-02 -3.90129946e-02  9.61448345e-03
 -1.29206199e-02  3.32047082e-02 -3.31777185e-02  4.33808751e-02
 -2.13115197e-02 -7.37955496e-02 -3.33434902e-02 -6.29647821e-02
  1.08541921e-02 -2.85359868e-03  2.07728557e-02  2.86516976e-02
 -8.34764820e-03 -1.70897022e-02  4.42735925e-02  4.68047010e-03
 -3.13151553e-02  2.62025539e-02 -2.53377259e-02  3.50329354e-02
  3.63230929e-02 -3.90312038e-02 -6.78607896e-02  2.76242732e-03
 -1.22929765e-02 -1.96090341e-02  8.85148533e-03 -9.09360871e-02
 -3.43472464e-03 -4.97736335e-02  3.79076190e-02  4.01441902e-02
  6.93287626e-02 -2.72361860e-02  6.17601983e-02 -2.09739767e-02
  6.19159825e-02  1.11177117e-02 -8.07184726e-03 -5.99898361e-02
 -9.39606205e-02  1.29364684e-01 -1.65501721e-02  4.32948247e-02
  1.93412649e-03 -2.54305322e-02  3.07197925e-02  5.70219010e-02
 -3.48906778e-02  1.19350636e-02  2.48199962e-02  4.49784361e-02
  2.21376084e-02 -1.96462665e-02 -1.80233028e-02  3.13253738e-02
  1.14574712e-02  2.26141475e-02 -1.24073140e-02 -9.55493301e-02
 -1.28788697e-02 -4.00887482e-04  4.85355482e-02  1.72007550e-02
 -9.41571221e-03 -1.69575885e-02  5.15337884e-02  5.11685757e-05
  1.09161681e-03  2.86177918e-02  5.01573123e-02 -9.60485078e-03
  3.03402059e-02  9.13534537e-02  3.10118590e-02  7.55092725e-02
 -4.06750366e-02 -2.99699772e-02  3.89689133e-02  7.19396025e-02
  1.36831999e-01  4.26864214e-02 -6.09150762e-03  2.12601777e-02
  1.48619153e-02 -8.36620945e-03 -1.45636797e-02 -1.36471670e-02
  2.26735007e-02 -2.26348843e-02  6.23772480e-02  3.13206911e-02
  4.34569605e-02  1.76715832e-02  1.07661068e-01 -3.27327265e-03
  4.20909375e-02  2.16437243e-02 -1.81763351e-03  1.03597587e-03
  4.03334834e-02 -8.00107494e-02 -4.33513243e-03  4.27897014e-02
  2.49519222e-03  5.48850186e-02 -1.46837160e-02 -8.30691028e-03
 -1.73462164e-02 -6.19680583e-02  4.22067381e-03  9.89246741e-03
 -4.97171879e-02 -7.95383193e-03  1.71641111e-02  4.89709601e-02
  4.45581637e-02 -1.57695711e-02 -1.56900901e-02  1.54623715e-02
 -2.50564376e-03  2.86928192e-02  9.58474819e-03  6.68493435e-02
  7.44246319e-02 -4.20775525e-02 -1.96739063e-02  4.86983955e-02
 -1.48182437e-02 -1.58764049e-02 -3.95569205e-02  3.27748694e-02
  4.65011448e-02  2.29732203e-03  4.89519127e-02  6.14162572e-02
 -1.45916175e-02  1.16697187e-02  4.90899663e-03  1.67574491e-02
  5.53189628e-02 -1.53837344e-02 -7.40812942e-02  4.70094942e-02
  2.95153111e-02  3.09471395e-02  8.18957165e-02 -1.35692069e-02
 -3.41438204e-02  6.04644557e-03 -4.98680435e-02 -1.97109077e-02
 -2.82477774e-02  4.05418165e-02 -1.83044057e-02  1.02256294e-02
  5.36487112e-03  9.00668616e-04  3.53571400e-02 -2.33112667e-02
 -3.84366922e-02 -3.41814123e-02 -1.06400810e-03  3.03453696e-03
 -9.38701630e-02  6.43985048e-02 -4.38397564e-02  2.45927623e-03
 -3.72513756e-02  3.58556323e-02  1.51012954e-03  1.41517073e-02
  2.39350721e-02  8.92681777e-02 -3.23158614e-02  1.42393662e-02
 -3.50716934e-02 -3.27413492e-02 -1.80614404e-02  5.21864966e-02
 -2.36241706e-02  1.78903956e-02  3.82878408e-02 -5.32291010e-02
 -5.97597472e-03 -6.92949593e-02 -7.95820206e-02  7.85715804e-02
  8.91545936e-02 -7.48839378e-02 -1.86692420e-02  6.50531054e-02
 -7.35207275e-02 -2.32146271e-02 -1.16469406e-01 -6.62523508e-02
  1.15368985e-01 -1.41859455e-02  1.93453468e-02  4.76584621e-02
 -6.55961782e-03  1.36381179e-01  1.26212947e-02  1.92838870e-02
 -4.14336249e-02 -3.06872688e-02 -1.68073326e-02 -5.78369759e-02
  2.24841349e-02  1.07003607e-01  1.62930246e-02  3.32585536e-02
 -1.83445401e-02  1.36903571e-02  1.23192325e-01  1.86275467e-02
 -2.88316254e-02 -1.63503252e-02  1.88515931e-02 -2.33448111e-02
 -5.56221753e-02  7.74239609e-03  1.56310536e-02 -5.29678166e-02
 -5.50424047e-02  2.25697551e-02  3.57926041e-02  1.89991500e-02
  1.01137586e-01 -1.27055366e-02  5.86911142e-02 -1.15370108e-02
  3.06110792e-02 -1.94573011e-02 -6.89788610e-02 -6.96245953e-02
  6.70790300e-02  1.50660146e-02 -1.54125679e-03  1.23979570e-02
 -1.32875992e-02 -1.46788443e-02  4.73166928e-02  5.83937801e-02
 -1.44998275e-03  5.44568412e-02  2.76047587e-02 -5.13290055e-02
  6.36304468e-02 -6.44505918e-02 -3.75528447e-02  5.95295653e-02
  7.03427941e-02  5.42866578e-03 -2.89691128e-02  1.15324315e-02
  3.68461385e-03  2.99490485e-02  4.41945530e-03 -3.98459360e-02
  9.14093480e-03 -2.90401652e-03  8.01472634e-05  1.53140165e-02
 -7.66711533e-02  3.52289602e-02 -1.17995478e-02  5.63014746e-02
 -6.04595505e-02 -7.41409808e-02 -3.68450247e-02  5.13366163e-02
 -2.80729141e-02  3.37495003e-03  2.18345015e-03 -1.74520239e-02
 -1.25933974e-03 -2.45274194e-02 -9.32553143e-04  2.25397181e-02
  9.66444798e-03  4.79255095e-02 -3.75239067e-02 -1.39646111e-02
  1.53572746e-02 -2.90910974e-02  1.77677732e-03  7.22634271e-02
  6.52773157e-02  1.30634252e-02 -6.32882640e-02 -3.59040312e-03
  2.20586844e-02  7.55762961e-03  1.86259672e-02  6.55416548e-02
 -2.80018300e-02  1.12354420e-02  6.69832304e-02 -3.59364669e-03
 -1.70775037e-02 -3.17748301e-02 -3.25408690e-02  2.67666075e-02
  6.35387972e-02  5.25513338e-03 -4.33466770e-02  7.82744884e-02
  2.56916638e-02 -7.76323956e-03 -2.39720345e-02  2.65311431e-02
 -6.61114580e-04  2.65387278e-02  1.97540447e-02  5.16763292e-02
  9.80052724e-03 -6.03790209e-02  1.87425297e-02  2.01547123e-03
  6.64821267e-02  3.70631367e-02 -6.96644327e-03 -1.82463527e-02
  4.55608480e-02 -4.39466126e-02  6.99649937e-03 -7.49365166e-02
  3.21099497e-02  1.21485386e-02 -5.89797413e-03 -2.27654632e-03
  6.43612072e-02 -8.33867267e-02 -2.35849470e-02 -1.96735729e-02
  2.62657143e-02  6.64160913e-03  2.58097779e-02 -2.20966302e-02
  3.12325023e-02  8.96843076e-02  3.13645862e-02  3.42742354e-02
 -2.25094875e-04 -4.87544667e-03 -1.88519452e-02 -1.01194754e-01
 -2.17143968e-02 -8.48333165e-02 -7.91810900e-02 -7.51999840e-02
 -2.41666809e-02 -1.14397416e-02  2.97954073e-03 -1.20137269e-02
 -3.85888219e-02  6.83330223e-02  2.71684155e-02  3.65768187e-02
  1.52506214e-02  1.07304789e-01 -1.22526195e-02  9.10559818e-02
 -6.93678409e-02  4.57827970e-02 -2.48878654e-02 -3.14451680e-02
  4.80089262e-02 -7.02937245e-02 -5.93081601e-02  3.37436646e-02
 -1.74388625e-02  7.65687674e-02 -6.07639700e-02  5.82258329e-02
  2.37492193e-02  3.15005668e-02 -3.89959514e-02 -3.95419868e-03
 -3.41932885e-02  3.40764932e-02  5.06382994e-02  2.66033337e-02
  1.40030989e-02 -4.71431762e-02 -1.99651830e-02 -4.37355042e-02
 -2.11682804e-02 -2.89400946e-02  2.77992953e-02 -2.51940032e-03
  6.17316738e-03  2.24822871e-02  4.86972667e-02 -4.33667414e-02
  1.19690364e-02  1.49494624e-02 -3.70497294e-02 -4.03546505e-02
 -3.49688940e-02  5.67297228e-02 -5.12074493e-02 -4.67131734e-02
  8.29183832e-02  1.87582280e-02  1.12090949e-02  2.76007783e-02
  1.28863743e-02  6.05970994e-02 -1.07512139e-02  2.76722573e-02
  1.69595832e-03 -4.91474941e-02  3.43065662e-03 -9.37796198e-03
  5.23777716e-02 -3.45824398e-02  1.44923106e-02  3.87380943e-02
 -9.70442295e-02 -6.22421643e-03 -5.39325140e-02 -5.30495681e-02
  1.72940698e-02  3.51525769e-02  4.39434387e-02  6.55864999e-02
 -8.71273652e-02  4.68574129e-02 -1.25331860e-02  2.99483035e-02
  9.00014490e-02 -3.71776372e-02  4.30233628e-02 -8.45998302e-02
  1.90104302e-02  7.92159885e-03  5.40562123e-02  2.82044522e-02
  5.49053214e-03 -4.11112420e-02  7.78193027e-02 -5.11501506e-02
  5.30190766e-03  6.46242290e-04  2.38728849e-03 -1.93769149e-02
 -9.36343987e-03  1.31670041e-02  7.67482519e-02 -2.32053064e-02
  1.07548467e-03  5.24128489e-02  3.03067151e-03 -7.24799037e-02
 -2.27263123e-02 -5.67402458e-03  2.07225815e-03  5.38443215e-02
  1.61719117e-02 -3.55706178e-02  6.05557598e-02  4.22504880e-02
  1.26077747e-02  7.24725574e-02  5.96057530e-03  1.47323338e-02
 -3.30902375e-02 -4.17612828e-02  2.50617024e-02  2.56824661e-02
  2.92054024e-02 -2.97511946e-02 -8.01450089e-02  1.36969522e-01
 -9.81826782e-02  6.94612712e-02  7.53666237e-02  3.08826510e-02
 -7.94342160e-02  7.22626671e-02  6.71012700e-02  3.71542834e-02
 -5.98677294e-03  2.58290651e-03 -1.95923485e-02 -4.59110513e-02
  1.87176336e-02 -5.76463491e-02 -1.50648318e-02 -6.08927161e-02
  3.48557495e-02 -5.10739349e-03  9.52963755e-02  8.34783390e-02]"
Ulises,"[ 2.21148832e-03  6.43186718e-02  6.35689422e-02  7.67570063e-02
  8.54305457e-03  6.12393469e-02  1.98934115e-02 -3.10754105e-02
 -1.84766331e-03 -4.98432592e-02  4.23820578e-02  1.59553532e-02
  3.63624580e-02  9.18425918e-02 -1.03431642e-02 -1.49844540e-02
  3.37578207e-02  5.83041646e-02 -4.60793152e-02  1.79647375e-02
  1.71130896e-02 -1.15450293e-01  1.87811963e-02 -7.43270814e-02
  2.13644821e-02 -3.41348648e-02  3.00706849e-02  3.74617353e-02
  7.09734857e-02 -4.71632741e-02  4.51771915e-02 -3.70248519e-02
 -7.30414093e-02  3.96448653e-03 -1.03594223e-02  4.82514352e-02
  5.75264767e-02 -3.45832184e-02 -6.75456896e-02 -1.33739803e-02
  7.85205420e-03 -2.70111263e-02 -7.60865118e-03 -6.36568144e-02
 -6.70065591e-03 -7.24782422e-02  6.44808412e-02  5.46318963e-02
  5.66214845e-02 -6.11625984e-02  9.42752231e-03 -1.93443522e-02
  4.42366041e-02  6.14235038e-03  2.45287083e-02 -7.31121004e-02
 -7.25212842e-02  7.75775984e-02  7.42235873e-03  3.28841209e-02
  1.19192190e-02 -3.76004465e-02  1.23446854e-02  6.40617684e-02
 -1.33135216e-02 -2.60676984e-02  4.21707071e-02  4.93152551e-02
  3.52625176e-02 -3.31058614e-02 -4.79163751e-02  3.83866094e-02
 -3.64950160e-03 -2.27964465e-02  4.24607545e-02 -1.10706650e-01
  2.85194647e-02 -1.08011803e-02 -8.98366154e-04 -3.66581301e-03
 -3.88957821e-02 -4.38363217e-02  5.85575104e-02  1.86836086e-02
 -2.07265690e-02  5.15247323e-02  5.42639941e-02 -1.41526321e-02
  3.44650261e-02  8.67079422e-02  2.39899252e-02  6.79843053e-02
 -9.41404775e-02  3.92540032e-03  3.56978588e-02  5.62321022e-02
  8.66945162e-02  1.13910045e-02 -6.70909509e-03  4.81396494e-03
  1.98846944e-02 -3.95755768e-02 -2.17383523e-02 -2.76281014e-02
 -3.13757546e-02  1.38900960e-02  3.39307636e-02  1.01136956e-02
  9.87722538e-03  5.50953522e-02  7.08278343e-02  4.21221070e-02
  3.91242690e-02  3.45485173e-02 -2.73340959e-02 -1.64038893e-02
  1.57880839e-02 -8.80797878e-02 -7.59941572e-03  2.98718531e-02
  5.34522645e-02  6.84928223e-02 -3.75600089e-03 -2.91557498e-02
 -4.63933162e-02 -6.12684712e-02 -2.82128691e-03  2.15830319e-02
 -3.04933973e-02  1.18216323e-02  4.14883979e-02  8.91865641e-02
  1.37829734e-02  2.68116333e-02  2.81885471e-02  3.57997157e-02
 -1.78784528e-03 -3.97598324e-03 -7.61072803e-03  8.49886052e-03
  2.89743729e-02 -1.91350598e-02  2.88614351e-02  3.71241644e-02
 -1.24538159e-02  3.22810113e-02  8.82491935e-03  7.56702712e-03
  4.94670160e-02 -3.40132639e-02  5.59422001e-02  2.15617772e-02
 -8.27242434e-03  4.58867336e-03  1.21528162e-02  2.13235174e-03
  1.10503035e-02 -2.61868946e-02 -4.78190482e-02  3.24270651e-02
  2.20895130e-02  3.17585953e-02  7.51149803e-02  2.10435577e-02
 -2.30694339e-02  5.09213693e-02 -4.83225435e-02 -3.69585119e-02
 -5.70809878e-02  1.93792209e-02  1.86538789e-02  1.67359493e-03
  3.23849954e-02 -9.80798807e-03  1.71787180e-02 -5.48798367e-02
 -4.18796763e-02 -2.22512092e-02 -9.83770471e-03  3.38434279e-02
 -3.89168635e-02  4.86337319e-02 -5.49571738e-02 -4.35697064e-02
 -3.99825089e-02  1.83073245e-02 -1.34896357e-02 -2.38456856e-02
  1.62971262e-02  8.64547398e-03 -7.44951591e-02  4.15359959e-02
 -7.18185380e-02 -4.61145714e-02 -4.41711172e-02  3.62333581e-02
 -7.87965879e-02 -1.99895054e-02  2.68311147e-02 -3.57080661e-02
 -2.24748664e-02 -6.57141209e-02 -4.90897857e-02  5.28872907e-02
  3.74966972e-02 -7.55468383e-02 -6.17528856e-02  3.44993994e-02
 -3.32060829e-02 -4.16749008e-02 -1.01153068e-01 -5.32143041e-02
  9.33165997e-02 -9.35430732e-03 -1.32981492e-02  3.35388929e-02
  7.60290632e-03  1.05383694e-01  9.23602656e-03  2.87434794e-02
  1.20197248e-03 -4.53277230e-02 -3.15455198e-02 -6.41373172e-02
 -1.01028290e-02  1.37480140e-01 -2.47583864e-03  1.16467234e-02
 -3.06157675e-02 -7.27378130e-02  4.62241024e-02  2.81033367e-02
 -6.72719581e-03 -1.59144646e-03  3.16679962e-02 -4.78692586e-03
 -1.17357587e-02  1.78290543e-03  3.88376676e-02 -8.99271667e-03
 -7.14099184e-02 -2.89797434e-03  3.84634845e-02  1.14796497e-02
  6.56048879e-02 -3.08028720e-02  4.73030768e-02 -5.96942492e-02
 -1.62420236e-02 -7.68883014e-03 -2.92480960e-02 -8.83394927e-02
  3.22629511e-02  1.20899752e-02 -2.09183786e-02  3.84222985e-05
  7.18839141e-03 -7.68028293e-03  5.51011115e-02  4.57043527e-03
 -5.02998382e-03  5.21159321e-02  4.73606624e-02 -5.97421750e-02
  5.40863611e-02 -5.73010370e-02 -2.97306720e-02  1.46052232e-02
  6.29550591e-02  4.33298526e-03  2.87372191e-02  2.47813147e-02
  2.58719847e-02  7.29993219e-03  8.69698648e-04 -5.33630922e-02
 -2.46804263e-02 -1.12822256e-03  3.24540213e-02  1.43139958e-02
 -5.83965220e-02 -1.13012735e-02 -2.16211304e-02  8.50324333e-02
 -4.79603782e-02 -5.38296662e-02 -3.82206663e-02  5.40544279e-02
  1.35524524e-02 -1.17912199e-02  3.75628583e-02 -4.10930663e-02
 -3.66262905e-02 -1.02722021e-02 -1.72357708e-02  5.55999018e-02
 -1.08667426e-02  4.16906960e-02 -4.22218181e-02 -5.75217083e-02
  2.42166631e-02 -2.52168309e-02  1.03621222e-02  4.71956730e-02
  9.16497409e-02 -2.95783337e-02 -2.73837075e-02  1.79470889e-02
 -1.58067065e-04  1.90193672e-02  1.89021695e-02  3.71233672e-02
 -2.57683974e-02  3.95608582e-02  7.27263913e-02  1.49206091e-02
  2.95063965e-02 -4.33305129e-02 -6.75300956e-02  4.22404818e-02
  3.18541192e-02 -4.27000411e-03 -1.43957073e-02  7.44269192e-02
  3.12860720e-02 -3.06834653e-02 -2.24282453e-03  5.85249066e-02
  3.56677808e-02 -1.14270930e-04  9.70641058e-03  1.31637845e-02
  3.09137115e-03 -8.56385976e-02 -1.50464224e-02 -3.08612660e-02
  9.61834341e-02  4.04890664e-02 -5.10955835e-03  1.40461465e-02
  2.60600578e-02 -7.52499253e-02 -4.86931987e-02 -1.12358527e-02
  6.03610203e-02  3.84443626e-02 -2.56829616e-02  5.16814133e-03
  3.86799797e-02 -9.72684845e-02  3.18964496e-02 -5.55380844e-02
  8.18590224e-02  1.59149989e-02  5.11118062e-02  2.66587269e-03
  9.15656704e-03  1.22037239e-01  1.13320090e-02  6.13931790e-02
  5.08646248e-03 -3.67146288e-03 -6.07555099e-02 -6.08929507e-02
 -2.76503004e-02 -4.52439524e-02 -6.41352162e-02 -6.06249608e-02
  1.57554095e-04  2.05386002e-02  2.32423414e-02 -4.64992449e-02
  2.32235864e-02  6.82382509e-02  7.03469012e-03  1.89838242e-02
  3.65048833e-02  7.19790459e-02 -2.81486548e-02  6.11747503e-02
 -4.93255779e-02  4.61027175e-02 -1.71397924e-02 -2.48278584e-02
  4.28409576e-02 -2.97674332e-02 -9.63386223e-02  6.41779304e-02
 -4.18126909e-03  3.52874957e-02 -6.00381494e-02  5.93238249e-02
 -1.40263001e-02  8.42006952e-02 -7.38788992e-02  1.48034029e-04
 -3.29814665e-02  3.61790918e-02  4.55911048e-02  2.39917263e-02
 -1.89755913e-02  1.53610706e-02  1.86433196e-02 -2.43400410e-02
 -1.84268486e-02 -6.19910145e-03  3.31340469e-02  8.96159466e-03
  3.07937562e-02  6.83738366e-02  3.41408923e-02 -4.95599629e-03
 -2.37333588e-02  7.05089197e-02 -8.62947665e-03 -7.24948421e-02
 -3.92890833e-02  4.30684686e-02  1.98326353e-02 -6.83339387e-02
  4.26636524e-02  2.27411669e-02 -1.81411169e-02 -6.93493476e-03
  1.68029070e-02  8.24564323e-02 -4.98933718e-02  1.99976303e-02
 -9.49916244e-03 -2.14665011e-02 -1.25472189e-03  2.92291231e-02
  5.88529967e-02  1.51501661e-02 -6.16440177e-03  3.48420441e-02
 -1.06490754e-01 -5.28865727e-03 -1.30048497e-02 -5.33271991e-02
  7.60107413e-02  3.19049582e-02  4.76856753e-02  1.23948948e-02
 -6.07611984e-02  4.86400463e-02 -1.41128590e-02  1.80784874e-02
  7.46915266e-02  3.44033614e-02  1.61759257e-02 -8.71646181e-02
 -9.55714472e-03 -8.18916596e-03  6.82158023e-02  2.81883013e-02
  8.89724761e-04 -1.40312044e-02  7.31876194e-02 -5.46524487e-02
  1.28087718e-02  3.39735039e-02  6.85509201e-03 -4.02996875e-03
 -2.60298327e-02 -1.74387190e-02  7.57738277e-02  1.17838122e-02
 -8.02451093e-03  7.25649893e-02  1.52487331e-03 -8.91554728e-02
  2.47395001e-02  1.11097582e-02  6.41004741e-02  3.25484499e-02
  3.47723402e-02 -3.02008865e-03  6.10466348e-03  1.94505025e-02
  3.16011645e-02  7.47377500e-02 -1.72190331e-02 -1.68851893e-02
 -9.24201161e-02  2.79746242e-02  5.34780696e-02  2.20586844e-02
  3.44970338e-02  1.45281702e-02 -9.31411013e-02  7.85846785e-02
 -1.09684393e-01  7.35730603e-02  4.85992320e-02 -2.89894314e-03
 -8.24609995e-02  8.35065320e-02  3.40942517e-02  7.82602504e-02
 -1.78152276e-03 -5.62420115e-02  2.22524311e-02 -8.60532448e-02
 -1.36093916e-02 -3.20958383e-02  2.53215432e-02 -1.55610032e-02
  4.21384573e-02 -6.65342715e-03  6.39159679e-02  9.57097411e-02]"
Ulises,"[ 0.01552283  0.04871075  0.03239636  0.0314414   0.00728901  0.03941134
 -0.01343338  0.02199164  0.01988493  0.03317032 -0.01565213  0.03453172
 -0.03887344  0.04914939 -0.03927451  0.02260211  0.07000925  0.04563506
 -0.01996342 -0.00261694  0.01211549 -0.10050952  0.00407802 -0.0714743
  0.03697664 -0.02227225  0.00888061  0.04885257  0.05163309 -0.05881133
 -0.0076683  -0.0210506  -0.05745088  0.01904706  0.02928895  0.00374065
  0.00834127 -0.08550479 -0.08034325  0.00386554 -0.01913989 -0.01820075
 -0.04263246 -0.03439995  0.01146408 -0.05949974  0.03767784 -0.02529557
  0.07993502 -0.01504454  0.03957833 -0.05699086  0.06129139  0.00625518
 -0.0030096  -0.03116094 -0.12799466  0.08359865 -0.02557725  0.03488506
 -0.00078754 -0.05402513 -0.02784567  0.11574018 -0.05561097 -0.02219666
  0.02719932  0.08825674  0.05059689 -0.07548044 -0.05239338 -0.03482645
  0.00171837  0.01781178  0.02248524 -0.04831546  0.03753214  0.04673139
  0.06840906 -0.00109915 -0.02228329 -0.05350143  0.02206539 -0.01750309
 -0.02548199  0.08271529  0.00681164  0.02475865  0.05732948  0.10595902
 -0.01739134  0.04124421 -0.03352492 -0.00183828 -0.02360904  0.0951255
  0.06767739  0.03450656 -0.00052382  0.00015191  0.02057593 -0.00367857
  0.00321019 -0.04475512  0.03854758 -0.00643217  0.02489492 -0.04593511
  0.0248459  -0.0264721   0.05284809 -0.03134067  0.06819201  0.03924624
 -0.01612565  0.02007019  0.02373827 -0.06102084 -0.01223311  0.04534553
  0.07340397  0.0395307  -0.01886583  0.01240622  0.00555223 -0.07907537
  0.0190705   0.01423647 -0.03376907  0.01958845 -0.02957398  0.07162908
  0.0279884  -0.05495798  0.07068114  0.00193398  0.0249669  -0.05052314
  0.02115947  0.02575906  0.04261297 -0.02437962 -0.00901089  0.01198128
 -0.05662558 -0.00982461 -0.02630347  0.05848849  0.04950734 -0.00501152
  0.01189524  0.04480635  0.01747754  0.02258349  0.01839975  0.01454959
  0.01198601 -0.00306944 -0.03617526  0.00215497  0.03193574  0.03959249
  0.0349655  -0.00035988  0.03113077  0.0250597  -0.00269264 -0.00168592
 -0.00798062  0.08746054 -0.03109169 -0.01507342 -0.02151092 -0.00311979
 -0.00991732 -0.05448239 -0.07801769  0.02131915 -0.03493427 -0.00880816
 -0.03708605  0.07159524 -0.03598618  0.02314014 -0.01757404 -0.0294657
 -0.0447027  -0.07171797  0.01214537  0.0723703  -0.02789095  0.10340627
 -0.04337362 -0.02878331 -0.02061715  0.04595843 -0.05279823 -0.01075439
  0.07514901 -0.0863352   0.02971524 -0.05852763  0.00267006  0.04089234
  0.03113009 -0.09096407 -0.02461438  0.06589525 -0.02905851 -0.00619858
 -0.1118751  -0.05376773  0.08808949 -0.02989594  0.01217931  0.00705049
 -0.02386787  0.10731109 -0.05778767  0.05993632  0.0282573   0.05496036
  0.06246711 -0.02355294 -0.00769899  0.09245171 -0.00981215 -0.00674758
 -0.00224993 -0.00173964  0.05443252 -0.02427377 -0.02879612 -0.01831684
  0.04880068  0.02869154  0.00456165 -0.07155186  0.02706299  0.04534853
 -0.08575552  0.03223743  0.03241987  0.04999711  0.04239596 -0.00895594
  0.02691968 -0.07398931  0.04706858 -0.02051898 -0.03014391  0.00117919
  0.10488065 -0.00082394 -0.08533715 -0.0321249  -0.01128396  0.01594245
 -0.01813179  0.00475756  0.02354142  0.07945918  0.01864486 -0.00878504
  0.04804633 -0.05261477 -0.0257726  -0.00708902  0.00129049 -0.00263071
 -0.04110093  0.00976331  0.01552793  0.00846852 -0.00589019 -0.04460488
 -0.06190298 -0.03435763 -0.01812494  0.02196689 -0.08821324  0.0522427
 -0.03595228  0.09993453 -0.01499495 -0.0190438   0.00405644  0.08608878
 -0.01345719 -0.01420881  0.00495203  0.01149282  0.00508147 -0.02627384
  0.01711147  0.06767751  0.02332867  0.05817372 -0.01668739 -0.01259077
 -0.0027542   0.00799257 -0.04009894  0.08746669  0.03177426 -0.02194696
 -0.00218247 -0.017156    0.01796289 -0.02636073 -0.05891474  0.02770634
 -0.05338708 -0.03640755  0.11980216 -0.01928139  0.05842475 -0.00372095
  0.0183154  -0.05716633  0.0379564  -0.01173434 -0.02456078  0.01149476
 -0.02078694 -0.00767192 -0.03610856  0.04027031 -0.02799993  0.03813136
 -0.02106462  0.09373157 -0.03720741 -0.04658576  0.0232862   0.04745311
  0.05711928  0.0620986  -0.03205173 -0.0139475   0.02738248 -0.01527704
  0.00480636 -0.02221029  0.01891489  0.03559592  0.01111264  0.01317876
  0.0133067  -0.05659929  0.03506438 -0.0325079   0.03003481  0.01154979
  0.03582748 -0.02705787  0.05940424  0.07272937 -0.02992762 -0.00215156
 -0.00274708 -0.01816884 -0.02735309 -0.02587386  0.00270919 -0.04181076
  0.0023744  -0.027472    0.02851179  0.03483346 -0.03047871  0.03619758
  0.03852296  0.08903605 -0.03114044  0.03308031  0.0105119   0.08774637
 -0.02399151  0.03847422 -0.06158861  0.09274308  0.01305248  0.00448078
  0.08292466 -0.04528784 -0.08372499  0.06467127 -0.06032239  0.01880934
 -0.08079033  0.07364088 -0.00113844  0.06120709 -0.0647734  -0.03021889
 -0.03971822  0.00540138  0.05013181  0.01190156 -0.00721737 -0.06733269
 -0.00047611 -0.01733093 -0.02386424 -0.02279229  0.06838944  0.02473083
  0.08073951  0.01782758  0.06481019 -0.00986881 -0.04069584  0.000902
 -0.06392042 -0.0042787  -0.0234946  -0.02822203 -0.0110988  -0.03368384
  0.12302116  0.07117401  0.06420836  0.03173741  0.02345486  0.06582744
 -0.04406992 -0.03126292 -0.03028317 -0.0776756  -0.01566125 -0.01613734
  0.0691521  -0.02002475  0.04060113  0.0132576  -0.03804074 -0.03081913
 -0.03633539 -0.02425799  0.01392162  0.02544352  0.04690577  0.02940368
 -0.04687914  0.02903666 -0.00381576  0.02815151  0.0942281  -0.03650291
  0.05297431 -0.06511936  0.03608995  0.00408862  0.04465507  0.01801512
 -0.03256783  0.02816614  0.05654288 -0.05160202  0.06062807  0.05073857
  0.03207757 -0.0045798  -0.01493674 -0.00627501  0.0577711  -0.0448438
  0.00487488  0.0156378  -0.04060116 -0.08309946 -0.02028875  0.03925279
  0.06382807  0.08690322  0.00588635 -0.04457825  0.04566723  0.00081298
  0.05173289  0.08224933 -0.04220148  0.01063394 -0.02767023 -0.03645515
  0.02083977  0.00132846  0.03228683 -0.02640809 -0.0576075   0.07146803
 -0.07066325  0.05974592  0.06671356  0.00248297 -0.05189282  0.05318074
  0.01296839  0.0329134  -0.00047626  0.00528315 -0.00156826 -0.06739377
  0.03595374 -0.05453295 -0.0552958  -0.01281797  0.02294306 -0.08407292
  0.0025636   0.10558996]"
